  SYNC    include/config/auto.conf
  WRAP    arch/x86/include/generated/uapi/asm/bpf_perf_event.h
  WRAP    arch/x86/include/generated/uapi/asm/errno.h
  WRAP    arch/x86/include/generated/uapi/asm/ioctl.h
  WRAP    arch/x86/include/generated/uapi/asm/fcntl.h
  WRAP    arch/x86/include/generated/uapi/asm/ioctls.h
  WRAP    arch/x86/include/generated/uapi/asm/ipcbuf.h
  WRAP    arch/x86/include/generated/uapi/asm/param.h
  UPD     include/config/kernel.release
  WRAP    arch/x86/include/generated/uapi/asm/poll.h
  UPD     arch/x86/include/generated/asm/cpufeaturemasks.h
  UPD     include/generated/uapi/linux/version.h
  WRAP    arch/x86/include/generated/uapi/asm/resource.h
  SYSHDR  arch/x86/include/generated/uapi/asm/unistd_32.h
  WRAP    arch/x86/include/generated/uapi/asm/socket.h
  WRAP    arch/x86/include/generated/uapi/asm/sockios.h
  WRAP    arch/x86/include/generated/uapi/asm/termbits.h
  WRAP    arch/x86/include/generated/uapi/asm/termios.h
  WRAP    arch/x86/include/generated/uapi/asm/types.h
  SYSHDR  arch/x86/include/generated/uapi/asm/unistd_64.h
  SYSHDR  arch/x86/include/generated/uapi/asm/unistd_x32.h
  SYSTBL  arch/x86/include/generated/asm/syscalls_32.h
  SYSHDR  arch/x86/include/generated/asm/unistd_32_ia32.h
  SYSHDR  arch/x86/include/generated/asm/unistd_64_x32.h
  WRAP    arch/x86/include/generated/asm/early_ioremap.h
  WRAP    arch/x86/include/generated/asm/fprobe.h
  WRAP    arch/x86/include/generated/asm/mcs_spinlock.h
  UPD     include/generated/utsrelease.h
  WRAP    arch/x86/include/generated/asm/mmzone.h
  HOSTCC  arch/x86/tools/relocs_32.o
  WRAP    arch/x86/include/generated/asm/ring_buffer.h
  UPD     include/generated/compile.h
  WRAP    arch/x86/include/generated/asm/device.h
  DESCEND bpf/resolve_btfids
  HOSTCC  arch/x86/tools/relocs_64.o
  WRAP    arch/x86/include/generated/asm/irq_regs.h
  HOSTCC  arch/x86/tools/relocs_common.o
  WRAP    arch/x86/include/generated/asm/kmap_size.h
  DESCEND objtool
  WRAP    arch/x86/include/generated/asm/local64.h
  HOSTCC  arch/x86/tools/vdso2c
  SYSTBL  arch/x86/include/generated/asm/syscalls_64.h
  WRAP    arch/x86/include/generated/asm/mmiowb.h
  WRAP    arch/x86/include/generated/asm/module.lds.h
  SYSTBL  arch/x86/include/generated/asm/syscalls_x32.h
  WRAP    arch/x86/include/generated/asm/rwonce.h
  HYPERCALLS arch/x86/include/generated/asm/xen-hypercalls.h
  HOSTCC  scripts/kallsyms
  HOSTCC  scripts/sorttable.o
  HOSTCC  scripts/genksyms/genksyms.o
  HOSTCC  scripts/elf-parse.o
  HOSTCC  scripts/selinux/mdp/mdp
  MKDIR     /home/hzh26/build2/linux-7.2.8/tools/bpf/resolve_btfids/libbpf/
  MKDIR     /home/hzh26/build2/linux-7.2.8/tools/bpf/resolve_btfids//libsubcmd
  HOSTCC  scripts/asn1_compiler
  HOSTCC  scripts/tracepoint-update.o
  YACC    scripts/genksyms/parse.tab.[ch]
  LEX     scripts/genksyms/lex.lex.c
  HOSTLD  arch/x86/tools/relocs
  HOSTLD  scripts/sorttable
  HOSTLD  scripts/tracepoint-update
  GEN     /home/hzh26/build2/linux-7.2.8/tools/bpf/resolve_btfids/libbpf/bpf_helper_defs.h
  INSTALL /home/hzh26/build2/linux-7.2.8/tools/bpf/resolve_btfids/libbpf//include/bpf/bpf.h
  HOSTCC  scripts/genksyms/parse.tab.o
  INSTALL /home/hzh26/build2/linux-7.2.8/tools/bpf/resolve_btfids/libbpf//include/bpf/libbpf.h
  INSTALL /home/hzh26/build2/linux-7.2.8/tools/bpf/resolve_btfids/libbpf//include/bpf/btf.h
  INSTALL /home/hzh26/build2/linux-7.2.8/tools/bpf/resolve_btfids/libbpf//include/bpf/libbpf_common.h
  INSTALL /home/hzh26/build2/linux-7.2.8/tools/bpf/resolve_btfids/libbpf//include/bpf/libbpf_legacy.h
  INSTALL /home/hzh26/build2/linux-7.2.8/tools/bpf/resolve_btfids/libbpf//include/bpf/bpf_helpers.h
  INSTALL /home/hzh26/build2/linux-7.2.8/tools/bpf/resolve_btfids/libbpf//include/bpf/bpf_tracing.h
  HOSTCC  scripts/genksyms/lex.lex.o
  INSTALL /home/hzh26/build2/linux-7.2.8/tools/bpf/resolve_btfids/libbpf//include/bpf/bpf_endian.h
  INSTALL /home/hzh26/build2/linux-7.2.8/tools/bpf/resolve_btfids/libbpf//include/bpf/bpf_core_read.h
  INSTALL /home/hzh26/build2/linux-7.2.8/tools/bpf/resolve_btfids/libbpf//include/bpf/skel_internal.h
  INSTALL /home/hzh26/build2/linux-7.2.8/tools/bpf/resolve_btfids/libbpf//include/bpf/libbpf_version.h
  INSTALL /home/hzh26/build2/linux-7.2.8/tools/bpf/resolve_btfids/libbpf//include/bpf/usdt.bpf.h
  INSTALL /home/hzh26/build2/linux-7.2.8/tools/bpf/resolve_btfids/libbpf//include/bpf/bpf_helper_defs.h
  INSTALL libbpf_headers
  INSTALL /home/hzh26/build2/linux-7.2.8/tools/bpf/resolve_btfids/libsubcmd//include/subcmd/exec-cmd.h
  INSTALL /home/hzh26/build2/linux-7.2.8/tools/bpf/resolve_btfids/libsubcmd//include/subcmd/help.h
  INSTALL /home/hzh26/build2/linux-7.2.8/tools/bpf/resolve_btfids/libsubcmd//include/subcmd/pager.h
  INSTALL /home/hzh26/build2/linux-7.2.8/tools/bpf/resolve_btfids/libsubcmd//include/subcmd/parse-options.h
  INSTALL /home/hzh26/build2/linux-7.2.8/tools/bpf/resolve_btfids/libsubcmd//include/subcmd/run-command.h
  INSTALL libsubcmd_headers
  HOSTLD  scripts/genksyms/genksyms
  CC      /home/hzh26/build2/linux-7.2.8/tools/bpf/resolve_btfids/libbpf/staticobjs/libbpf.o
  CC      /home/hzh26/build2/linux-7.2.8/tools/bpf/resolve_btfids/libbpf/staticobjs/bpf.o
  CC      /home/hzh26/build2/linux-7.2.8/tools/bpf/resolve_btfids/libbpf/staticobjs/nlattr.o
  CC      /home/hzh26/build2/linux-7.2.8/tools/bpf/resolve_btfids/libbpf/staticobjs/btf.o
  CC      /home/hzh26/build2/linux-7.2.8/tools/bpf/resolve_btfids/libbpf/staticobjs/libbpf_utils.o
  CC      /home/hzh26/build2/linux-7.2.8/tools/bpf/resolve_btfids/libbpf/staticobjs/bpf_prog_linfo.o
  CC      /home/hzh26/build2/linux-7.2.8/tools/bpf/resolve_btfids/libbpf/staticobjs/netlink.o
  CC      /home/hzh26/build2/linux-7.2.8/tools/bpf/resolve_btfids/libbpf/staticobjs/libbpf_probes.o
  CC      /home/hzh26/build2/linux-7.2.8/tools/bpf/resolve_btfids/libbpf/staticobjs/hashmap.o
  CC      /home/hzh26/build2/linux-7.2.8/tools/bpf/resolve_btfids/libsubcmd/exec-cmd.o
  CC      /home/hzh26/build2/linux-7.2.8/tools/bpf/resolve_btfids/libsubcmd/help.o
  CC      /home/hzh26/build2/linux-7.2.8/tools/bpf/resolve_btfids/libbpf/staticobjs/btf_dump.o
  CC      scripts/mod/empty.o
  HOSTCC  scripts/mod/mk_elfconfig
  CC      /home/hzh26/build2/linux-7.2.8/tools/bpf/resolve_btfids/libbpf/staticobjs/ringbuf.o
  CC      /home/hzh26/build2/linux-7.2.8/tools/bpf/resolve_btfids/libbpf/staticobjs/strset.o
  CC      /home/hzh26/build2/linux-7.2.8/tools/bpf/resolve_btfids/libbpf/staticobjs/linker.o
  CC      /home/hzh26/build2/linux-7.2.8/tools/bpf/resolve_btfids/libbpf/staticobjs/gen_loader.o
  CC      /home/hzh26/build2/linux-7.2.8/tools/bpf/resolve_btfids/libsubcmd/pager.o
  CC      /home/hzh26/build2/linux-7.2.8/tools/bpf/resolve_btfids/libsubcmd/parse-options.o
  CC      /home/hzh26/build2/linux-7.2.8/tools/objtool/libsubcmd/exec-cmd.o
  CC      scripts/mod/devicetable-offsets.s
  CC      /home/hzh26/build2/linux-7.2.8/tools/bpf/resolve_btfids/libsubcmd/run-command.o
  CC      /home/hzh26/build2/linux-7.2.8/tools/bpf/resolve_btfids/libbpf/staticobjs/relo_core.o
  CC      /home/hzh26/build2/linux-7.2.8/tools/objtool/libsubcmd/help.o
  UPD     scripts/mod/devicetable-offsets.h
  CC      /home/hzh26/build2/linux-7.2.8/tools/bpf/resolve_btfids/libbpf/staticobjs/usdt.o
  CC      /home/hzh26/build2/linux-7.2.8/tools/bpf/resolve_btfids/libbpf/staticobjs/zip.o
  CC      /home/hzh26/build2/linux-7.2.8/tools/objtool/libsubcmd/pager.o
  MKELF   scripts/mod/elfconfig.h
  HOSTCC  scripts/mod/modpost.o
  CC      /home/hzh26/build2/linux-7.2.8/tools/objtool/libsubcmd/parse-options.o
  CC      /home/hzh26/build2/linux-7.2.8/tools/bpf/resolve_btfids/libbpf/staticobjs/elf.o
  CC      /home/hzh26/build2/linux-7.2.8/tools/bpf/resolve_btfids/libsubcmd/sigchain.o
  CC      /home/hzh26/build2/linux-7.2.8/tools/objtool/libsubcmd/run-command.o
  CC      /home/hzh26/build2/linux-7.2.8/tools/bpf/resolve_btfids/libsubcmd/subcmd-config.o
  CC      /home/hzh26/build2/linux-7.2.8/tools/objtool/libsubcmd/sigchain.o
  LD      /home/hzh26/build2/linux-7.2.8/tools/bpf/resolve_btfids/libsubcmd/libsubcmd-in.o
  AR      /home/hzh26/build2/linux-7.2.8/tools/bpf/resolve_btfids/libsubcmd/libsubcmd.a
  CC      /home/hzh26/build2/linux-7.2.8/tools/objtool/libsubcmd/subcmd-config.o
  CC      /home/hzh26/build2/linux-7.2.8/tools/bpf/resolve_btfids/libbpf/staticobjs/features.o
  CC      /home/hzh26/build2/linux-7.2.8/tools/bpf/resolve_btfids/libbpf/staticobjs/btf_iter.o
  CC      /home/hzh26/build2/linux-7.2.8/tools/bpf/resolve_btfids/libbpf/staticobjs/btf_relocate.o
  HOSTCC  scripts/mod/file2alias.o
  HOSTCC  scripts/mod/sumversion.o
  HOSTCC  scripts/mod/symsearch.o
  LD      /home/hzh26/build2/linux-7.2.8/tools/objtool/libsubcmd/libsubcmd-in.o
  AR      /home/hzh26/build2/linux-7.2.8/tools/objtool/libsubcmd/libsubcmd.a
  MKDIR   /home/hzh26/build2/linux-7.2.8/tools/objtool/arch/x86/lib/
  CC      /home/hzh26/build2/linux-7.2.8/tools/objtool/weak.o
  MKDIR   /home/hzh26/build2/linux-7.2.8/tools/objtool/arch/x86/lib/
  CC      /home/hzh26/build2/linux-7.2.8/tools/objtool/arch/x86/orc.o
  CC      /home/hzh26/build2/linux-7.2.8/tools/objtool/check.o
  CC      /home/hzh26/build2/linux-7.2.8/tools/objtool/special.o
  CC      /home/hzh26/build2/linux-7.2.8/tools/objtool/builtin-check.o
  GEN     /home/hzh26/build2/linux-7.2.8/tools/objtool/arch/x86/lib/cpu-feature-names.c
  GEN     /home/hzh26/build2/linux-7.2.8/tools/objtool/arch/x86/lib/inat-tables.c
  CC      /home/hzh26/build2/linux-7.2.8/tools/objtool/elf.o
  CC      /home/hzh26/build2/linux-7.2.8/tools/objtool/klp-symid.o
  CC      /home/hzh26/build2/linux-7.2.8/tools/objtool/objtool.o
  CC      /home/hzh26/build2/linux-7.2.8/tools/objtool/orc_gen.o
  CC      /home/hzh26/build2/linux-7.2.8/tools/objtool/arch/x86/special.o
  CC      /home/hzh26/build2/linux-7.2.8/tools/objtool/orc_dump.o
  CC      /home/hzh26/build2/linux-7.2.8/tools/objtool/libstring.o
  CC      /home/hzh26/build2/linux-7.2.8/tools/objtool/arch/x86/decode.o
  CC      /home/hzh26/build2/linux-7.2.8/tools/objtool/libctype.o
  CC      /home/hzh26/build2/linux-7.2.8/tools/objtool/str_error_r.o
  CC      /home/hzh26/build2/linux-7.2.8/tools/objtool/librbtree.o
  CC      /home/hzh26/build2/linux-7.2.8/tools/objtool/signal.o
  HOSTLD  scripts/mod/modpost
  LD      /home/hzh26/build2/linux-7.2.8/tools/objtool/arch/x86/objtool-in.o
  CC      kernel/bounds.s
  CHKSHA1 include/linux/atomic/atomic-arch-fallback.h
  CHKSHA1 include/linux/atomic/atomic-instrumented.h
  CHKSHA1 include/linux/atomic/atomic-long.h
  UPD     include/generated/timeconst.h
  UPD     include/generated/bounds.h
  CC      arch/x86/kernel/asm-offsets.s
  UPD     include/generated/asm-offsets.h
  CC      kernel/sched/rq-offsets.s
  UPD     include/generated/rq-offsets.h
  CALL    scripts/checksyscalls.sh 
  LD      /home/hzh26/build2/linux-7.2.8/tools/objtool/objtool-in.o
  LINK    /home/hzh26/build2/linux-7.2.8/tools/objtool/objtool
  LD      /home/hzh26/build2/linux-7.2.8/tools/bpf/resolve_btfids/libbpf/staticobjs/libbpf-in.o
  LINK    /home/hzh26/build2/linux-7.2.8/tools/bpf/resolve_btfids/libbpf/libbpf.a
  HOSTCC  /home/hzh26/build2/linux-7.2.8/tools/bpf/resolve_btfids/main.o
  HOSTCC  /home/hzh26/build2/linux-7.2.8/tools/bpf/resolve_btfids/rbtree.o
  HOSTCC  /home/hzh26/build2/linux-7.2.8/tools/bpf/resolve_btfids/zalloc.o
  HOSTCC  /home/hzh26/build2/linux-7.2.8/tools/bpf/resolve_btfids/string.o
  HOSTCC  /home/hzh26/build2/linux-7.2.8/tools/bpf/resolve_btfids/ctype.o
  HOSTCC  /home/hzh26/build2/linux-7.2.8/tools/bpf/resolve_btfids/str_error_r.o
  HOSTLD  /home/hzh26/build2/linux-7.2.8/tools/bpf/resolve_btfids/resolve_btfids-in.o
  LINK     resolve_btfids
  LDS     scripts/module.lds
  CC      init/main.o
  HOSTCC  usr/gen_init_cpio
  CC      certs/system_keyring.o
  CC      ipc/compat.o
  UPD     init/utsversion-tmp.h
  CC      mm/filemap.o
  CC      fs/open.o
  CC      block/bdev.o
  CC      block/fops.o
  AS      arch/x86/boot/startup/la57toggle.o
  CC      security/keys/gc.o
  CC      kernel/fork.o
  CC      arch/x86/boot/startup/gdt_idt.o
  CC      crypto/api.o
  CC      arch/x86/boot/startup/map_kernel.o
  HOSTCC  certs/extract-cert
  CC      arch/x86/boot/startup/sme.o
  CC      ipc/util.o
  CC      security/keys/key.o
  GEN     usr/initramfs_data.cpio
  COPY    usr/initramfs_inc_data
  AS      usr/initramfs_data.o
  AR      usr/built-in.a
  CC      crypto/cipher.o
  CC      crypto/algapi.o
  CC      arch/x86/coco/core.o
  CC      certs/blacklist.o
  CC      arch/x86/coco/sev/core.o
  CC      arch/x86/boot/startup/sev-startup.o
  CC      block/bio.o
  CC      ipc/msgutil.o
  GEN     certs/blacklist_hash_list
  CC      io_uring/io_uring.o
  CC      init/do_mounts.o
  CERT    certs/x509_certificate_list
  CERT    certs/signing_key.x509
  CC      certs/blacklist_hashes.o
  CC      fs/read_write.o
  AS      certs/system_certificates.o
  AR      certs/built-in.a
  CC      init/do_mounts_rd.o
  AR      arch/x86/boot/startup/lib.a
  OBJCOPY arch/x86/boot/startup/gdt_idt.pi.o
  OBJCOPY arch/x86/boot/startup/map_kernel.pi.o
  OBJCOPY arch/x86/boot/startup/sme.pi.o
  CC      security/keys/keyring.o
  OBJCOPY arch/x86/boot/startup/sev-startup.pi.o
  AR      arch/x86/boot/startup/built-in.a
  CC      init/do_mounts_initrd.o
  CC      crypto/scatterwalk.o
  CC      ipc/msg.o
  CC      crypto/proc.o
  CC      security/commoncap.o
  CC      init/initramfs.o
  CC      kernel/exec_domain.o
  CC      kernel/exec_state.o
  CC      block/elevator.o
  CC      arch/x86/coco/sev/noinstr.o
  CC      crypto/aead.o
  CC      arch/x86/coco/sev/vc-handle.o
  CC      mm/mempool.o
  CC      security/keys/keyctl.o
  CC      ipc/sem.o
  CC      init/calibrate.o
  CC      fs/file_table.o
  CC      kernel/panic.o
  CC      kernel/cpu.o
  CC      kernel/exit.o
  CC      init/init_task.o
  CC      block/blk-core.o
  CC      mm/oom_kill.o
  CC      crypto/geniv.o
  CC      init/version.o
  CC      io_uring/opdef.o
  CC      crypto/lskcipher.o
  CC      security/keys/permission.o
  CC      fs/super.o
  CC      arch/x86/coco/sev/svsm.o
  CC      ipc/shm.o
  AR      init/built-in.a
  CC      security/keys/process_keys.o
  AR      arch/x86/coco/sev/built-in.a
  AR      arch/x86/coco/built-in.a
  AS      arch/x86/entry/entry.o
  CC      io_uring/kbuf.o
  AS      arch/x86/entry/entry_64.o
  CC      arch/x86/entry/syscall_64.o
  CC      arch/x86/entry/common.o
  CC      mm/fadvise.o
  CC      crypto/skcipher.o
  CC      io_uring/rsrc.o
  CC      kernel/softirq.o
  CC      fs/char_dev.o
  CC      ipc/syscall.o
  CC      ipc/ipc_sysctl.o
  CC      ipc/mqueue.o
  CC      block/blk-sysfs.o
  CC      security/keys/request_key.o
  CC      mm/maccess.o
  CC      crypto/bpf_crypto_skcipher.o
  CC      lib/argv_split.o
  AS      arch/x86/lib/bhi.o
  CC      arch/x86/entry/vdso/vma.o
  AS      arch/x86/lib/clear_page_64.o
  CC      fs/stat.o
  CC      arch/x86/lib/cmdline.o
  AS      arch/x86/lib/cmpxchg16b_emu.o
  CC      arch/x86/events/core.o
  CC      arch/x86/lib/copy_mc.o
  CC      lib/bug.o
  CC      crypto/seqiv.o
  CC      kernel/resource.o
  CC      mm/page-writeback.o
  CC      security/keys/request_key_auth.o
  CC      arch/x86/entry/vdso/extable.o
  CC      block/blk-flush.o
  AS      arch/x86/lib/copy_mc_64.o
  AS      arch/x86/lib/copy_page_64.o
  CC      io_uring/notif.o
  CC      lib/buildid.o
  CC      crypto/ahash.o
  AS      arch/x86/lib/copy_user_64.o
  AS      arch/x86/lib/copy_user_uncached_64.o
  CC      ipc/namespace.o
  CC      security/keys/user_defined.o
  CC      arch/x86/lib/cpu.o
  CC      lib/clz_tab.o
  CC      lib/cmdline.o
  CC      fs/exec.o
  CC      lib/cpumask.o
  CC      arch/x86/entry/vdso/vdso32-setup.o
  CC      ipc/mq_sysctl.o
  CC      io_uring/tctx.o
  CC      block/blk-settings.o
  CC      kernel/sysctl.o
  AS      arch/x86/lib/csum-copy_64.o
  AR      ipc/built-in.a
  CC      arch/x86/lib/csum-partial_64.o
  LDS     arch/x86/entry/vdso/vdso64/vdso64.lds
  LDS     arch/x86/entry/vdso/vdso32/vdso32.lds
  AS      arch/x86/entry/vdso/vdso64/note.o
  AS      arch/x86/entry/vdso/vdso32/note.o
  CC      arch/x86/entry/vdso/vdso64/vclock_gettime.o
  CC      arch/x86/entry/vdso/vdso32/vclock_gettime.o
  CC      security/keys/compat.o
  CC      arch/x86/lib/csum-wrappers_64.o
  CC      lib/ctype.o
  CC      crypto/shash.o
  CC      lib/dec_and_lock.o
  CC      arch/x86/events/probe.o
  CC      arch/x86/entry/vdso/vdso64/vgetcpu.o
  CC      io_uring/filetable.o
  CC      arch/x86/entry/vdso/vdso64/vgetrandom.o
  CC      arch/x86/lib/delay.o
  AS      arch/x86/entry/vdso/vdso64/vgetrandom-chacha.o
  CC      lib/decompress.o
  AS      arch/x86/entry/vdso/vdso64/vsgx.o
  CC      arch/x86/entry/vdso/vdso64/vfutex.o
  CC      lib/decompress_bunzip2.o
  LDS     arch/x86/entry/vdso/vdso64/vdsox32.lds
  X32     arch/x86/entry/vdso/vdso64/note-x32.o
  CC      arch/x86/entry/vdso/vdso32/vgetcpu.o
  X32     arch/x86/entry/vdso/vdso64/vclock_gettime-x32.o
  X32     arch/x86/entry/vdso/vdso64/vgetcpu-x32.o
  X32     arch/x86/entry/vdso/vdso64/vgetrandom-x32.o
  X32     arch/x86/entry/vdso/vdso64/vgetrandom-chacha-x32.o
  X32     arch/x86/entry/vdso/vdso64/vsgx-x32.o
  X32     arch/x86/entry/vdso/vdso64/vfutex-x32.o
  VDSO    arch/x86/entry/vdso/vdso64/vdso64.so.dbg
  CC      mm/folio-compat.o
  VDSO    arch/x86/entry/vdso/vdso64/vdsox32.so.dbg
  OBJCOPY arch/x86/entry/vdso/vdso64/vdso64.so
  OBJCOPY arch/x86/entry/vdso/vdso64/vdsox32.so
  VDSO2C  arch/x86/entry/vdso/vdso64/vdso64-image.c
  VDSO2C  arch/x86/entry/vdso/vdso64/vdsox32-image.c
  CC      arch/x86/entry/vdso/vdso64/vdso64-image.o
  AS      arch/x86/entry/vdso/vdso32/system_call.o
  CC      security/keys/proc.o
  AS      arch/x86/entry/vdso/vdso32/sigreturn.o
  CC      arch/x86/entry/vdso/vdso32/vfutex.o
  AS      arch/x86/lib/getuser.o
  VDSO    arch/x86/entry/vdso/vdso32/vdso32.so.dbg
  OBJCOPY arch/x86/entry/vdso/vdso32/vdso32.so
  VDSO2C  arch/x86/entry/vdso/vdso32/vdso32-image.c
  CC      block/blk-ioc.o
  CC      arch/x86/entry/vdso/vdso32/vdso32-image.o
  CC      arch/x86/events/utils.o
  CC      kernel/capability.o
  CC      arch/x86/entry/vdso/vdso64/vdsox32-image.o
  GEN     arch/x86/lib/inat-tables.c
  CC      arch/x86/lib/insn-eval.o
  CC      io_uring/rw.o
  AR      arch/x86/entry/vdso/vdso32/built-in.a
  CC      arch/x86/lib/insn.o
  AR      arch/x86/entry/vdso/vdso64/built-in.a
  AR      arch/x86/entry/vdso/built-in.a
  CC      arch/x86/entry/vsyscall/vsyscall_64.o
  CC      lib/decompress_inflate.o
  CC      security/lsm_syscalls.o
  CC      security/keys/sysctl.o
  CC      mm/readahead.o
  CC      crypto/akcipher.o
  CC      lib/decompress_unlz4.o
  CC      arch/x86/events/rapl.o
  CC      fs/pipe.o
  CC      arch/x86/lib/kaslr.o
  CC      kernel/ptrace.o
  CC      block/blk-map.o
  CC      security/keys/keyctl_pkey.o
  AS      arch/x86/lib/memcpy_64.o
  CC      lib/decompress_unlzma.o
  CC      lib/decompress_unlzo.o
  AS      arch/x86/entry/vsyscall/vsyscall_emu_64.o
  AS      arch/x86/lib/memmove_64.o
  AR      arch/x86/entry/vsyscall/built-in.a
  AS      arch/x86/entry/thunk.o
  CC      io_uring/poll.o
  AS      arch/x86/lib/memset_64.o
  AS      arch/x86/entry/entry_64_fred.o
  CC      arch/x86/entry/entry_fred.o
  CC [M]  security/keys/trusted-keys/trusted_core.o
  CC      arch/x86/events/amd/core.o
  CC      arch/x86/lib/misc.o
  CC      arch/x86/lib/pc-conf-reg.o
  CC      block/blk-merge.o
  CC      lib/decompress_unxz.o
  AS      arch/x86/lib/putuser.o
  CC      crypto/sig.o
  CC      lib/decompress_unzstd.o
  AS      arch/x86/lib/retpoline.o
  CC      arch/x86/lib/usercopy.o
  CC      mm/swap.o
  AS      arch/x86/entry/entry_64_compat.o
  CC      arch/x86/entry/syscall_32.o
  CC      fs/namei.o
  CC      kernel/user.o
  CC [M]  security/keys/encrypted-keys/encrypted.o
  CC      lib/dump_stack.o
  CC      arch/x86/lib/usercopy_64.o
  CC      io_uring/tw.o
  CC [M]  security/keys/trusted-keys/trusted_tpm1.o
  ASN.1   crypto/rsapubkey.asn1.[ch]
  ASN.1   crypto/rsaprivkey.asn1.[ch]
  CC      crypto/rsa.o
  CC      kernel/signal.o
  CC      lib/earlycpio.o
  CC      arch/x86/events/amd/lbr.o
  CC      lib/extable.o
  CC      arch/x86/lib/msr-smp.o
  CC      io_uring/wait.o
  CC      block/blk-timeout.o
  CC [M]  security/keys/encrypted-keys/ecryptfs_format.o
  AR      arch/x86/entry/built-in.a
  AR      drivers/cache/built-in.a
  CC      drivers/irqchip/irq-msi-lib.o
  CC      crypto/rsa_helper.o
  ASN.1   security/keys/trusted-keys/tpm2key.asn1.[ch]
  CC [M]  security/keys/trusted-keys/trusted_tpm2.o
  CC [M]  security/keys/encrypted-keys/masterkey_trusted.o
  CC      arch/x86/lib/cache-smp.o
  CC      lib/flex_proportions.o
  CC      arch/x86/events/amd/ibs.o
  CC      arch/x86/lib/msr.o
  CC      crypto/rsa-pkcs1pad.o
  CC      lib/idr.o
  LD [M]  security/keys/encrypted-keys/encrypted-keys.o
  CC      lib/iomem_copy.o
  AR      drivers/irqchip/built-in.a
  AR      drivers/bus/mhi/built-in.a
  AR      drivers/bus/built-in.a
  CC      drivers/phy/phy-core.o
  CC      block/blk-lib.o
  CC      block/blk-mq.o
  CC      mm/truncate.o
  CC [M]  security/keys/trusted-keys/tpm2key.asn1.o
  LD [M]  security/keys/trusted-keys/trusted.o
  AR      security/keys/built-in.a
  CC      security/min_addr.o
  CC      io_uring/eventfd.o
  CC      crypto/rsassa-pkcs1.o
  CC      lib/irq_regs.o
  CC      lib/is_single_threaded.o
  AS      arch/x86/lib/msr-reg.o
  CC      arch/x86/lib/msr-reg-export.o
  CC      security/security.o
  CC      security/lsm_notifier.o
  CC      crypto/acompress.o
  CC      io_uring/uring_cmd.o
  AS      arch/x86/lib/hweight.o
  CC      lib/klist.o
  AR      drivers/phy/allwinner/built-in.a
  AR      drivers/phy/amlogic/built-in.a
  AR      drivers/phy/apple/built-in.a
  CC      arch/x86/events/amd/uncore.o
  AR      drivers/phy/axiado/built-in.a
  AR      drivers/phy/broadcom/built-in.a
  CC      arch/x86/lib/iomem.o
  AR      drivers/phy/cadence/built-in.a
  AR      drivers/phy/canaan/built-in.a
  AR      drivers/phy/eswin/built-in.a
  AR      drivers/phy/freescale/built-in.a
  AR      drivers/phy/hisilicon/built-in.a
  AR      drivers/phy/ingenic/built-in.a
  AR      drivers/phy/intel/built-in.a
  AR      drivers/phy/lantiq/built-in.a
  CC      lib/kobject.o
  AR      drivers/phy/marvell/built-in.a
  CC      mm/vmscan.o
  AR      drivers/phy/mediatek/built-in.a
  AR      drivers/phy/microchip/built-in.a
  AR      drivers/phy/motorola/built-in.a
  AR      drivers/phy/mscc/built-in.a
  AR      drivers/phy/nuvoton/built-in.a
  AR      drivers/phy/qualcomm/built-in.a
  AR      drivers/phy/ralink/built-in.a
  AR      drivers/phy/realtek/built-in.a
  AR      drivers/phy/renesas/built-in.a
  AR      drivers/phy/rockchip/built-in.a
  CC      fs/fcntl.o
  AR      drivers/phy/samsung/built-in.a
  AR      drivers/phy/socionext/built-in.a
  AR      drivers/phy/sophgo/built-in.a
  AR      drivers/phy/spacemit/built-in.a
  AR      drivers/phy/st/built-in.a
  AR      drivers/phy/starfive/built-in.a
  AR      drivers/phy/sunplus/built-in.a
  AR      drivers/phy/tegra/built-in.a
  AR      drivers/phy/ti/built-in.a
  AR      drivers/phy/xilinx/built-in.a
  AR      drivers/phy/built-in.a
  CC      fs/ioctl.o
  CC      drivers/pinctrl/core.o
  CC      kernel/sys.o
  CC      arch/x86/lib/inat.o
  AR      arch/x86/lib/built-in.a
  AR      arch/x86/lib/lib.a
  CC      lib/kobject_uevent.o
  CC      fs/readdir.o
  CC      io_uring/openclose.o
  CC      crypto/scompress.o
  CC      arch/x86/events/amd/iommu.o
  CC      io_uring/sqpoll.o
  AR      arch/x86/events/amd/built-in.a
  CC      io_uring/xattr.o
  CC      arch/x86/events/msr.o
  AR      sound/built-in.a
  CC [M]  sound/sound_core.o
  CC      drivers/pinctrl/pinctrl-utils.o
  CC      fs/select.o
  CC      crypto/algboss.o
  CC [M]  sound/ac97_bus.o
  CC      arch/x86/events/intel/core.o
  CC      block/blk-mq-tag.o
  CC      lib/logic_pio.o
  CC      lib/maple_tree.o
  CC      drivers/pinctrl/pinmux.o
  CC      io_uring/nop.o
  CC      io_uring/fs.o
  CC [M]  sound/core/sound.o
  CC      crypto/testmgr.o
  CC      kernel/umh.o
  CC      crypto/hmac.o
  CC      drivers/pinctrl/pinconf.o
  CC      io_uring/splice.o
  CC      io_uring/sync.o
  CC [M]  sound/core/init.o
  CC      block/blk-mq-dma.o
  CC      crypto/crypto_null.o
  CC      drivers/pinctrl/pinconf-generic.o
  CC      kernel/workqueue.o
  CC      fs/dcache.o
  CC      fs/inode.o
  CC      io_uring/msg_ring.o
  CC      crypto/md5.o
  CC      block/blk-stat.o
  CC [M]  sound/core/memory.o
  AR      drivers/pinctrl/actions/built-in.a
  AR      drivers/pinctrl/airoha/built-in.a
  AR      drivers/pinctrl/bcm/built-in.a
  AR      drivers/pinctrl/cirrus/built-in.a
  AR      drivers/pinctrl/cix/built-in.a
  AR      drivers/pinctrl/freescale/built-in.a
  CC      drivers/pinctrl/intel/pinctrl-baytrail.o
  CC      io_uring/advise.o
  CC      crypto/sha1.o
  CC [M]  sound/core/control.o
  CC      arch/x86/events/intel/bts.o
  CC      security/lsm_init.o
  CC      io_uring/statx.o
  CC      block/blk-mq-sysfs.o
  CC      crypto/sha256.o
  CC      drivers/pinctrl/intel/pinctrl-intel.o
  CC      crypto/sha512.o
  CC      io_uring/timeout.o
  CC      security/inode.o
  CC      block/blk-mq-cpumap.o
  CC      arch/x86/events/intel/ds.o
  CC      mm/shrinker.o
  HOSTCC  security/selinux/genheaders
  CC      fs/attr.o
  CC      crypto/sha3.o
  CC [M]  sound/core/misc.o
  CC      block/blk-mq-sched.o
  CC      io_uring/cancel.o
  GEN     security/selinux/flask.h security/selinux/av_permissions.h
  CC      security/selinux/avc.o
  CC      kernel/pid.o
  AR      drivers/pinctrl/intel/built-in.a
  AR      drivers/pinctrl/mediatek/built-in.a
  AR      drivers/pinctrl/microchip/built-in.a
  AR      drivers/pinctrl/mvebu/built-in.a
  AR      drivers/pinctrl/nomadik/built-in.a
  CC      crypto/ecb.o
  AR      drivers/pinctrl/nuvoton/built-in.a
  AR      drivers/pinctrl/nxp/built-in.a
  AR      drivers/pinctrl/qcom/built-in.a
  AR      drivers/pinctrl/sophgo/built-in.a
  AR      drivers/pinctrl/spacemit/built-in.a
  AR      drivers/pinctrl/sprd/built-in.a
  CC      mm/shmem.o
  AR      drivers/pinctrl/starfive/built-in.a
  AR      drivers/pinctrl/sunplus/built-in.a
  AR      drivers/pinctrl/tegra/built-in.a
  AR      drivers/pinctrl/ti/built-in.a
  CC      lib/memcat_p.o
  AR      drivers/pinctrl/built-in.a
  CC      drivers/gpio/gpiolib.o
  CC      drivers/gpio/gpiolib-devres.o
  CC      fs/bad_inode.o
  CC [M]  sound/core/device.o
  CC      crypto/cbc.o
  CC      lib/nmi_backtrace.o
  CC      io_uring/waitid.o
  CC      fs/file.o
  CC      block/ioctl.o
  CC      crypto/cts.o
  CC      crypto/xts.o
  CC      arch/x86/events/intel/knc.o
  CC      lib/objpool.o
  CC [M]  sound/core/info.o
  CC      kernel/task_work.o
  CC      security/selinux/hooks.o
  CC      lib/plist.o
  CC      lib/radix-tree.o
  CC      crypto/ctr.o
  CC      io_uring/register.o
  CC      io_uring/truncate.o
  CC      arch/x86/events/intel/lbr.o
  CC      kernel/extable.o
  CC [M]  sound/core/isadma.o
  CC      crypto/gcm.o
  CC      block/genhd.o
  CC      fs/filesystems.o
  CC      kernel/params.o
  CC [M]  sound/core/vmaster.o
  CC      lib/ratelimit.o
  CC      mm/util.o
  CC      crypto/cryptd.o
  CC      crypto/aes.o
  CC      lib/rbtree.o
  CC      io_uring/memmap.o
  CC      drivers/gpio/gpiolib-legacy.o
  CC      arch/x86/events/intel/p4.o
  CC      lib/seq_buf.o
  CC [M]  sound/core/ctljack.o
  CC      fs/namespace.o
  CC      block/ioprio.o
  CC      block/badblocks.o
  CC      io_uring/alloc_cache.o
  CC      kernel/kthread.o
  CC      crypto/deflate.o
  CC [M]  sound/core/jack.o
  CC      drivers/gpio/gpiolib-cdev.o
  CC      lib/siphash.o
  CC      io_uring/query.o
  CC      arch/x86/events/intel/p6.o
  CC      crypto/crc32c.o
  CC      mm/mmzone.o
  CC      mm/vmstat.o
  CC      lib/string.o
  CC [M]  sound/core/control_led.o
  CC      block/partitions/core.o
  CC      crypto/lzo.o
  CC      lib/sys_info.o
  CC      io_uring/loop.o
  CC      arch/x86/events/intel/pt.o
  CC      arch/x86/events/intel/uncore.o
  CC      crypto/lzo-rle.o
  CC      drivers/gpio/gpiolib-sysfs.o
  CC      lib/timerqueue.o
  CC [M]  sound/core/hwdep.o
  CC      security/selinux/selinuxfs.o
  CC      kernel/sys_ni.o
  CC      lib/union_find.o
  CC      lib/vsprintf.o
  CC      crypto/lz4.o
  CC      io_uring/zcrx.o
  CC      block/partitions/msdos.o
  CC      mm/backing-dev.o
  CC      kernel/nsproxy.o
  CC      crypto/rng.o
  CC      drivers/gpio/gpiolib-acpi-core.o
  CC [M]  sound/core/timer.o
  CC      io_uring/io-wq.o
  CC      block/partitions/efi.o
  CC      arch/x86/events/intel/uncore_nhmex.o
  CC      kernel/nstree.o
  CC      crypto/drbg.o
  CC      security/selinux/netlink.o
  CC      fs/seq_file.o
  CC      drivers/gpio/gpiolib-acpi-quirks.o
  AR      block/partitions/built-in.a
  CC      block/blk-rq-qos.o
  CC      mm/mm_init.o
  CC      crypto/jitterentropy.o
  CC      security/lsm_audit.o
  CC      crypto/jitterentropy-kcapi.o
  CC      arch/x86/events/intel/uncore_snb.o
  CC      drivers/gpio/gpiolib-swnode.o
  CC      security/selinux/nlmsgtab.o
  CC      io_uring/futex.o
  CC [M]  sound/core/pcm.o
  CC      block/disk-events.o
  CC      crypto/zstd.o
  CC      lib/win_minmax.o
  CC      fs/xattr.o
  CC      kernel/nscommon.o
  CC [M]  drivers/gpio/gpio-mmio.o
  CC      arch/x86/events/intel/uncore_snbep.o
  CC      arch/x86/events/intel/uncore_discovery.o
  CC      crypto/asymmetric_keys/asymmetric_type.o
  CC      security/selinux/netif.o
  CC      lib/xarray.o
  CC      kernel/notifier.o
  CC      io_uring/epoll.o
  CC      block/blk-ia-ranges.o
  CC      mm/percpu.o
  CC [M]  sound/core/pcm_native.o
  CC [M]  drivers/gpio/gpio-ich.o
  CC      io_uring/napi.o
  CC      crypto/asymmetric_keys/restrict.o
  CC [M]  sound/core/pcm_lib.o
  CC      block/early-lookup.o
  CC      security/selinux/netnode.o
  CC      lib/lockref.o
  CC      crypto/asymmetric_keys/signature.o
  CC      kernel/ksysfs.o
  CC [M]  drivers/gpio/gpio-sch.o
  CC      fs/libfs.o
  CC      lib/bcd.o
  CC      lib/sort.o
  CC      block/bsg.o
  CC      arch/x86/events/intel/cstate.o
  CC      io_uring/net.o
  AR      drivers/gpio/built-in.a
  LD [M]  drivers/gpio/gpio-generic.o
  CC      crypto/asymmetric_keys/public_key.o
  CC      lib/parser.o
  CC      drivers/pwm/core.o
  CC      kernel/cred.o
  CC      security/selinux/netport.o
  CC      lib/debug_locks.o
  CC      lib/random32.o
  CC      block/bsg-lib.o
  AR      arch/x86/events/intel/built-in.a
  AR      arch/x86/events/built-in.a
  CC      arch/x86/xen/enlighten.o
  CC      arch/x86/xen/mmu.o
  ASN.1   crypto/asymmetric_keys/x509.asn1.[ch]
  ASN.1   crypto/asymmetric_keys/x509_akid.asn1.[ch]
  CC      crypto/asymmetric_keys/x509_loader.o
  CC [M]  sound/core/pcm_misc.o
  CC      lib/bust_spinlocks.o
  CC      mm/slab_common.o
  CC      crypto/asymmetric_keys/x509_public_key.o
  CC      fs/fs-writeback.o
  CC      lib/kasprintf.o
  CC      kernel/reboot.o
  CC [M]  sound/core/pcm_memory.o
  CC      security/selinux/status.o
  CC      net/devres.o
  CC      arch/x86/xen/time.o
  ASN.1   crypto/asymmetric_keys/pkcs7.asn1.[ch]
  CC      crypto/asymmetric_keys/pkcs7_trust.o
  CC      io_uring/cmd_net.o
  CC      lib/bitmap.o
  CC      block/blk-cgroup.o
  CC [M]  drivers/pwm/pwm-lpss.o
  CC      crypto/asymmetric_keys/pkcs7_verify.o
  CC      arch/x86/xen/grant-table.o
  CC      security/selinux/initcalls.o
  CC      security/selinux/ss/ebitmap.o
  CC [M]  sound/core/memalloc.o
  CC      net/socket.o
  CC [M]  drivers/pwm/pwm-lpss-pci.o
  CC      lib/scatterlist.o
  CC      crypto/asymmetric_keys/x509.asn1.o
  CC      kernel/async.o
  CC      crypto/asymmetric_keys/x509_akid.asn1.o
  CC      arch/x86/xen/suspend.o
  CC      crypto/asymmetric_keys/x509_cert_parser.o
  CC      io_uring/fdinfo.o
  CC [M]  drivers/pwm/pwm-lpss-platform.o
  CC      arch/x86/xen/enlighten_hvm.o
  CC      security/selinux/ss/hashtab.o
  CC      block/blk-cgroup-rwstat.o
  CC      crypto/asymmetric_keys/pkcs7.asn1.o
  CC      kernel/range.o
  CC      crypto/asymmetric_keys/pkcs7_parser.o
  CC [M]  sound/core/pcm_timer.o
  CC      mm/compaction.o
  CC      kernel/smpboot.o
  AR      drivers/pwm/built-in.a
  CC      drivers/leds/led-core.o
  CC      security/selinux/ss/symtab.o
  CC      io_uring/bpf_filter.o
  CC      security/selinux/ss/sidtab.o
  CC      lib/list_sort.o
  CC      lib/uuid.o
  CC [M]  sound/core/pcm_drm_eld.o
  CC      lib/iov_iter.o
  CC      block/blk-throttle.o
  AR      crypto/asymmetric_keys/built-in.a
  CC [M]  crypto/crypto_engine.o
  CC      kernel/ucount.o
  CC      drivers/leds/led-triggers.o
  CC      arch/x86/xen/mmu_hvm.o
  CC      io_uring/bpf-ops.o
  CC      kernel/regset.o
  CC      security/selinux/ss/avtab.o
  CC      fs/pnode.o
  CC [M]  sound/core/rawmidi.o
  CC [M]  crypto/echainiv.o
  CC      kernel/ksyms_common.o
  CC      net/core/sock.o
  CC      arch/x86/xen/suspend_hvm.o
  AR      drivers/leds/trigger/built-in.a
  AR      drivers/leds/blink/built-in.a
  AR      drivers/leds/simatic/built-in.a
  CC [M]  drivers/leds/led-class.o
  CC      block/blk-iolatency.o
  CC [M]  crypto/kpp.o
  CC      fs/splice.o
  AR      io_uring/built-in.a
  AR      virt/lib/built-in.a
  CC [M]  virt/lib/irqbypass.o
  CC      arch/x86/xen/platform-pci-unplug.o
  CC      kernel/groups.o
  CC      security/selinux/ss/policydb.o
  CC      mm/show_mem.o
  CC [M]  drivers/leds/led-class-multicolor.o
  AR      virt/built-in.a
  CC      security/selinux/ss/services.o
  CC      lib/clz_ctz.o
  LD [M]  sound/core/snd.o
  CC      block/mq-deadline.o
  CC [M]  crypto/dh.o
  LD [M]  sound/core/snd-ctl-led.o
  CC      arch/x86/xen/setup.o
  CC      lib/bsearch.o
  LD [M]  sound/core/snd-hwdep.o
  LD [M]  sound/core/snd-timer.o
  LD [M]  sound/core/snd-pcm.o
  LD [M]  sound/core/snd-rawmidi.o
  CC      kernel/vhost_task.o
  CC [M]  sound/pci/ens1371.o
  AR      drivers/leds/built-in.a
  CC      drivers/pci/access.o
  CC [M]  crypto/dh_helper.o
  CC      mm/interval_tree.o
  CC      fs/sync.o
  CC      lib/find_bit.o
  CC [M]  crypto/crypto_user.o
  CC      block/kyber-iosched.o
  CC      kernel/sched/core.o
  CC      lib/llist.o
  CC      arch/x86/xen/apic.o
  CC      lib/lwq.o
  CC [M]  sound/pci/ac97/ac97_codec.o
  CC      drivers/pci/bus.o
  CC      lib/memweight.o
  CC      lib/kfifo.o
  CC      fs/utimes.o
  CC      mm/list_lru.o
  CC      arch/x86/xen/pmu.o
  CC      arch/x86/xen/suspend_pv.o
  CC [M]  crypto/cmac.o
  CC      security/selinux/ss/conditional.o
  CC      block/bio-integrity.o
  CC      net/core/skbuff.o
  CC [M]  crypto/md4.o
  CC      drivers/pci/probe.o
  CC      drivers/pci/host-bridge.o
  CC      fs/d_path.o
  CC      arch/x86/xen/p2m.o
  CC      lib/percpu-refcount.o
  CC      mm/workingset.o
  CC      security/selinux/ss/mls.o
  CC [M]  crypto/blake2b.o
  CC      lib/rhashtable.o
  CC      security/apparmor/apparmorfs.o
  CC      block/blk-integrity.o
  CC      fs/stack.o
  CC [M]  crypto/lrw.o
  CC      mm/debug.o
  CC      arch/x86/xen/enlighten_pv.o
  CC      security/selinux/ss/context.o
  CC      fs/fs_struct.o
  CC [M]  crypto/ccm.o
  CC      drivers/pci/remove.o
  CC      block/t10-pi.o
  CC      lib/base64.o
  CC      lib/once.o
  CC [M]  sound/pci/ac97/ac97_pcm.o
  CC      mm/gup.o
  CC      security/selinux/xfrm.o
  CC [M]  crypto/des_generic.o
  CC      fs/statfs.o
  CC      drivers/pci/pci.o
  CC      lib/refcount.o
  CC      block/bio-integrity-auto.o
  CC      arch/x86/xen/mmu_pv.o
  CC      lib/rcuref.o
  CC [M]  crypto/camellia_generic.o
  CC [M]  sound/pci/ac97/ac97_proc.o
  CC      security/apparmor/audit.o
  CC      lib/usercopy.o
  CC      security/selinux/netlabel.o
  CC      block/bio-integrity-fs.o
  CC      lib/errseq.o
  CC      fs/fs_pin.o
  LD [M]  sound/pci/ac97/snd-ac97-codec.o
  CC      lib/bucket_locks.o
  CC [M]  crypto/arc4.o
  LD [M]  sound/pci/snd-ens1371.o
  GEN     security/apparmor/capability_names.h
  CC      fs/nsfs.o
  CC      security/apparmor/task.o
  CC [M]  sound/usb/card.o
  CC      block/blk-zoned.o
  CC [M]  crypto/authenc.o
  CC      lib/generic-radix-tree.o
  CC      kernel/sched/fair.o
  CC      security/selinux/ibpkey.o
  CC      mm/mmap_lock.o
  CC      arch/x86/xen/irq.o
  CC      lib/bitmap-str.o
  CC      fs/fs_dirent.o
  CC      security/apparmor/ipc.o
  CC      drivers/pci/pci-driver.o
  CC [M]  sound/usb/clock.o
  CC      arch/x86/xen/multicalls.o
  CC      net/core/datagram.o
  CC [M]  crypto/authencesn.o
  CC      fs/fs_context.o
  CC      security/selinux/ima.o
  CC      lib/string_helpers.o
  CC [M]  sound/usb/endpoint.o
  CC      block/blk-mq-debugfs.o
  AS      arch/x86/xen/xen-asm.o
  CC      mm/vma_init.o
  CC      arch/x86/xen/trace.o
  CC      security/apparmor/lib.o
  AR      security/selinux/built-in.a
  CC      kernel/sched/build_policy.o
  CC [M]  crypto/krb5enc.o
  CC      fs/fs_parser.o
  CC      drivers/pci/search.o
  CC      lib/hexdump.o
  CC      mm/highmem.o
  CC      lib/kstrtox.o
  CC      block/blk-pm.o
  CC      net/core/stream.o
  CC [M]  sound/usb/fcp.o
  CC      mm/memory.o
  AR      lib/kunit/built-in.a
  CC      lib/math/div64.o
  CC      lib/math/gcd.o
  CC      security/apparmor/match.o
  CC [M]  crypto/xxhash_generic.o
  CC      fs/fsopen.o
  CC      drivers/pci/rebar.o
  CC      lib/math/lcm.o
  CC      lib/math/int_log.o
  CC      arch/x86/xen/smp.o
  CC      lib/math/int_pow.o
  CC      lib/math/int_sqrt.o
  CC      lib/math/reciprocal_div.o
  CC      block/holder.o
  CC      lib/math/rational.o
  CC [M]  crypto/af_alg.o
  CC [M]  sound/usb/format.o
  CC      fs/init.o
  CC      security/apparmor/path.o
  CC      arch/x86/xen/smp_pv.o
  CC      drivers/pci/rom.o
  CC      net/core/scm.o
  AR      lib/math/tests/built-in.a
  AR      lib/math/built-in.a
  CC      lib/crc/crc16.o
  CC [M]  block/bfq-iosched.o
  CC [M]  sound/usb/helper.o
  CC      fs/kernel_read_file.o
  CC      drivers/pci/setup-res.o
  CC      lib/crc/crc-ccitt.o
  CC      arch/x86/xen/smp_hvm.o
  CC      lib/crc/crc-itu-t.o
  CC      security/apparmor/domain.o
  CC [M]  sound/usb/implicit.o
  CC [M]  crypto/algif_hash.o
  CC      arch/x86/xen/spinlock.o
  CC      arch/x86/xen/vga.o
  CC      net/core/gen_stats.o
  CC      fs/mnt_idmapping.o
  CC      lib/crc/crc-t10dif-main.o
  CC [M]  sound/usb/mixer.o
  CC      drivers/pci/irq.o
  CC      drivers/pci/vpd.o
  CC      arch/x86/xen/efi.o
  CC      fs/remap_range.o
  AS      lib/crc/x86/crc16-msb-pclmul.o
  CC [M]  crypto/algif_skcipher.o
  HOSTCC  lib/crc/gen_crc32table
  CC      kernel/sched/build_utility.o
  CC      drivers/pci/setup-bus.o
  AR      arch/x86/xen/built-in.a
  CC      arch/x86/hyperv/hv_init.o
  CC      net/core/gen_estimator.o
  AS      lib/crc/x86/crc32-pclmul.o
  AS      lib/crc/x86/crc32c-3way.o
  CC [M]  block/bfq-wf2q.o
  HOSTCC  lib/crc/gen_crc64table
  CC [M]  block/bfq-cgroup.o
  CC [M]  crypto/algif_rng.o
  AS      lib/crc/x86/crc64-pclmul.o
  AR      lib/crc/tests/built-in.a
  CC [M]  lib/crc/crc8.o
  CC      fs/pidfs.o
  CC      security/apparmor/policy.o
  CC [M]  sound/usb/mixer_quirks.o
  CC [M]  crypto/algif_aead.o
  AR      block/built-in.a
  LD [M]  block/bfq.o
  CC      arch/x86/hyperv/mmu.o
  CC      arch/x86/hyperv/nested.o
  CC      net/core/net_namespace.o
  GEN     lib/crc/crc32table.h
  GEN     lib/crc/crc64table.h
  CC      lib/crc/crc32-main.o
  CC [M]  sound/usb/mixer_scarlett.o
  CC      drivers/pci/vc.o
  CC      mm/mincore.o
  CC [M]  crypto/ecc.o
  CC      fs/file_attr.o
  CC [M]  sound/usb/mixer_scarlett2.o
  CC      lib/crc/crc64-main.o
  CC      fs/fserror.o
  CC      arch/x86/hyperv/irqdomain.o
  CC      drivers/pci/mmap.o
  CC      drivers/video/aperture.o
  CC      security/apparmor/policy_unpack.o
  CC      mm/mlock.o
  AR      lib/crc/built-in.a
  CC      lib/crypto/hash_info.o
  CC      drivers/pci/devres.o
  CC      lib/crypto/memneq.o
  CC      net/core/secure_seq.o
  CC      fs/nullfs.o
  CC      arch/x86/hyperv/ivm.o
  CC      drivers/video/screen_info_generic.o
  CC [M]  crypto/essiv.o
  CC [M]  sound/usb/mixer_us16x08.o
  CC      drivers/video/screen_info_pci.o
  CC      lib/crypto/utils.o
  CC      fs/buffer.o
  CC      drivers/pci/msi/pcidev_msi.o
  CC [M]  crypto/ecdh.o
  CC      lib/crypto/aes.o
  CC      security/apparmor/procattr.o
  CC      arch/x86/hyperv/hv_apic.o
  CC      kernel/locking/mutex.o
  CC      mm/mmap.o
  CC      drivers/video/cmdline.o
  CC      net/core/flow_dissector.o
  CC      drivers/pci/msi/api.o
  CC [M]  sound/usb/mixer_s1810c.o
  CC [M]  crypto/ecdh_helper.o
  AS      lib/crypto/x86/aes-aesni.o
  CC      lib/crypto/aesgcm.o
  AR      kernel/sched/built-in.a
  CC      arch/x86/hyperv/hv_spinlock.o
  CC      kernel/locking/semaphore.o
  CC [M]  sound/usb/pcm.o
  CC      drivers/video/nomodeset.o
  CC [M]  crypto/async_tx/async_tx.o
  CC      drivers/pci/msi/msi.o
  CC      security/apparmor/lsm.o
  AR      arch/x86/hyperv/built-in.a
  CC      arch/x86/realmode/init.o
  CC      lib/crypto/gf128mul.o
  CC      drivers/video/hdmi.o
  CC      mm/mmu_gather.o
  CC      kernel/locking/rwsem.o
  AS      arch/x86/realmode/rm/header.o
  CC [M]  crypto/async_tx/async_memcpy.o
  AS      arch/x86/realmode/rm/trampoline_64.o
  AS      arch/x86/realmode/rm/stack.o
  AS      arch/x86/realmode/rm/reboot.o
  AS      arch/x86/realmode/rm/wakeup_asm.o
  CC [M]  crypto/async_tx/async_xor.o
  CC      arch/x86/realmode/rm/wakemain.o
  CC      arch/x86/realmode/rm/video-mode.o
  AS      arch/x86/realmode/rm/copy.o
  CC      fs/mpage.o
  AS      arch/x86/realmode/rm/bioscall.o
  CC      arch/x86/realmode/rm/regs.o
  CC      lib/crypto/blake2s.o
  CC      arch/x86/realmode/rm/video-vga.o
  CC      arch/x86/realmode/rm/video-vesa.o
  CC      drivers/pci/msi/irqdomain.o
  CC      arch/x86/realmode/rm/video-bios.o
  CC      mm/mprotect.o
  PASYMS  arch/x86/realmode/rm/pasyms.h
  LDS     arch/x86/realmode/rm/realmode.lds
  CC [M]  sound/usb/power.o
  LD      arch/x86/realmode/rm/realmode.elf
  RELOCS  arch/x86/realmode/rm/realmode.relocs
  OBJCOPY arch/x86/realmode/rm/realmode.bin
  AS      arch/x86/realmode/rmpiggy.o
  AR      arch/x86/realmode/built-in.a
  AS      arch/x86/kernel/head_64.o
  CC      drivers/video/console/dummycon.o
  CC      arch/x86/kernel/head64.o
  CC      drivers/video/backlight/backlight.o
  CC      net/core/sysctl_net_core.o
  CC [M]  crypto/async_tx/async_pq.o
  CC      kernel/locking/percpu-rwsem.o
  CC [M]  sound/usb/proc.o
  AS      lib/crypto/x86/blake2s-core.o
  CC      lib/crypto/chacha-block-generic.o
  AR      drivers/pci/msi/built-in.a
  CC      fs/proc_namespace.o
  CC      lib/crypto/gf128hash.o
  CC      drivers/pci/pcie/portdrv.o
  CC      drivers/video/console/vgacon.o
  CC [M]  sound/usb/quirks.o
  AR      drivers/video/backlight/built-in.a
  CC [M]  sound/usb/stream.o
  CC      arch/x86/kernel/ebda.o
  CC [M]  crypto/async_tx/async_raid6_recov.o
  CC      kernel/locking/spinlock.o
  CC      arch/x86/kernel/platform-quirks.o
  CC      fs/direct-io.o
  AS      lib/crypto/x86/ghash-pclmul.o
  AS      lib/crypto/x86/polyval-pclmul-avx.o
  CC      lib/crypto/md5.o
  CC      mm/mremap.o
  CC      drivers/pci/pcie/rcec.o
  CC      kernel/locking/osq_lock.o
  GEN     security/apparmor/rlim_names.h
  CC      security/apparmor/secid.o
  CC      net/core/dev.o
  CC      net/core/dev_api.o
  CC [M]  crypto/krb5/krb5_kdf.o
  AR      drivers/video/console/built-in.a
  CC      drivers/video/fbdev/core/fb_notify.o
  CC      arch/x86/kernel/process_64.o
  CC      kernel/locking/qspinlock.o
  CC [M]  sound/usb/validate.o
  CC      drivers/pci/pcie/bwctrl.o
  CC      lib/crypto/sha1.o
  CC [M]  sound/usb/media.o
  CC      fs/notify/fsnotify.o
  CC [M]  crypto/krb5/krb5_api.o
  CC      drivers/pci/pcie/aspm.o
  CC      drivers/video/fbdev/core/fb_info.o
  CC      security/apparmor/file.o
  CC      kernel/locking/rtmutex_api.o
  CC      arch/x86/kernel/signal.o
  CC      mm/msync.o
  CC [M]  sound/usb/midi.o
  CC      arch/x86/kernel/signal_64.o
  AS      lib/crypto/x86/sha1-ssse3-and-avx.o
  AS      lib/crypto/x86/sha1-avx2-asm.o
  CC [M]  crypto/krb5/rfc3961_simplified.o
  AS      lib/crypto/x86/sha1-ni-asm.o
  CC      lib/crypto/sha256.o
  CC      mm/page_vma_mapped.o
  CC      drivers/video/fbdev/core/fbmem.o
  CC      drivers/video/fbdev/core/fbcmap.o
  CC      arch/x86/kernel/traps.o
  CC      fs/notify/notification.o
  CC      kernel/locking/qrwlock.o
  CC      drivers/pci/pcie/aer.o
  CC      security/apparmor/policy_ns.o
  AS      lib/crypto/x86/sha256-ssse3-asm.o
  AS      lib/crypto/x86/sha256-avx-asm.o
  AS      lib/crypto/x86/sha256-avx2-asm.o
  AS      lib/crypto/x86/sha256-ni-asm.o
  CC [M]  crypto/krb5/rfc3962_aes.o
  CC      lib/crypto/sha512.o
  CC      mm/pagewalk.o
  LD [M]  sound/usb/snd-usb-audio.o
  LD [M]  sound/usb/snd-usbmidi-lib.o
  AS      lib/crypto/x86/sha512-ssse3-asm.o
  CC      crypto/rsapubkey.asn1.o
  CC      fs/notify/group.o
  CC      crypto/rsaprivkey.asn1.o
  CC [M]  crypto/krb5/rfc6803_camellia.o
  AR      kernel/locking/built-in.a
  AS      lib/crypto/x86/sha512-avx-asm.o
  CC      drivers/video/fbdev/core/modedb.o
  CC      kernel/power/qos.o
  CC [M]  sound/soc/soc-core.o
  CC [M]  sound/soc/soc-dapm.o
  CC      arch/x86/kernel/idt.o
  AS      lib/crypto/x86/sha512-avx2-asm.o
  CC      lib/crypto/sha3.o
  CC [M]  crypto/krb5/rfc8009_aes2.o
  CC      mm/pgtable-generic.o
  CC      security/apparmor/label.o
  CC      drivers/pci/pcie/err.o
  CC      fs/notify/mark.o
  LD [M]  crypto/krb5/krb5.o
  LD [M]  crypto/dh_generic.o
  LD [M]  crypto/ecdh_generic.o
  AR      crypto/built-in.a
  CC      arch/x86/kernel/irq.o
  CC      lib/crypto/mpi/generic_mpih-lshift.o
  CC      arch/x86/pci/i386.o
  CC      kernel/power/main.o
  CC      drivers/video/fbdev/core/fbcvt.o
  CC      drivers/pci/pcie/tlp.o
  CC      mm/rmap.o
  CC      lib/crypto/mpi/generic_mpih-mul1.o
  CC      fs/notify/fdinfo.o
  CC      drivers/video/fbdev/core/fb_cmdline.o
  CC      arch/x86/pci/init.o
  CC      lib/crypto/mpi/generic_mpih-mul2.o
  CC      drivers/pci/pcie/pme.o
  CC      fs/notify/dnotify/dnotify.o
  CC      kernel/power/console.o
  CC      arch/x86/pci/mmconfig_64.o
  CC      lib/crypto/mpi/generic_mpih-mul3.o
  AR      drivers/pci/pcie/built-in.a
  AR      drivers/pci/pwrctrl/built-in.a
  CC      drivers/pci/proc.o
  CC      security/apparmor/mount.o
  CC      drivers/video/fbdev/core/fb_backlight.o
  CC      drivers/pci/pci-sysfs.o
  CC [M]  sound/soc/soc-jack.o
  AR      fs/notify/dnotify/built-in.a
  CC      fs/notify/inotify/inotify_fsnotify.o
  CC      lib/crypto/mpi/generic_mpih-rshift.o
  CC      arch/x86/pci/direct.o
  CC      arch/x86/kernel/irq_64.o
  CC      kernel/power/process.o
  CC      fs/notify/inotify/inotify_user.o
  CC      drivers/video/fbdev/core/fbmon.o
  CC      lib/crypto/mpi/generic_mpih-sub1.o
  CC      arch/x86/kernel/dumpstack_64.o
  CC      arch/x86/kernel/time.o
  CC      arch/x86/pci/mmconfig-shared.o
  CC      drivers/pci/slot.o
  CC [M]  sound/soc/soc-utils.o
  GEN     security/apparmor/net_names.h
  GEN     security/apparmor/net_names.h
  CC      security/apparmor/policy_compat.o
  CC      mm/vmalloc.o
  CC      lib/crypto/mpi/generic_mpih-add1.o
  CC      kernel/power/suspend.o
  CC      lib/crypto/mpi/mpicoder.o
  CC      arch/x86/kernel/ioport.o
  AR      fs/notify/inotify/built-in.a
  CC      fs/notify/fanotify/fanotify.o
  CC      fs/notify/fanotify/fanotify_user.o
  CC [M]  sound/soc/soc-dai.o
  CC      drivers/pci/pci-acpi.o
  CC      arch/x86/pci/xen.o
  CC      drivers/video/fbdev/core/fb_defio.o
  CC      lib/crypto/mpi/mpi-add.o
  CC      arch/x86/kernel/dumpstack.o
  CC      net/core/dev_addr_lists.o
  CC      security/apparmor/af_unix.o
  CC      security/apparmor/crypto.o
  CC      kernel/power/hibernate.o
  CC      lib/crypto/mpi/mpi-bit.o
  CC [M]  sound/soc/soc-component.o
  CC      arch/x86/kernel/nmi.o
  CC      arch/x86/pci/fixup.o
  CC      drivers/video/fbdev/core/fb_chrdev.o
  CC      drivers/pci/iomap.o
  AR      fs/notify/fanotify/built-in.a
  AR      fs/notify/built-in.a
  CC      fs/eventpoll.o
  CC      fs/anon_inodes.o
  CC      lib/crypto/mpi/mpi-cmp.o
  CC      net/core/dst.o
  CC      drivers/video/fbdev/core/fb_procfs.o
  CC      arch/x86/pci/acpi.o
  CC      security/apparmor/capability.o
  CC      kernel/power/snapshot.o
  CC      drivers/pci/quirks.o
  CC [M]  sound/soc/soc-pcm.o
  CC      arch/x86/kernel/fred.o
  CC      lib/crypto/mpi/mpi-sub-ui.o
  CC      lib/crypto/mpi/mpi-div.o
  CC      arch/x86/pci/legacy.o
  CC      drivers/video/fbdev/core/fbsysfs.o
  CC      mm/vma.o
  CC      lib/crypto/mpi/mpi-mod.o
  CC      security/apparmor/resource.o
  CC      fs/signalfd.o
  CC      net/core/netevent.o
  CC      net/core/neighbour.o
  CC      drivers/video/fbdev/core/fbcon.o
  CC      arch/x86/pci/irq.o
  CC      arch/x86/kernel/ldt.o
  CC      kernel/power/swap.o
  CC      lib/crypto/mpi/mpi-mul.o
  CC      fs/timerfd.o
  CC [M]  sound/soc/soc-devres.o
  CC      security/apparmor/net.o
  CC      fs/eventfd.o
  CC      drivers/pci/hotplug/pci_hotplug_core.o
  AS      arch/x86/kernel/ibt_selftest.o
  CC      arch/x86/kernel/setup.o
  CC      lib/crypto/mpi/mpih-cmp.o
  CC      arch/x86/pci/intel_mid.o
  CC      kernel/power/user.o
  CC      lib/crypto/mpi/mpih-div.o
  CC      fs/aio.o
  CC [M]  sound/soc/soc-ops.o
  CC      drivers/video/fbdev/core/bitblit.o
  CC      mm/vma_exec.o
  AR      security/apparmor/built-in.a
  CC      security/yama/yama_lsm.o
  CC      fs/dax.o
  CC      arch/x86/pci/common.o
  CC      drivers/pci/hotplug/acpi_pcihp.o
  CC      kernel/power/poweroff.o
  AR      kernel/power/built-in.a
  CC      kernel/printk/printk.o
  CC      lib/crypto/mpi/mpih-mul.o
  CC      drivers/video/fbdev/core/softcursor.o
  CC      arch/x86/kernel/x86_init.o
  CC      mm/process_vm_access.o
  AR      security/yama/built-in.a
  CC      security/safesetid/lsm.o
  CC      arch/x86/pci/early.o
  CC [M]  sound/soc/soc-link.o
  CC      drivers/pci/hotplug/pciehp_core.o
  CC      lib/crypto/mpi/mpi-pow.o
  CC      drivers/video/fbdev/core/fbcon_rotate.o
  CC      mm/mseal.o
  CC      arch/x86/pci/bus_numa.o
  CC      arch/x86/kernel/i8259.o
  CC      net/core/rtnetlink.o
  CC      security/safesetid/securityfs.o
  CC [M]  sound/soc/soc-card.o
  CC      drivers/pci/hotplug/pciehp_ctrl.o
  CC      drivers/video/fbdev/core/fbcon_cw.o
  CC      kernel/printk/printk_safe.o
  CC      arch/x86/pci/amd_bus.o
  CC      lib/crypto/mpi/mpiutil.o
  CC      mm/page_alloc.o
  AR      security/safesetid/built-in.a
  CC      security/device_cgroup.o
  CC      arch/x86/kernel/irqinit.o
  CC      fs/locks.o
  CC      drivers/pci/hotplug/pciehp_pci.o
  AR      arch/x86/pci/built-in.a
  CC      arch/x86/power/cpu.o
  CC      net/compat.o
  CC      drivers/video/fbdev/core/fbcon_ud.o
  AR      lib/crypto/mpi/built-in.a
  CC [M]  lib/crypto/arc4.o
  CC      kernel/printk/nbcon.o
  LD [M]  sound/soc/snd-soc-core.o
  CC      arch/x86/kernel/jump_label.o
  CC      drivers/pci/hotplug/pciehp_hpc.o
  CC [M]  sound/hda/core/hda_bus_type.o
  CC      arch/x86/power/hibernate_64.o
  CC [M]  lib/crypto/blake2b.o
  CC      drivers/video/fbdev/core/fbcon_ccw.o
  CC      arch/x86/kernel/irq_work.o
  CC      security/bpf/hooks.o
  CC      kernel/printk/printk_ringbuffer.o
  CC      arch/x86/mm/init.o
  AS      arch/x86/power/hibernate_asm_64.o
  CC      arch/x86/power/hibernate.o
  CC      drivers/pci/hotplug/acpiphp_core.o
  CC [M]  sound/hda/core/bus.o
  CC [M]  lib/crypto/chacha.o
  CC      drivers/video/fbdev/core/cfbfillrect.o
  AR      security/bpf/built-in.a
  CC      arch/x86/kernel/probe_roms.o
  CC      security/landlock/setup.o
  CC      kernel/printk/sysctl.o
  AR      arch/x86/power/built-in.a
  CC      arch/x86/video/video-common.o
  AS [M]  lib/crypto/x86/chacha-ssse3-x86_64.o
  CC      drivers/pci/hotplug/acpiphp_glue.o
  AS [M]  lib/crypto/x86/chacha-avx2-x86_64.o
  AS [M]  lib/crypto/x86/chacha-avx512vl-x86_64.o
  CC [M]  lib/crypto/chacha20poly1305.o
  AR      kernel/printk/built-in.a
  CC      kernel/irq/irqdesc.o
  CC [M]  sound/hda/core/device.o
  CC      fs/binfmt_misc.o
  CC      security/landlock/syscalls.o
  CC      arch/x86/mm/init_64.o
  CC      arch/x86/kernel/sys_ia32.o
  CC      net/core/utils.o
  CC      drivers/video/fbdev/core/cfbcopyarea.o
  AR      arch/x86/video/built-in.a
  CC      drivers/video/fbdev/core/cfbimgblt.o
  CC [M]  drivers/pci/hotplug/acpiphp_ibm.o
  CC [M]  lib/crypto/curve25519.o
  CC      kernel/irq/handle.o
  CC [M]  sound/hda/core/sysfs.o
  CC      fs/binfmt_script.o
  CC      security/landlock/object.o
  CC      arch/x86/kernel/signal_32.o
  CC [M]  lib/crypto/curve25519-hacl64.o
  AR      drivers/pci/hotplug/built-in.a
  CC      drivers/pci/ats.o
  CC      security/landlock/ruleset.o
  CC      fs/binfmt_elf.o
  CC      kernel/irq/manage.o
  CC      fs/compat_binfmt_elf.o
  CC      mm/shuffle.o
  CC [M]  sound/hda/core/regmap.o
  CC      drivers/video/fbdev/core/fb_io_fops.o
  CC      net/core/link_watch.o
  CC      arch/x86/kernel/sys_x86_64.o
  CC      arch/x86/mm/fault.o
  CC      drivers/pci/iov.o
  CC      mm/page_frag_cache.o
  CC [M]  sound/hda/core/controller.o
  CC [M]  sound/hda/core/stream.o
  CC      security/landlock/cred.o
  CC      drivers/video/fbdev/core/sysfillrect.o
  CC      arch/x86/kernel/espfix_64.o
  CC      fs/backing-file.o
  CC      kernel/irq/spurious.o
  CC [M]  lib/crypto/des.o
  CC      net/core/filter.o
  CC      drivers/pci/pci-label.o
  CC      arch/x86/mm/ioremap.o
  CC      mm/init-mm.o
  CC      security/landlock/task.o
  CC      kernel/irq/resend.o
  CC      arch/x86/kernel/ksysfs.o
  CC      fs/mbcache.o
  CC [M]  sound/hda/core/array.o
  CC      drivers/video/fbdev/core/syscopyarea.o
  CC      mm/memblock.o
  CC      drivers/pci/pci-mid.o
  CC      drivers/video/fbdev/core/sysimgblt.o
  CC      kernel/irq/chip.o
  CC      arch/x86/kernel/bootflag.o
  CC [M]  lib/crypto/poly1305.o
  CC      drivers/pci/xen-pcifront.o
  CC [M]  sound/hda/core/hdmi_chmap.o
  CC      arch/x86/mm/extable.o
  CC      fs/posix_acl.o
  CC      arch/x86/kernel/e820.o
  CC      security/landlock/fs.o
  CC      arch/x86/mm/mmap.o
  PERLASM lib/crypto/x86/poly1305-x86_64-cryptogams.S
  AR      lib/crypto/built-in.a
  LD [M]  lib/crypto/libarc4.o
  LD [M]  lib/crypto/libblake2b.o
  LD [M]  lib/crypto/libchacha.o
  CC      drivers/video/fbdev/core/fb_sys_fops.o
  LD [M]  lib/crypto/libchacha20poly1305.o
  LD [M]  lib/crypto/libcurve25519.o
  LD [M]  lib/crypto/libdes.o
  AS [M]  lib/crypto/x86/poly1305-x86_64-cryptogams.o
  LD [M]  lib/crypto/libpoly1305.o
  AR      lib/tests/built-in.a
  CC      lib/vdso/datastore.o
  CC      drivers/pci/vgaarb.o
  CC      kernel/irq/dummychip.o
  CC      mm/memory_hotplug.o
  CC      mm/slub.o
  CC      arch/x86/mm/pgtable.o
  AR      lib/vdso/built-in.a
  CC [M]  sound/hda/core/trace.o
  AR      lib/raid/xor/tests/built-in.a
  CC [M]  lib/raid/xor/xor-core.o
  CC      arch/x86/kernel/pci-dma.o
  CC [M]  drivers/video/fbdev/core/fb_ddc.o
  CC      fs/nfs_common/nfs_ssc.o
  CC      kernel/irq/devres.o
  CC      security/landlock/tsync.o
  CC [M]  lib/raid/xor/xor-8regs.o
  CC [M]  lib/raid/xor/xor-32regs.o
  CC      drivers/pci/controller/pci-hyperv.o
  CC [M]  lib/raid/xor/xor-8regs-prefetch.o
  CC [M]  sound/hda/core/component.o
  CC      arch/x86/mm/physaddr.o
  CC      kernel/irq/kexec.o
  CC      arch/x86/kernel/quirks.o
  AR      drivers/video/fbdev/core/built-in.a
  AR      drivers/video/fbdev/omap/built-in.a
  AR      drivers/video/fbdev/omap2/omapfb/dss/built-in.a
  AR      drivers/video/fbdev/omap2/omapfb/displays/built-in.a
  AR      drivers/video/fbdev/omap2/omapfb/built-in.a
  CC [M]  lib/raid/xor/xor-32regs-prefetch.o
  AR      drivers/video/fbdev/omap2/built-in.a
  CC      drivers/video/fbdev/xen-fbfront.o
  CC      fs/nfs_common/common.o
  CC [M]  lib/raid/xor/x86/xor-avx.o
  CC      security/landlock/net.o
  CC      kernel/irq/autoprobe.o
  CC      kernel/irq/irqdomain.o
  CC [M]  lib/raid/xor/x86/xor-sse.o
  CC      arch/x86/mm/tlb.o
  AR      lib/raid/xor/built-in.a
  LD [M]  lib/raid/xor/xor.o
  AR      lib/raid/raid6/built-in.a
  CC [M]  sound/hda/core/i915.o
  CC [M]  lib/raid/raid6/algos.o
  CC      arch/x86/kernel/kdebugfs.o
  CC      drivers/video/fbdev/vesafb.o
  CC [M]  fs/nfs_common/nfsacl.o
  CC [M]  sound/hda/common/bind.o
  CC      drivers/pci/controller/pci-hyperv-intf.o
  CC      arch/x86/kernel/alternative.o
  HOSTCC  lib/raid/raid6/mktables
  CC [M]  sound/hda/core/intel-dsp-config.o
  CC      drivers/video/fbdev/efifb.o
  CC      security/landlock/id.o
  CC      kernel/irq/proc.o
  CC [M]  fs/nfs_common/grace.o
  CC      arch/x86/mm/cpu_entry_area.o
  CC [M]  sound/hda/common/codec.o
  CC      drivers/pci/controller/vmd.o
  UNROLL  lib/raid/raid6/int1.c
  CC      security/landlock/audit.o
  UNROLL  lib/raid/raid6/int2.c
  UNROLL  lib/raid/raid6/int4.c
  UNROLL  lib/raid/raid6/int8.c
  CC [M]  lib/raid/raid6/recov.o
  CC [M]  drivers/video/fbdev/i740fb.o
  CC [M]  sound/hda/core/intel-nhlt.o
  CC      kernel/irq/migration.o
  CC [M]  lib/raid/raid6/x86/sse2.o
  CC      arch/x86/mm/maccess.o
  AR      fs/nfs_common/built-in.a
  LD [M]  fs/nfs_common/nfs_acl.o
  CC      fs/coredump.o
  CC      mm/madvise.o
  CC      net/core/sock_diag.o
  CC [M]  lib/raid/raid6/x86/avx2.o
  AR      drivers/pci/controller/dwc/built-in.a
  AR      drivers/pci/controller/mobiveil/built-in.a
  AR      drivers/pci/controller/plda/built-in.a
  AR      drivers/pci/controller/built-in.a
  AR      drivers/pci/switch/built-in.a
  CC      drivers/pci/trace.o
  CC      arch/x86/mm/pgprot.o
  CC [M]  lib/raid/raid6/x86/avx512.o
  CC      kernel/irq/cpuhotplug.o
  CC [M]  sound/hda/core/intel-sdw-acpi.o
  CC      arch/x86/kernel/i8253.o
  CC      security/landlock/domain.o
  CC [M]  lib/raid/raid6/x86/recov_ssse3.o
  CC [M]  drivers/video/fbdev/cirrusfb.o
  CC      arch/x86/mm/pat/set_memory.o
  CC      arch/x86/kernel/hw_breakpoint.o
  CC      kernel/irq/pm.o
  CC [M]  lib/raid/raid6/x86/recov_avx2.o
  AR      drivers/pci/built-in.a
  CC [M]  lib/raid/raid6/x86/recov_avx512.o
  LD [M]  sound/hda/core/snd-hda-core.o
  LD [M]  sound/hda/core/snd-intel-dspcfg.o
  LD [M]  sound/hda/core/snd-intel-sdw-acpi.o
  CC      net/core/dev_ioctl.o
  CC [M]  sound/hda/common/jack.o
  CC [M]  sound/hda/common/auto_parser.o
  TABLE   lib/raid/raid6/tables.c
  CC [M]  lib/raid/raid6/int1.o
  CC [M]  sound/hda/codecs/generic.o
  CC      kernel/irq/msi.o
  CC [M]  lib/raid/raid6/int2.o
  AR      security/landlock/built-in.a
  CC      security/integrity/iint.o
  CC [M]  lib/raid/raid6/int4.o
  CC [M]  lib/raid/raid6/int8.o
  CC      arch/x86/kernel/tsc.o
  CC [M]  lib/raid/raid6/tables.o
  LD [M]  lib/raid/raid6/raid6_pq.o
  AR      lib/raid/built-in.a
  CC      mm/page_io.o
  CC      lib/iomap.o
  CC      mm/swap_state.o
  CC      fs/drop_caches.o
  CC [M]  drivers/video/fbdev/nvidia/nvidia.o
  CC      security/integrity/integrity_audit.o
  CC [M]  sound/hda/common/sysfs.o
  CC      arch/x86/mm/pat/memtype.o
  CC      kernel/irq/affinity.o
  CC      net/core/tso.o
  CC      lib/iomap_copy.o
  CC      arch/x86/kernel/tsc_msr.o
  CC      fs/sysctls.o
  CC      security/integrity/efi_secureboot.o
  CC      lib/devres.o
  CC [M]  sound/hda/common/controller.o
  CC      fs/fhandle.o
  CC      fs/iomap/trace.o
  CC      arch/x86/kernel/io_delay.o
  CC      kernel/irq/matrix.o
  CC [M]  drivers/video/fbdev/nvidia/nv_hw.o
  CC      security/integrity/ima/ima_fs.o
  CC      arch/x86/mm/pat/memtype_interval.o
  CC      mm/swapfile.o
  CC      arch/x86/kernel/rtc.o
  CC      lib/check_signature.o
  CC      lib/btree.o
  CC      net/core/sock_reuseport.o
  AR      arch/x86/mm/pat/built-in.a
  CC      arch/x86/mm/hugetlbpage.o
  CC      fs/quota/dquot.o
  CC      fs/iomap/iter.o
  CC      arch/x86/kernel/resource.o
  CC [M]  drivers/video/fbdev/nvidia/nv_setup.o
  CC      security/integrity/ima/ima_queue.o
  AR      kernel/irq/built-in.a
  CC      kernel/rcu/update.o
  AS      arch/x86/kernel/irqflags.o
  CC      arch/x86/mm/numa.o
  CC [M]  sound/hda/common/proc.o
  CC [M]  sound/hda/codecs/hdmi/hdmi.o
  CC      arch/x86/kernel/static_call.o
  CC      lib/interval_tree.o
  CC      lib/assoc_array.o
  CC      fs/iomap/buffered-io.o
  CC [M]  drivers/video/fbdev/nvidia/nv_accel.o
  CC      security/integrity/ima/ima_init.o
  CC      arch/x86/kernel/process.o
  CC      net/core/fib_notifier.o
  CC      arch/x86/mm/amdtopology.o
  LD [M]  sound/hda/common/snd-hda-codec.o
  CC      arch/x86/mm/srat.o
  CC      lib/list_debug.o
  CC [M]  drivers/video/fbdev/nvidia/nv_of.o
  CC      security/integrity/ima/ima_main.o
  CC      lib/bitrev.o
  CC      arch/x86/mm/pkeys.o
  CC [M]  sound/hda/codecs/hdmi/eld.o
  CC      kernel/rcu/sync.o
  CC [M]  drivers/video/fbdev/aty/radeon_base.o
  CC      mm/zswap.o
  CC      kernel/rcu/srcutree.o
  CC      fs/quota/quota.o
  CC [M]  drivers/video/fbdev/nvidia/nv_backlight.o
  CC      lib/xxhash.o
  CC      net/core/xdp.o
  CC      arch/x86/mm/kaslr.o
  CC [M]  sound/hda/codecs/hdmi/simplehdmi.o
  CC      arch/x86/kernel/fpu/init.o
  CC      fs/iomap/direct-io.o
  LD [M]  drivers/video/fbdev/nvidia/nvidiafb.o
  CC      security/integrity/ima/ima_crypto.o
  CC      arch/x86/kernel/fpu/bugs.o
  CC      security/integrity/ima/ima_api.o
  CC      arch/x86/mm/pti.o
  CC      lib/genalloc.o
  CC      arch/x86/kernel/fpu/core.o
  CC      fs/quota/kqid.o
  CC [M]  sound/hda/codecs/hdmi/intelhdmi.o
  CC      mm/dmapool.o
  CC [M]  drivers/video/fbdev/aty/radeon_pm.o
  CC      kernel/rcu/tree.o
  CC      arch/x86/mm/mem_encrypt.o
  CC [M]  drivers/video/fbdev/aty/radeon_monitor.o
  CC      lib/zlib_inflate/inffast.o
  CC      security/integrity/ima/ima_policy.o
  CC      fs/quota/netlink.o
  CC      fs/iomap/ioend.o
  CC      lib/zlib_inflate/inflate.o
  CC [M]  sound/hda/codecs/hdmi/atihdmi.o
  CC      arch/x86/mm/mem_encrypt_amd.o
  CC      mm/hugetlb.o
  CC      net/core/flow_offload.o
  CC      arch/x86/kernel/fpu/regset.o
  CC      fs/proc/task_mmu.o
  CC      lib/zlib_inflate/infutil.o
  CC [M]  sound/hda/codecs/hdmi/nvhdmi.o
  CC [M]  drivers/video/fbdev/aty/radeon_accel.o
  CC      lib/zlib_inflate/inftrees.o
  CC [M]  fs/quota/quota_v2.o
  CC      lib/zlib_inflate/inflate_syms.o
  AS      arch/x86/mm/mem_encrypt_boot.o
  CC      arch/x86/kernel/fpu/signal.o
  AR      arch/x86/mm/built-in.a
  CC [M]  drivers/video/fbdev/aty/radeon_i2c.o
  CC      security/integrity/ima/ima_template.o
  CC      fs/iomap/fiemap.o
  CC [M]  sound/hda/codecs/hdmi/nvhdmi-mcp.o
  CC [M]  fs/quota/quota_tree.o
  AR      lib/zlib_inflate/built-in.a
  CC      lib/zlib_deflate/deflate.o
  CC      lib/zlib_deflate/deftree.o
  CC [M]  drivers/video/fbdev/aty/radeon_backlight.o
  CC      arch/x86/kernel/fpu/xstate.o
  CC      net/core/gro.o
  CC      fs/iomap/seek.o
  CC [M]  sound/hda/codecs/hdmi/tegrahdmi.o
  LD [M]  sound/hda/codecs/hdmi/snd-hda-codec-hdmi.o
  AS      arch/x86/crypto/aesni-intel_asm.o
  CC      arch/x86/crypto/aesni-intel_glue.o
  CC      security/integrity/ima/ima_template_lib.o
  CC      lib/zlib_deflate/deflate_syms.o
  AR      fs/quota/built-in.a
  CC      security/integrity/ima/ima_kexec.o
  LD [M]  drivers/video/fbdev/aty/radeonfb.o
  AR      drivers/video/fbdev/built-in.a
  CC [M]  drivers/video/vgastate.o
  LD [M]  sound/hda/codecs/hdmi/snd-hda-codec-simplehdmi.o
  LD [M]  sound/hda/codecs/hdmi/snd-hda-codec-intelhdmi.o
  LD [M]  sound/hda/codecs/hdmi/snd-hda-codec-atihdmi.o
  CC      fs/iomap/bio.o
  LD [M]  sound/hda/codecs/hdmi/snd-hda-codec-nvhdmi.o
  LD [M]  sound/hda/codecs/hdmi/snd-hda-codec-nvhdmi-mcp.o
  LD [M]  sound/hda/codecs/hdmi/snd-hda-codec-tegrahdmi.o
  CC [M]  sound/hda/codecs/realtek/realtek.o
  AR      lib/zlib_deflate/built-in.a
  CC      lib/reed_solomon/reed_solomon.o
  AR      arch/x86/kernel/fpu/built-in.a
  CC      arch/x86/kernel/ptrace.o
  CC      fs/proc/inode.o
  CC      arch/x86/kernel/tls.o
  CC      kernel/rcu/rcu_segcblist.o
  CC      security/integrity/ima/ima_asymmetric_keys.o
  AS      arch/x86/crypto/aes-ctr-avx-x86_64.o
  AS      arch/x86/crypto/aes-gcm-aesni-x86_64.o
  AS      arch/x86/crypto/aes-gcm-vaes-avx2.o
  AS      arch/x86/crypto/aes-gcm-vaes-avx512.o
  AS      arch/x86/crypto/aes-xts-avx-x86_64.o
  AR      arch/x86/crypto/built-in.a
  CC      arch/x86/kernel/step.o
  CC      fs/iomap/swapfile.o
  CC      fs/proc/root.o
  AR      kernel/rcu/built-in.a
  CC      kernel/livepatch/core.o
  CC      fs/proc/base.o
  AR      drivers/video/built-in.a
  CC      drivers/idle/intel_idle.o
  AR      lib/reed_solomon/built-in.a
  CC      security/integrity/ima/ima_queue_keys.o
  CC      lib/lzo/lzo1x_compress.o
  CC      net/core/netdev-genl.o
  AR      kernel/liveupdate/built-in.a
  CC      arch/x86/kernel/tboot.o
  CC [M]  sound/hda/codecs/realtek/alc260.o
  CC      mm/hugetlb_sysfs.o
  CC      lib/lz4/lz4_compress.o
  CC      security/integrity/ima/ima_iint.o
  CC      lib/lzo/lzo1x_compress_safe.o
  CC      kernel/livepatch/patch.o
  AR      fs/iomap/built-in.a
  CC      net/ethernet/eth.o
  CC [M]  sound/hda/controllers/intel.o
  CC [M]  sound/hda/codecs/realtek/alc262.o
  CC      arch/x86/kernel/i8237.o
  AR      drivers/idle/built-in.a
  CC      mm/hugetlb_sysctl.o
  CC      drivers/char/ipmi/ipmi_dmi.o
  CC      kernel/livepatch/shadow.o
  CC      arch/x86/kernel/stacktrace.o
  CC      lib/lzo/lzo1x_decompress_safe.o
  AR      security/integrity/ima/built-in.a
  AR      security/integrity/built-in.a
  AR      security/built-in.a
  CC      fs/proc/generic.o
  CC [M]  sound/hda/codecs/realtek/alc268.o
  CC      mm/hugetlb_vmemmap.o
  CC      drivers/acpi/tables.o
  CC      drivers/char/ipmi/ipmi_plat_data.o
  CC      arch/x86/kernel/cpu/cacheinfo.o
  CC      kernel/livepatch/state.o
  AR      lib/lzo/built-in.a
  CC      lib/lz4/lz4_decompress.o
  CC      lib/zstd/zstd_compress_module.o
  CC      net/core/netdev-genl-gen.o
  LD [M]  sound/hda/controllers/snd-hda-intel.o
  CC [M]  drivers/char/ipmi/ipmi_msghandler.o
  CC [M]  sound/hda/codecs/realtek/alc269.o
  CC      drivers/acpi/osi.o
  AR      net/ethernet/built-in.a
  CC      fs/proc/array.o
  AR      net/802/built-in.a
  CC [M]  net/802/psnap.o
  CC      kernel/livepatch/transition.o
  CC      arch/x86/kernel/cpu/scattered.o
  CC      arch/x86/kernel/cpu/topology_common.o
  CC      mm/mempolicy.o
  CC      net/core/netdev_work.o
  CC      lib/zstd/compress/fse_compress.o
  CC      net/core/gso.o
  CC      lib/zstd/compress/hist.o
  CC      drivers/acpi/osl.o
  AR      kernel/livepatch/built-in.a
  CC      kernel/dma/mapping.o
  CC      lib/zstd/compress/huf_compress.o
  CC      fs/proc/fd.o
  CC      arch/x86/kernel/cpu/topology_ext.o
  AR      lib/lz4/built-in.a
  CC      lib/zstd/compress/zstd_compress.o
  CC [M]  net/802/stp.o
  CC      arch/x86/kernel/cpu/topology_amd.o
  CC      fs/kernfs/mount.o
  CC [M]  sound/hda/codecs/realtek/alc662.o
  CC      fs/proc/proc_tty.o
  CC      net/core/net-sysfs.o
  CC      arch/x86/kernel/cpu/cpuid_parser.o
  CC [M]  drivers/char/ipmi/ipmi_devintf.o
  CC      arch/x86/kernel/cpu/common.o
  CC      fs/proc/cmdline.o
  CC      drivers/acpi/utils.o
  CC      drivers/acpi/reboot.o
  CC [M]  net/802/garp.o
  CC [M]  sound/hda/codecs/realtek/alc680.o
  CC      fs/kernfs/inode.o
  CC      fs/proc/consoles.o
  CC      drivers/pnp/core.o
  CC [M]  drivers/char/ipmi/ipmi_si_intf.o
  CC      mm/sparse.o
  CC [M]  sound/hda/codecs/realtek/alc861.o
  CC      fs/kernfs/dir.o
  CC      fs/proc/cpuinfo.o
  CC      drivers/acpi/nvs.o
  CC      lib/zstd/compress/zstd_compress_literals.o
  CC      drivers/pnp/card.o
  CC      lib/zstd/compress/zstd_compress_sequences.o
  CC [M]  net/802/mrp.o
  CC      fs/proc/devices.o
  CC [M]  sound/hda/codecs/realtek/alc861vd.o
  CC      kernel/dma/direct.o
  CC      mm/sparse-vmemmap.o
  CC      net/core/hotdata.o
  CC      lib/zstd/compress/zstd_compress_superblock.o
  CC      drivers/acpi/wakeup.o
  CC [M]  drivers/char/ipmi/ipmi_kcs_sm.o
  CC      arch/x86/kernel/cpu/rdrand.o
  CC      lib/zstd/compress/zstd_double_fast.o
  CC      fs/proc/loadavg.o
  CC      arch/x86/kernel/cpu/match.o
  CC      drivers/pnp/driver.o
  CC [M]  sound/hda/codecs/realtek/alc880.o
  CC [M]  drivers/char/ipmi/ipmi_smic_sm.o
  CC      fs/proc/meminfo.o
  CC      drivers/acpi/sleep.o
  CC      kernel/dma/ops_helpers.o
  CC      arch/x86/kernel/cpu/bugs.o
  CC      fs/kernfs/file.o
  CC      mm/mmu_notifier.o
  CC      net/core/netdev_config.o
  CC      drivers/pnp/resource.o
  CC      net/sched/sch_generic.o
  CC [M]  drivers/char/ipmi/ipmi_bt_sm.o
  CC [M]  sound/hda/codecs/realtek/alc882.o
  CC      fs/proc/stat.o
  CC      kernel/dma/dummy.o
  CC      fs/proc/uptime.o
  CC      kernel/dma/swiotlb.o
  CC      mm/ksm.o
  CC [M]  drivers/char/ipmi/ipmi_si_hotmod.o
  CC      drivers/acpi/device_sysfs.o
  LD [M]  sound/hda/codecs/realtek/snd-hda-codec-realtek-lib.o
  LD [M]  sound/hda/codecs/realtek/snd-hda-codec-alc260.o
  LD [M]  sound/hda/codecs/realtek/snd-hda-codec-alc262.o
  LD [M]  sound/hda/codecs/realtek/snd-hda-codec-alc268.o
  CC      drivers/pnp/manager.o
  LD [M]  sound/hda/codecs/realtek/snd-hda-codec-alc269.o
  LD [M]  sound/hda/codecs/realtek/snd-hda-codec-alc662.o
  LD [M]  sound/hda/codecs/realtek/snd-hda-codec-alc680.o
  CC      fs/proc/util.o
  LD [M]  sound/hda/codecs/realtek/snd-hda-codec-alc861.o
  CC      fs/kernfs/symlink.o
  LD [M]  sound/hda/codecs/realtek/snd-hda-codec-alc861vd.o
  LD [M]  sound/hda/codecs/realtek/snd-hda-codec-alc880.o
  LD [M]  sound/hda/codecs/realtek/snd-hda-codec-alc882.o
  CC      net/core/netdev_rx_queue.o
  CC [M]  sound/hda/codecs/side-codecs/hda_component.o
  CC      lib/zstd/compress/zstd_fast.o
  CC [M]  drivers/char/ipmi/ipmi_si_hardcode.o
  CC      fs/proc/version.o
  CC      arch/x86/kernel/cpu/aperfmperf.o
  CC      drivers/acpi/device_pm.o
  AR      fs/kernfs/built-in.a
  CC      drivers/acpi/proc.o
  CC      drivers/pnp/support.o
  CC      fs/proc/softirqs.o
  CC      kernel/dma/pool.o
  CC [M]  drivers/char/ipmi/ipmi_si_platform.o
  LD [M]  sound/hda/codecs/side-codecs/snd-hda-scodec-component.o
  LD [M]  sound/hda/codecs/snd-hda-codec-generic.o
  LD [M]  sound/soundcore.o
  CC      arch/x86/kernel/cpu/cpuid-deps.o
  CC      fs/proc/namespaces.o
  CC      kernel/entry/common.o
  CC      kernel/entry/syscall-common.o
  CC      net/sched/sch_mq.o
  CC      drivers/pnp/interface.o
  CC      net/core/netdev_queues.o
  CC [M]  drivers/char/ipmi/ipmi_si_mem_io.o
  CC      kernel/dma/remap.o
  CC      arch/x86/kernel/cpu/cpuid_0x2_table.o
  CC      drivers/acpi/bus.o
  CC      fs/proc/self.o
  CC [M]  drivers/char/ipmi/ipmi_si_port_io.o
  CC      drivers/pnp/quirks.o
  CC      arch/x86/kernel/cpu/umwait.o
  CC      fs/proc/thread_self.o
  AR      kernel/dma/built-in.a
  CC      drivers/pnp/system.o
  CC      mm/memtest.o
  CC      drivers/pnp/pnpacpi/core.o
  CC      net/core/page_pool.o
  CC      kernel/entry/syscall_user_dispatch.o
  CC [M]  drivers/char/ipmi/ipmi_si_pci.o
  CC      lib/zstd/compress/zstd_lazy.o
  CC      fs/proc/proc_sysctl.o
  CC      lib/zstd/compress/zstd_ldm.o
  CC      arch/x86/kernel/acpi/boot.o
  MKCAP   arch/x86/kernel/cpu/capflags.c
  CC      mm/migrate.o
  CC      net/sched/sch_frag.o
  CC      drivers/pnp/pnpacpi/rsparser.o
  CC [M]  drivers/char/ipmi/ipmi_watchdog.o
  CC      fs/proc/proc_net.o
  CC      drivers/acpi/glue.o
  CC      kernel/entry/virt.o
  CC      arch/x86/kernel/acpi/sleep.o
  AR      drivers/pnp/pnpacpi/built-in.a
  AR      drivers/pnp/built-in.a
  AS      arch/x86/kernel/acpi/wakeup_64.o
  CC      arch/x86/kernel/acpi/apei.o
  CC [M]  drivers/char/ipmi/ipmi_poweroff.o
  AR      kernel/entry/built-in.a
  CC      kernel/unwind/user.o
  CC      drivers/acpi/scan.o
  CC      net/core/page_pool_user.o
  CC      net/sched/sch_api.o
  CC      net/sched/sch_blackhole.o
  CC      fs/proc/kcore.o
  CC      kernel/unwind/deferred.o
  CC      fs/proc/kmsg.o
  CC      arch/x86/kernel/acpi/cppc.o
  AR      drivers/char/ipmi/built-in.a
  LD [M]  drivers/char/ipmi/ipmi_si.o
  CC      arch/x86/kernel/acpi/madt_wakeup.o
  CC      drivers/acpi/mipi-disco-img.o
  AR      kernel/unwind/built-in.a
  CC      kernel/module/main.o
  CC      net/core/net-procfs.o
  CC      kernel/module/strict_rwx.o
  CC      lib/zstd/compress/zstd_opt.o
  AS      arch/x86/kernel/acpi/madt_playdead.o
  CC      fs/proc/page.o
  CC      mm/memory-tiers.o
  CC      arch/x86/kernel/acpi/cstate.o
  CC      mm/migrate_device.o
  CC      mm/huge_memory.o
  CC      drivers/acpi/resource.o
  CC      net/core/netpoll.o
  AR      arch/x86/kernel/acpi/built-in.a
  CC      net/sched/cls_api.o
  AR      fs/proc/built-in.a
  CC      fs/sysfs/file.o
  CC      net/core/fib_rules.o
  CC      fs/configfs/inode.o
  CC      drivers/acpi/acpi_processor.o
  CC      fs/configfs/file.o
  CC      fs/sysfs/dir.o
  CC      kernel/module/kmod.o
  CC      kernel/module/livepatch.o
  CC      kernel/kcmp.o
  CC      fs/configfs/dir.o
  CC      drivers/acpi/processor_core.o
  CC      fs/sysfs/symlink.o
  CC      fs/sysfs/mount.o
  CC      fs/sysfs/group.o
  CC      lib/xz/xz_dec_syms.o
  CC      kernel/module/tree_lookup.o
  CC      arch/x86/kernel/cpu/powerflags.o
  CC      net/core/net-traces.o
  CC      arch/x86/kernel/cpu/topology.o
  CC      drivers/acpi/processor_pdc.o
  AR      drivers/amba/built-in.a
  CC      kernel/module/kallsyms.o
  CC      drivers/clk/clk-devres.o
  AR      fs/sysfs/built-in.a
  CC      fs/devpts/inode.o
  CC      lib/xz/xz_dec_stream.o
  CC      lib/xz/xz_dec_lzma2.o
  CC      net/sched/act_api.o
  CC      fs/configfs/symlink.o
  CC      arch/x86/ia32/audit.o
  AR      arch/x86/ia32/built-in.a
  CC      drivers/clk/clk-bulk.o
  CC      drivers/acpi/ec.o
  CC      arch/x86/kernel/cpu/proc.o
  CC      kernel/module/procfs.o
  CC      drivers/clk/clkdev.o
  CC      lib/xz/xz_dec_bcj.o
  CC      fs/configfs/mount.o
  AR      fs/devpts/built-in.a
  CC      fs/configfs/item.o
  AR      lib/xz/built-in.a
  CC      arch/x86/kernel/cpu/feat_ctl.o
  CC      drivers/clk/clk.o
  CC      mm/khugepaged.o
  CC      kernel/module/sysfs.o
  CC      mm/page_counter.o
  CC      arch/x86/kernel/cpu/intel.o
  CC      arch/x86/kernel/cpu/tsx.o
  AR      fs/configfs/built-in.a
  CC      fs/netfs/buffered_read.o
  CC      fs/ext4/balloc.o
  CC      fs/netfs/buffered_write.o
  CC      kernel/module/kdb.o
  CC      net/sched/sch_fifo.o
  CC      arch/x86/kernel/cpu/intel_epb.o
  CC      drivers/acpi/pci_root.o
  AR      arch/x86/platform/atom/built-in.a
  AR      arch/x86/platform/ce4100/built-in.a
  CC      kernel/module/version.o
  CC      arch/x86/platform/efi/memmap.o
  CC      arch/x86/kernel/cpu/amd.o
  CC      arch/x86/platform/efi/quirks.o
  CC      fs/ext4/bitmap.o
  AR      kernel/module/built-in.a
  CC      fs/netfs/direct_read.o
  CC      kernel/freezer.o
  CC      net/sched/ematch.o
  CC      drivers/acpi/pci_link.o
  CC [M]  net/sched/act_police.o
  CC      fs/ext4/block_validity.o
  CC      arch/x86/kernel/cpu/amd_cache_disable.o
  CC      fs/netfs/direct_write.o
  CC      arch/x86/platform/efi/efi.o
  CC      kernel/profile.o
  CC      drivers/acpi/pci_irq.o
  CC      mm/memcontrol.o
  CC      drivers/clk/clk-divider.o
  CC      fs/ext4/dir.o
  CC      arch/x86/kernel/cpu/mce/core.o
  CC      arch/x86/kernel/cpu/mtrr/mtrr.o
  CC [M]  net/sched/act_gact.o
  CC      drivers/acpi/acpi_apd.o
  CC      kernel/stacktrace.o
  CC      arch/x86/platform/efi/efi_64.o
  CC      fs/netfs/iterator.o
  CC      drivers/acpi/acpi_platform.o
  CC      drivers/clk/clk-fixed-factor.o
  CC      fs/ext4/ext4_jbd2.o
  CC      arch/x86/kernel/cpu/mtrr/if.o
  CC      lib/zstd/compress/zstd_preSplit.o
  CC [M]  net/sched/act_mirred.o
  CC      lib/zstd/zstd_decompress_module.o
  CC      kernel/time/time.o
  AS      arch/x86/platform/efi/efi_stub_64.o
  CC      arch/x86/platform/efi/runtime-map.o
  CC      arch/x86/kernel/cpu/mtrr/generic.o
  CC      net/core/drop_monitor.o
  CC      drivers/clk/clk-fixed-rate.o
  CC      drivers/acpi/acpi_pnp.o
  CC      fs/netfs/locking.o
  CC      lib/zstd/decompress/huf_decompress.o
  AR      arch/x86/platform/efi/built-in.a
  AR      arch/x86/platform/geode/built-in.a
  CC      fs/ext4/extents.o
  AR      arch/x86/platform/iris/built-in.a
  CC      arch/x86/platform/intel/iosf_mbi.o
  CC      arch/x86/kernel/cpu/mce/severity.o
  CC      drivers/clk/clk-gate.o
  CC      arch/x86/kernel/cpu/mtrr/cleanup.o
  CC [M]  net/sched/act_nat.o
  CC      drivers/acpi/power.o
  CC      kernel/time/timer.o
  CC      fs/netfs/main.o
  CC      net/core/selftests.o
  CC      arch/x86/kernel/cpu/mce/genpool.o
  AR      arch/x86/platform/intel/built-in.a
  CC      drivers/clk/clk-multiplier.o
  CC      arch/x86/platform/intel-mid/intel-mid.o
  AR      arch/x86/kernel/cpu/mtrr/built-in.a
  CC      drivers/clk/clk-mux.o
  CC      drivers/acpi/event.o
  CC      arch/x86/kernel/cpu/mce/intel.o
  CC [M]  net/sched/act_pedit.o
  CC [M]  net/sched/act_skbedit.o
  CC      arch/x86/platform/intel-mid/pwr.o
  CC      drivers/clk/clk-composite.o
  CC      arch/x86/kernel/cpu/mce/amd.o
  CC      mm/vmpressure.o
  CC      lib/zstd/decompress/zstd_ddict.o
  CC      lib/zstd/decompress/zstd_decompress.o
  CC      drivers/acpi/evged.o
  AR      arch/x86/platform/intel-mid/built-in.a
  CC      net/core/timestamping.o
  AR      arch/x86/platform/intel-quark/built-in.a
  AR      arch/x86/platform/olpc/built-in.a
  AR      arch/x86/platform/scx200/built-in.a
  CC      kernel/time/hrtimer.o
  AR      arch/x86/platform/ts5500/built-in.a
  AR      arch/x86/platform/uv/built-in.a
  AR      arch/x86/platform/built-in.a
  CC      drivers/clk/clk-fractional-divider.o
  CC      fs/netfs/misc.o
  CC      fs/netfs/objects.o
  CC      drivers/clk/clk-gpio.o
  CC [M]  net/sched/act_csum.o
  CC      drivers/acpi/sysfs.o
  CC      mm/bpf_memcontrol.o
  CC      lib/zstd/decompress/zstd_decompress_block.o
  CC      fs/ext4/extents_status.o
  CC      fs/ext4/file.o
  AR      drivers/clk/actions/built-in.a
  AR      drivers/clk/analogbits/built-in.a
  AR      drivers/clk/aspeed/built-in.a
  AR      drivers/clk/bcm/built-in.a
  AR      drivers/clk/imgtec/built-in.a
  AR      drivers/clk/imx/built-in.a
  AR      drivers/clk/ingenic/built-in.a
  AR      drivers/clk/keystone/built-in.a
  AR      drivers/clk/mediatek/built-in.a
  CC      mm/hugetlb_cgroup.o
  AR      drivers/clk/microchip/built-in.a
  AR      drivers/clk/mstar/built-in.a
  AR      drivers/clk/mvebu/built-in.a
  AR      drivers/clk/ralink/built-in.a
  CC      net/core/ptp_classifier.o
  AR      drivers/clk/renesas/built-in.a
  AR      drivers/clk/socfpga/built-in.a
  AR      drivers/clk/sophgo/built-in.a
  AR      drivers/clk/spacemit/built-in.a
  AR      drivers/clk/sprd/built-in.a
  AR      drivers/clk/starfive/built-in.a
  AR      drivers/clk/sunxi-ng/built-in.a
  CC      drivers/acpi/property.o
  CC      lib/textsearch.o
  AR      drivers/clk/tenstorrent/built-in.a
  AR      drivers/clk/ti/built-in.a
  AR      drivers/clk/versatile/built-in.a
  CC      drivers/clk/x86/clk-lpss-atom.o
  CC      arch/x86/kernel/cpu/mce/threshold.o
  CC      fs/netfs/read_collect.o
  CC      kernel/time/sleep_timeout.o
  CC [M]  net/sched/act_bpf.o
  CC      drivers/clk/x86/clk-pmc-atom.o
  CC      kernel/futex/core.o
  CC      kernel/futex/syscalls.o
  CC      mm/memory-failure.o
  CC      arch/x86/kernel/cpu/mce/apei.o
  CC      kernel/time/timekeeping.o
  CC      fs/ext4/fsmap.o
  AR      drivers/clk/x86/built-in.a
  AR      drivers/clk/xilinx/built-in.a
  AR      drivers/clk/built-in.a
  CC      drivers/acpi/debugfs.o
  CC      arch/x86/kernel/reboot.o
  CC      net/core/netprio_cgroup.o
  CC [M]  net/sched/act_tunnel_key.o
  CC      lib/zstd/zstd_common_module.o
  CC      fs/netfs/read_pgpriv2.o
  CC      arch/x86/kernel/cpu/mce/dev-mcelog.o
  CC      lib/zstd/common/debug.o
  CC [M]  net/sched/sch_htb.o
  CC      kernel/futex/pi.o
  CC      drivers/acpi/acpi_lpat.o
  CC      fs/ext4/fsync.o
  CC      lib/zstd/common/entropy_common.o
  CC      net/core/netclassid_cgroup.o
  CC      fs/netfs/read_retry.o
  CC      net/core/dst_cache.o
  AR      arch/x86/kernel/cpu/mce/built-in.a
  CC      arch/x86/kernel/cpu/microcode/core.o
  CC      lib/zstd/common/error_private.o
  CC      kernel/time/ntp.o
  CC      lib/zstd/common/fse_decompress.o
  CC      kernel/futex/requeue.o
  CC      mm/page_isolation.o
  CC      drivers/acpi/acpi_lpit.o
  CC      mm/zsmalloc.o
  CC      lib/zstd/common/zstd_common.o
  CC      fs/netfs/read_single.o
  CC      arch/x86/kernel/cpu/microcode/intel.o
  AR      lib/zstd/built-in.a
  CC      fs/ext4/hash.o
  CC      lib/percpu_counter.o
  CC      kernel/time/clocksource.o
  CC      kernel/futex/waitwake.o
  CC      drivers/dma/dmaengine.o
  CC [M]  net/sched/sch_hfsc.o
  CC      drivers/acpi/prmt.o
  CC      kernel/dma.o
  CC      net/core/gro_cells.o
  CC      fs/ext4/ialloc.o
  CC      lib/iommu-helper.o
  AR      kernel/futex/built-in.a
  CC      arch/x86/kernel/cpu/microcode/amd.o
  CC      lib/syscall.o
  CC      fs/netfs/rolling_buffer.o
  CC      mm/early_ioremap.o
  CC      fs/ext2/balloc.o
  CC      kernel/time/jiffies.o
  CC      fs/jbd2/transaction.o
  CC      lib/dynamic_debug.o
  CC      drivers/acpi/acpi_pcc.o
  CC [M]  net/sched/sch_red.o
  CC      mm/numa.o
  AR      arch/x86/kernel/cpu/microcode/built-in.a
  CC      arch/x86/kernel/cpu/sgx/driver.o
  CC      drivers/dma/acpi-dma.o
  CC      net/core/failover.o
  CC      drivers/acpi/acpi_mrrm.o
  CC      kernel/time/timer_list.o
  CC      fs/netfs/write_collect.o
  CC      fs/ext2/dir.o
  CC      fs/ext4/indirect.o
  CC      mm/numa_memblks.o
  CC      drivers/acpi/acpi_adxl.o
  CC      kernel/time/timeconv.o
  CC      arch/x86/kernel/cpu/sgx/encl.o
  CC      drivers/dma/dw/core.o
  CC [M]  net/sched/sch_gred.o
  CC      fs/jbd2/commit.o
  CC      net/core/skmsg.o
  CC      fs/ext2/file.o
  CC      drivers/acpi/acpica/dsargs.o
  CC      mm/balloon.o
  CC      fs/netfs/write_issue.o
  CC      kernel/time/timecounter.o
  CC      kernel/time/alarmtimer.o
  CC      lib/errname.o
  CC      drivers/acpi/acpica/dscontrol.o
  CC      lib/nlattr.o
  CC      fs/ext2/ialloc.o
  CC      fs/ext4/inline.o
  CC      drivers/acpi/acpica/dsdebug.o
  CC      drivers/dma/dw/dw.o
  CC      arch/x86/kernel/cpu/sgx/ioctl.o
  CC      mm/secretmem.o
  CC      drivers/acpi/acpica/dsfield.o
  CC [M]  net/sched/sch_ingress.o
  CC      fs/jbd2/recovery.o
  CC      drivers/acpi/acpica/dsinit.o
  CC      fs/ext2/inode.o
  CC      kernel/time/posix-timers.o
  CC      fs/netfs/write_retry.o
  CC      drivers/acpi/acpica/dsmethod.o
  CC      drivers/dma/dw/idma32.o
  CC      mm/userfaultfd.o
  CC      lib/cpu_rmap.o
  CC [M]  net/sched/sch_sfb.o
  CC      arch/x86/kernel/cpu/sgx/main.o
  CC      drivers/acpi/acpica/dsmthdat.o
  CC      fs/ext4/inode.o
  CC      fs/jbd2/checkpoint.o
  CC      net/core/sock_map.o
  CC      lib/dynamic_queue_limits.o
  CC      fs/netfs/fscache_cache.o
  CC      fs/ext2/ioctl.o
  CC      drivers/acpi/acpica/dsobject.o
  CC      drivers/dma/dw/acpi.o
  CC      drivers/acpi/acpica/dsopcode.o
  CC      fs/ext2/namei.o
  CC      kernel/time/posix-cpu-timers.o
  CC      fs/jbd2/revoke.o
  CC [M]  net/sched/sch_sfq.o
  CC      drivers/acpi/acpica/dspkginit.o
  CC      lib/glob.o
  CC      fs/netfs/fscache_cookie.o
  CC      fs/ext2/super.o
  CC      arch/x86/kernel/cpu/sgx/virt.o
  CC      drivers/dma/dw/pci.o
  CC      drivers/acpi/acpica/dsutils.o
  CC      fs/jbd2/journal.o
  CC      kernel/time/posix-clock.o
  CC      drivers/acpi/acpica/dswexec.o
  CC      lib/dim/dim.o
  AR      drivers/dma/dw/built-in.a
  CC      drivers/dma/ioat/init.o
  CC [M]  net/sched/sch_tbf.o
  CC      net/core/bpf_sk_storage.o
  CC      drivers/acpi/acpica/dswload.o
  CC      mm/usercopy.o
  CC      fs/ext2/symlink.o
  CC      lib/dim/net_dim.o
  CC      kernel/time/itimer.o
  AR      arch/x86/kernel/cpu/sgx/built-in.a
  CC      arch/x86/kernel/cpu/perfctr-watchdog.o
  CC      drivers/acpi/acpica/dswload2.o
  CC      fs/netfs/fscache_io.o
  CC      drivers/acpi/acpica/dswscope.o
  CC      fs/ext2/trace.o
  CC      drivers/dma/ioat/dma.o
  CC [M]  net/sched/sch_teql.o
  CC      drivers/acpi/acpica/dswstate.o
  CC      mm/memremap.o
  CC      arch/x86/kernel/cpu/vmware.o
  CC      kernel/time/clockevents.o
  CC      drivers/acpi/acpica/evevent.o
  CC      lib/dim/rdma_dim.o
  CC      fs/netfs/fscache_main.o
  AR      fs/ext2/built-in.a
  CC      kernel/time/tick-common.o
  CC      fs/ext4/ioctl.o
  CC      net/core/devmem.o
  CC      arch/x86/kernel/cpu/hypervisor.o
  CC      drivers/acpi/acpica/evgpe.o
  CC      drivers/dma/ioat/prep.o
  CC [M]  net/sched/sch_prio.o
  AR      lib/dim/built-in.a
  CC      lib/strncpy_from_user.o
  CC      mm/hmm.o
  CC      drivers/acpi/acpica/evgpeblk.o
  CC      arch/x86/kernel/cpu/mshyperv.o
  AR      fs/jbd2/built-in.a
  CC      arch/x86/kernel/cpu/debugfs.o
  CC      mm/memfd.o
  CC      drivers/acpi/acpica/evgpeinit.o
  CC      lib/strnlen_user.o
  CC      kernel/time/tick-broadcast.o
  CC      drivers/acpi/acpica/evgpeutil.o
  CC      drivers/dma/ioat/dca.o
  AR      net/core/built-in.a
  CC      fs/netfs/fscache_volume.o
  CC      drivers/dma/ioat/sysfs.o
  CC [M]  net/sched/sch_multiq.o
  CC      fs/netfs/fscache_proc.o
  CC      drivers/acpi/acpica/evglock.o
  CC      drivers/acpi/acpica/evhandler.o
  CC      lib/net_utils.o
  CC      fs/ext4/mballoc.o
  CC      mm/mapping_dirty_helpers.o
  CC      lib/sg_pool.o
  CC      lib/memregion.o
  CC      mm/page_reporting.o
  CC      arch/x86/kernel/cpu/bus_lock.o
  AR      drivers/dma/ioat/built-in.a
  AR      drivers/dma/idxd/built-in.a
  AR      drivers/dma/amd/built-in.a
  CC      drivers/acpi/acpica/evmisc.o
  AR      drivers/dma/loongson/built-in.a
  AR      drivers/dma/mediatek/built-in.a
  AR      drivers/dma/qcom/built-in.a
  AR      drivers/dma/stm32/built-in.a
  AR      drivers/dma/ti/built-in.a
  AR      drivers/dma/xilinx/built-in.a
  CC [M]  drivers/dma/virt-dma.o
  CC      kernel/time/tick-broadcast-hrtimer.o
  CC [M]  net/sched/sch_netem.o
  CC [M]  drivers/dma/idma64.o
  CC      drivers/acpi/acpica/evregion.o
  AR      fs/netfs/built-in.a
  CC      lib/irq_poll.o
  CC      fs/ext4/migrate.o
  CC      fs/ext4/mmp.o
  CC      drivers/acpi/acpica/evrgnini.o
  CC      kernel/time/tick-oneshot.o
  CC      drivers/acpi/acpica/evsci.o
  CC      drivers/acpi/acpica/evxface.o
  CC      mm/bootmem_info.o
  CC      drivers/acpi/pci_slot.o
  CC [M]  drivers/dma/hsu/hsu.o
  AR      drivers/dma/built-in.a
  CC      arch/x86/kernel/early-quirks.o
  CC      kernel/time/tick-sched.o
  CC      arch/x86/kernel/cpu/capflags.o
  AR      arch/x86/kernel/cpu/built-in.a
  CC      drivers/acpi/processor_driver.o
  CC      drivers/acpi/processor_thermal.o
  CC      mm/execmem.o
  CC      drivers/acpi/acpica/evxfevnt.o
  CC [M]  net/sched/sch_drr.o
  CC      lib/asn1_decoder.o
  CC [M]  net/sched/sch_plug.o
  CC [M]  net/sched/sch_mqprio.o
  CC [M]  net/sched/sch_mqprio_lib.o
  CC      drivers/acpi/acpica/evxfgpe.o
  CC      drivers/acpi/acpica/evxfregn.o
  CC [M]  drivers/dma/hsu/pci.o
  CC      kernel/time/timer_migration.o
  CC      arch/x86/kernel/smp.o
  AR      mm/built-in.a
  CC      lib/fonts/fonts.o
  CC      arch/x86/kernel/smpboot.o
  CC      net/netlink/af_netlink.o
  CC      drivers/acpi/acpica/exconcat.o
  CC      net/netlink/genetlink.o
  CC      net/netlink/policy.o
  CC      net/netlink/diag.o
  LD [M]  drivers/dma/hsu/hsu_dma.o
  LD [M]  drivers/dma/hsu/hsu_dma_pci.o
  AR      drivers/soc/apple/built-in.a
  AR      drivers/soc/aspeed/built-in.a
  AR      drivers/soc/bcm/built-in.a
  AR      drivers/soc/fsl/built-in.a
  CC      drivers/acpi/acpica/exconfig.o
  AR      drivers/soc/fujitsu/built-in.a
  AR      drivers/soc/hisilicon/built-in.a
  AR      drivers/soc/imx/built-in.a
  AR      drivers/soc/ixp4xx/built-in.a
  CC      lib/fonts/font_rotate.o
  AR      drivers/soc/loongson/built-in.a
  CC [M]  net/sched/sch_choke.o
  AR      drivers/soc/mediatek/built-in.a
  AR      drivers/soc/microchip/built-in.a
  AR      drivers/soc/nuvoton/built-in.a
  AR      drivers/soc/pxa/built-in.a
  AR      drivers/soc/amlogic/built-in.a
  AR      drivers/soc/qcom/built-in.a
  AR      drivers/soc/renesas/built-in.a
  AR      drivers/soc/rockchip/built-in.a
  AR      drivers/soc/sophgo/built-in.a
  AR      drivers/soc/sunxi/built-in.a
  AR      drivers/soc/ti/built-in.a
  AR      drivers/soc/versatile/built-in.a
  AR      drivers/soc/vt8500/built-in.a
  AR      drivers/soc/xilinx/built-in.a
  AR      drivers/soc/built-in.a
  CC [M]  net/sched/sch_qfq.o
  CC      drivers/acpi/acpica/exconvrt.o
  CC      lib/fonts/font_8x8.o
  CC      fs/squashfs/block.o
  CC      fs/ext4/move_extent.o
  CC      lib/fonts/font_8x16.o
  CC      fs/ext4/namei.o
  CC      arch/x86/kernel/tsc_sync.o
  CC      drivers/acpi/acpica/excreate.o
  CC      drivers/acpi/processor_idle.o
  CC      kernel/time/vsyscall.o
  AR      lib/fonts/built-in.a
  GEN     lib/oid_registry_data.c
  CC      drivers/acpi/acpica/exdebug.o
  CC      fs/squashfs/cache.o
  CC      arch/x86/kernel/setup_percpu.o
  CC      drivers/acpi/acpica/exdump.o
  CC      kernel/time/timekeeping_debug.o
  CC      kernel/time/namespace.o
  CC      kernel/time/namespace_vdso.o
  CC [M]  net/sched/sch_codel.o
  CC      drivers/acpi/acpica/exfield.o
  CC      arch/x86/net/bpf_jit_comp.o
  CC      fs/squashfs/dir.o
  AS      arch/x86/net/bpf_timed_may_goto.o
  CC      drivers/acpi/acpica/exfldio.o
  CC      drivers/acpi/acpica/exmisc.o
  CC      arch/x86/kernel/ftrace.o
  CC      arch/x86/kernel/apic/apic.o
  CC      arch/x86/kernel/apic/apic_common.o
  AR      kernel/time/built-in.a
  CC      kernel/smp.o
  CC      arch/x86/kernel/apic/apic_noop.o
  CC      fs/squashfs/export.o
  CC      drivers/acpi/acpica/exmutex.o
  CC      drivers/acpi/acpica/exnames.o
  AR      net/netlink/built-in.a
  CC      arch/x86/kernel/apic/ipi.o
  CC [M]  net/sched/sch_fq_codel.o
  CC [M]  net/sched/sch_fq.o
  CC      drivers/acpi/acpica/exoparg1.o
  CC      fs/squashfs/file.o
  CC      arch/x86/kernel/apic/vector.o
  CC      arch/x86/kernel/apic/init.o
  CC      fs/ext4/page-io.o
  CC      drivers/acpi/acpica/exoparg2.o
  CC      drivers/acpi/acpica/exoparg3.o
  CC      arch/x86/kernel/apic/hw_nmi.o
  CC      drivers/acpi/acpica/exoparg6.o
  CC      fs/ext4/readpage.o
  CC      fs/squashfs/fragment.o
  CC      kernel/uid16.o
  CC      drivers/acpi/acpica/exprep.o
  CC      kernel/kallsyms.o
  AS      arch/x86/kernel/ftrace_64.o
  CC      arch/x86/kernel/trace_clock.o
  CC      fs/ext4/resize.o
  CC      fs/ext4/super.o
  CC      arch/x86/kernel/trace.o
  CC      drivers/acpi/acpica/exregion.o
  CC      fs/squashfs/id.o
  CC [M]  net/sched/sch_etf.o
  CC      lib/ucs2_string.o
  CC      drivers/acpi/acpica/exresnte.o
  CC      drivers/acpi/acpica/exresolv.o
  CC      arch/x86/kernel/apic/io_apic.o
  AR      arch/x86/net/built-in.a
  CC      arch/x86/kernel/apic/msi.o
  CC      fs/squashfs/inode.o
  CC      arch/x86/kernel/apic/x2apic_phys.o
  CC      arch/x86/kernel/apic/x2apic_cluster.o
  CC      arch/x86/kernel/apic/apic_flat_64.o
  CC      drivers/acpi/acpica/exresop.o
  CC      lib/sbitmap.o
  CC      kernel/acct.o
  CC      drivers/acpi/acpica/exserial.o
  CC      drivers/acpi/acpica/exstore.o
  CC      drivers/acpi/processor_throttling.o
  CC      fs/squashfs/namei.o
  CC      drivers/acpi/processor_perflib.o
  CC [M]  net/sched/cls_u32.o
  CC      lib/group_cpus.o
  CC      arch/x86/purgatory/purgatory.o
  AS      arch/x86/purgatory/stack.o
  CC      drivers/acpi/acpica/exstoren.o
  CC      drivers/virtio/virtio.o
  AS      arch/x86/purgatory/setup-x86_64.o
  CC      arch/x86/purgatory/sha256.o
  AS      arch/x86/purgatory/entry64.o
  CC      fs/squashfs/super.o
  CC [M]  net/sched/cls_route.o
  CC      drivers/acpi/acpica/exstorob.o
  CC      kernel/vmcore_info.o
  CC      arch/x86/kernel/apic/probe_64.o
  CC      kernel/elfcorehdr.o
  CC      arch/x86/purgatory/string.o
  CC      drivers/acpi/acpica/exsystem.o
  LD      arch/x86/purgatory/purgatory.ro
  LD      arch/x86/purgatory/purgatory.chk
  AS      arch/x86/purgatory/kexec-purgatory.o
  AR      arch/x86/purgatory/built-in.a
  CC      lib/pldmfw/pldmfw.o
  CC      lib/fw_table.o
  AR      arch/x86/kernel/apic/built-in.a
  CC      fs/squashfs/symlink.o
  CC      arch/x86/kernel/rethook.o
  CC      drivers/acpi/container.o
  CC      drivers/virtio/virtio_ring.o
  CC      drivers/acpi/acpica/extrace.o
  CC      drivers/acpi/thermal_lib.o
  CC      drivers/acpi/acpica/exutils.o
  CC      drivers/acpi/platform_profile.o
  CC      kernel/kexec_core.o
  CC      fs/squashfs/decompressor.o
  CC      kernel/kexec_file.o
  CC      kernel/compat.o
  CC [M]  net/sched/cls_fw.o
  CC      arch/x86/kernel/vmcore_info_64.o
  AR      lib/pldmfw/built-in.a
  CC      drivers/acpi/acpica/hwacpi.o
  CC [M]  lib/ts_kmp.o
  CC      arch/x86/kernel/machine_kexec_64.o
  CC      drivers/acpi/acpica/hwesleep.o
  CC [M]  lib/ts_bm.o
  CC      fs/squashfs/page_actor.o
  CC [M]  lib/ts_fsm.o
  CC      drivers/acpi/nfit/core.o
  CC      drivers/acpi/acpica/hwgpe.o
  CC      drivers/xen/cpu_hotplug.o
  CC      drivers/xen/grant-table.o
  CC [M]  net/sched/cls_basic.o
  CC      kernel/cgroup/cgroup.o
  CC      drivers/acpi/nfit/intel.o
  CC      fs/squashfs/file_direct.o
  CC      drivers/acpi/acpica/hwregs.o
  CC [M]  lib/asn1_encoder.o
  AS      arch/x86/kernel/relocate_kernel_64.o
  CC      arch/x86/kernel/kexec-bzimage64.o
  CC      arch/x86/kernel/kprobes/core.o
  CC      drivers/acpi/acpica/hwsleep.o
  CC      fs/squashfs/decompressor_single.o
  CC [M]  lib/parman.o
  CC      drivers/acpi/acpica/hwvalid.o
  CC [M]  net/sched/cls_flow.o
  CC [M]  net/sched/cls_cgroup.o
  CC      fs/ramfs/inode.o
  CC      fs/squashfs/xattr.o
  CC      drivers/acpi/acpica/hwxface.o
  CC      drivers/virtio/virtio_anchor.o
  CC      arch/x86/kernel/kprobes/opt.o
  CC      drivers/xen/features.o
  CC [M]  lib/objagg.o
  CC      fs/squashfs/xattr_id.o
  CC      drivers/acpi/acpica/hwxfsleep.o
  CC      fs/ramfs/file-mmu.o
  CC      drivers/acpi/nfit/mce.o
  CC      drivers/virtio/virtio_pci_modern_dev.o
  CC      fs/squashfs/lz4_wrapper.o
  CC      drivers/acpi/acpica/hwpci.o
  CC      fs/ext4/symlink.o
  CC      arch/x86/kernel/kprobes/ftrace.o
  CC      drivers/xen/balloon.o
  CC [M]  net/sched/cls_bpf.o
  CC      drivers/acpi/acpica/nsaccess.o
  AR      drivers/acpi/nfit/built-in.a
  CC      drivers/xen/manage.o
  CC      fs/squashfs/lzo_wrapper.o
  AR      fs/ramfs/built-in.a
  CC      drivers/acpi/nhlt.o
  AR      arch/x86/kernel/kprobes/built-in.a
  CC      arch/x86/kernel/module.o
  CC      drivers/acpi/acpica/nsalloc.o
  CC      drivers/acpi/acpica/nsarguments.o
  CC      drivers/virtio/virtio_pci_legacy_dev.o
  CC      drivers/virtio/virtio_mmio.o
  CC      drivers/acpi/acpica/nsconvert.o
  CC      fs/squashfs/xz_wrapper.o
  CC      fs/squashfs/zlib_wrapper.o
  CC      arch/x86/kernel/kgdb.o
  CC      arch/x86/kernel/early_printk.o
  CC [M]  net/sched/cls_flower.o
  CC      drivers/acpi/acpica/nsdump.o
  CC      drivers/xen/time.o
  CC      fs/ext4/sysfs.o
  TEST    lib/test_fortify/read_overflow-memchr.log
  CC      drivers/acpi/acpica/nseval.o
  CC      drivers/acpi/acpi_memhotplug.o
  CC      drivers/acpi/numa/srat.o
  CC      drivers/virtio/virtio_pci_modern.o
  AR      fs/squashfs/built-in.a
  CC      drivers/virtio/virtio_pci_common.o
  TEST    lib/test_fortify/read_overflow-memchr_inv.log
  TEST    lib/test_fortify/read_overflow-memcmp.log
  CC      drivers/acpi/acpica/nsinit.o
  CC      arch/x86/kernel/hpet.o
  CC      drivers/acpi/acpica/nsload.o
  TEST    lib/test_fortify/read_overflow-memscan.log
  CC      drivers/xen/mem-reservation.o
  CC      drivers/acpi/acpica/nsnames.o
  CC      fs/ext4/xattr.o
  CC      arch/x86/virt/svm/cmdline.o
  AR      lib/lib.a
  TEST    lib/test_fortify/read_overflow2-memcmp.log
  CC [M]  net/sched/cls_matchall.o
  CC      kernel/cgroup/rstat.o
  AR      arch/x86/virt/svm/built-in.a
  AR      arch/x86/virt/vmx/built-in.a
  CC      arch/x86/virt/hw.o
  AR      drivers/acpi/numa/built-in.a
  CC      drivers/virtio/virtio_pci_legacy.o
  CC      drivers/acpi/ioapic.o
  TEST    lib/test_fortify/read_overflow2-memcpy.log
  CC      drivers/acpi/acpica/nsobject.o
  TEST    lib/test_fortify/read_overflow2-memmove.log
  CC [M]  arch/x86/kvm/../../../virt/kvm/kvm_main.o
  TEST    lib/test_fortify/read_overflow2_field-memcpy.log
  CC      drivers/xen/events/events_base.o
  CC      arch/x86/kernel/amd_nb.o
  CC      drivers/acpi/acpica/nsparse.o
  CC      drivers/virtio/virtio_pci_admin_legacy_io.o
  CC      drivers/acpi/acpica/nspredef.o
  CC      kernel/cgroup/namespace.o
  AR      arch/x86/virt/built-in.a
  CC      drivers/acpi/acpica/nsprepkg.o
  TEST    lib/test_fortify/read_overflow2_field-memmove.log
  TEST    lib/test_fortify/write_overflow-memcpy.log
  CC [M]  arch/x86/kvm/../../../virt/kvm/eventfd.o
  CC [M]  arch/x86/kvm/../../../virt/kvm/binary_stats.o
  CC [M]  arch/x86/kvm/../../../virt/kvm/vfio.o
  CC      drivers/acpi/acpica/nsrepair.o
  TEST    lib/test_fortify/write_overflow-memmove.log
  TEST    lib/test_fortify/write_overflow-memset.log
  CC      drivers/virtio/virtio_balloon.o
  CC      arch/x86/kernel/amd_node.o
  CC [M]  net/sched/em_cmp.o
  CC      drivers/acpi/acpica/nsrepair2.o
  CC      fs/ext4/xattr_hurd.o
  TEST    lib/test_fortify/write_overflow-strcpy-lit.log
  TEST    lib/test_fortify/write_overflow-strcpy.log
  CC      kernel/cgroup/cgroup-v1.o
  CC      drivers/acpi/acpica/nssearch.o
  CC      kernel/cgroup/freezer.o
  TEST    lib/test_fortify/write_overflow-strscpy.log
  TEST    lib/test_fortify/write_overflow_field-memcpy.log
  CC      lib/oid_registry.o
  CC      arch/x86/kernel/kvm.o
  CC      drivers/acpi/acpica/nsutils.o
  CC      fs/ext4/xattr_trusted.o
  TEST    lib/test_fortify/write_overflow_field-memmove.log
  CC [M]  net/sched/em_nbyte.o
  CC [M]  drivers/virtio/virtio_mem.o
  CC [M]  net/sched/em_u32.o
  CC      drivers/xen/events/events_2l.o
  TEST    lib/test_fortify/write_overflow_field-memset.log
  CC      drivers/acpi/acpica/nswalk.o
  CC      drivers/xen/events/events_fifo.o
  CC      kernel/utsname.o
  CC      fs/ext4/xattr_user.o
  CAT     lib/test_fortify/test_fortify.log
  AR      lib/built-in.a
  CC      fs/ext4/fast_commit.o
  CC      drivers/acpi/acpica/nsxfeval.o
  CC      kernel/cgroup/legacy_freezer.o
  CC      kernel/cgroup/pids.o
  CC      kernel/cgroup/rdma.o
  CC [M]  net/sched/em_meta.o
  CC [M]  net/sched/em_text.o
  CC      kernel/user_namespace.o
  AR      drivers/xen/events/built-in.a
  CC      drivers/xen/xenbus/xenbus_client.o
  CC      drivers/acpi/acpica/nsxfname.o
  CC      fs/hugetlbfs/inode.o
  CC      fs/fat/cache.o
  CC      arch/x86/kernel/kvmclock.o
  AR      drivers/virtio/built-in.a
  CC      arch/x86/kernel/paravirt.o
  CC      arch/x86/kernel/paravirt-spinlocks.o
  CC      kernel/cgroup/cpuset.o
  CC      drivers/acpi/acpica/nsxfobj.o
  CC [M]  net/sched/em_ipset.o
  CC      fs/fat/dir.o
  CC      drivers/acpi/acpica/psargs.o
  CC      drivers/xen/xenbus/xenbus_comms.o
  CC      kernel/cgroup/cpuset-v1.o
  CC      arch/x86/kernel/pvclock.o
  CC      drivers/acpi/acpica/psloop.o
  CC [M]  arch/x86/kvm/../../../virt/kvm/coalesced_mmio.o
  CC      fs/ext4/orphan.o
  CC      drivers/acpi/hed.o
  CC      drivers/acpi/acpica/psobject.o
  CC      drivers/acpi/cppc_acpi.o
  AR      fs/hugetlbfs/built-in.a
  CC      arch/x86/kernel/check.o
  CC      drivers/xen/xenbus/xenbus_xs.o
  CC      drivers/acpi/acpica/psopcode.o
  AR      net/sched/built-in.a
  CC      net/bpf/test_run.o
  CC      net/ethtool/ioctl.o
  CC      drivers/acpi/spcr.o
  CC [M]  arch/x86/kvm/../../../virt/kvm/async_pf.o
  CC      net/ethtool/common.o
  CC      drivers/acpi/acpica/psopinfo.o
  CC      fs/ext4/acl.o
  CC      arch/x86/kernel/uprobes.o
  CC      drivers/acpi/acpica/psparse.o
  CC      fs/fat/fatent.o
  CC      fs/fat/file.o
  CC      drivers/xen/xenbus/xenbus_probe.o
  CC      drivers/acpi/acpica/psscope.o
  CC [M]  arch/x86/kvm/../../../virt/kvm/irqchip.o
  AR      kernel/cgroup/built-in.a
  CC      kernel/pid_namespace.o
  CC [M]  arch/x86/kvm/../../../virt/kvm/dirty_ring.o
  CC      fs/ext4/xattr_security.o
  CC      drivers/acpi/acpica/pstree.o
  CC      arch/x86/kernel/perf_regs.o
  CC      drivers/acpi/acpica/psutils.o
  CC      drivers/acpi/acpica/pswalk.o
  CC [M]  arch/x86/kvm/../../../virt/kvm/pfncache.o
  CC      drivers/xen/xenbus/xenbus_probe_backend.o
  CC      fs/fat/inode.o
  CC      net/bpf/bpf_dummy_struct_ops.o
  AR      fs/ext4/built-in.a
  CC      net/netfilter/core.o
  CC      drivers/acpi/acpica/psxface.o
  UPD     kernel/config_data
  CC      kernel/stop_machine.o
  CC      kernel/audit.o
  CC      fs/fat/misc.o
  CC      arch/x86/kernel/itmt.o
  CC      drivers/acpi/acpica/rsaddr.o
  CC      arch/x86/kernel/umip.o
  CC      drivers/acpi/acpica/rscalc.o
  CC      drivers/xen/xenbus/xenbus_dev_frontend.o
  CC      drivers/acpi/acpica/rscreate.o
  CC [M]  arch/x86/kvm/../../../virt/kvm/guest_memfd.o
  AR      net/bpf/built-in.a
  CC [M]  arch/x86/kvm/x86.o
  CC      net/ethtool/netlink.o
  CC      arch/x86/kernel/unwind_frame.o
  CC      drivers/acpi/acpica/rsdumpinfo.o
  CC      net/netfilter/nf_log.o
  CC      net/netfilter/nf_queue.o
  CC      fs/fat/nfs.o
  CC      drivers/acpi/acpica/rsinfo.o
  CC      drivers/acpi/acpi_pad.o
  CC      drivers/xen/xenbus/xenbus_dev_backend.o
  CC      drivers/acpi/acpica/rsio.o
  CC      drivers/acpi/apei/apei-base.o
  CC      arch/x86/kernel/callthunks.o
  CC      drivers/acpi/acpica/rsirq.o
  CC      fs/fat/namei_vfat.o
  CC      kernel/auditfilter.o
  CC      drivers/xen/xenbus/xenbus_probe_frontend.o
  CC      net/ethtool/bitset.o
  CC      drivers/acpi/acpica/rslist.o
  CC      net/netfilter/nf_sockopt.o
  CC [M]  arch/x86/kvm/emulate.o
  CC      drivers/acpi/acpica/rsmemory.o
  CC      drivers/acpi/apei/hest.o
  CC      arch/x86/kernel/cet.o
  CC      net/ethtool/strset.o
  CC      drivers/acpi/acpica/rsmisc.o
  CC      drivers/acpi/apei/erst.o
  AR      drivers/xen/xenbus/built-in.a
  CC      drivers/xen/pci.o
  CC [M]  fs/fat/namei_msdos.o
  CC      drivers/acpi/acpica/rsserial.o
  CC      kernel/auditsc.o
  CC      net/netfilter/utils.o
  CC      arch/x86/kernel/audit_64.o
  CC      drivers/acpi/pmic/intel_pmic.o
  CC      drivers/acpi/acpica/rsutils.o
  CC [M]  arch/x86/kvm/irq.o
  CC      net/ethtool/linkinfo.o
  CC      arch/x86/kernel/amd_gart_64.o
  CC      drivers/acpi/acpica/rsxface.o
  AR      fs/fat/built-in.a
  LD [M]  fs/fat/msdos.o
  CC      fs/exportfs/expfs.o
  CC      drivers/acpi/apei/bert.o
  CC      drivers/xen/dbgp.o
  AR      drivers/acpi/pmic/built-in.a
  CC [M]  arch/x86/kvm/lapic.o
  CC      drivers/acpi/acpica/tbdata.o
  CC      net/ethtool/linkmodes.o
  CC      drivers/acpi/apei/ghes.o
  CC      arch/x86/kernel/aperture_64.o
  AR      fs/exportfs/built-in.a
  CC      fs/nls/nls_base.o
  CC      drivers/xen/acpi.o
  CC      drivers/acpi/acpica/tbfadt.o
  CC      net/netfilter/nfnetlink.o
  CC      drivers/acpi/acpica/tbfind.o
  CC      net/ethtool/rss.o
  CC      arch/x86/kernel/mmconf-fam10h_64.o
  CC      arch/x86/kernel/vsmp_64.o
  CC      kernel/audit_watch.o
  CC      fs/nls/nls_cp437.o
  CC      drivers/acpi/acpica/tbinstal.o
  CC      drivers/acpi/apei/ghes_helpers.o
  CC [M]  drivers/acpi/apei/erst-dbg.o
  CC [M]  arch/x86/kvm/cpuid.o
  CC      net/netfilter/nf_bpf_link.o
  CC      drivers/acpi/acpica/tbprint.o
  CC      fs/nls/nls_ascii.o
  CC [M]  arch/x86/kernel/msr.o
  CC      drivers/xen/xen-acpi-pad.o
  CC      drivers/acpi/acpica/tbutils.o
  CC      kernel/audit_fsnotify.o
  CC      fs/nls/nls_iso8859-1.o
  AR      drivers/acpi/apei/built-in.a
  CC      fs/nls/nls_iso8859-2.o
  CC      net/ethtool/linkstate.o
  CC      fs/nls/nls_iso8859-3.o
  CC      drivers/acpi/acpica/tbxface.o
  CC      drivers/xen/pcpu.o
  LDS     arch/x86/kernel/vmlinux.lds
  AR      arch/x86/kernel/built-in.a
  CC      drivers/xen/biomerge.o
  CC      drivers/xen/xen-balloon.o
  CC      drivers/xen/evtchn.o
  CC      net/netfilter/nfnetlink_log.o
  CC      drivers/xen/xenfs/super.o
  CC      fs/nls/nls_iso8859-4.o
  CC      kernel/audit_tree.o
  CC      drivers/acpi/acpica/tbxfload.o
  CC      kernel/kprobes.o
  CC      drivers/acpi/acpica/tbxfroot.o
  CC      fs/nls/nls_iso8859-5.o
  CC      net/ethtool/debug.o
  CC      drivers/xen/xenfs/xenstored.o
  CC      drivers/acpi/acpica/utaddress.o
  CC      net/ethtool/wol.o
  CC      net/ethtool/features.o
  CC      net/ethtool/privflags.o
  CC      fs/nls/nls_iso8859-6.o
  CC      drivers/acpi/acpica/utalloc.o
  CC      drivers/xen/xenfs/xensyms.o
  CC      net/netfilter/nf_conntrack_core.o
  CC      net/netfilter/nf_conntrack_standalone.o
  CC      drivers/acpi/acpica/utascii.o
  CC      fs/nls/nls_iso8859-7.o
  CC      fs/nls/nls_iso8859-9.o
  CC      drivers/xen/sys-hypervisor.o
  CC      drivers/acpi/acpica/utbuffer.o
  CC      drivers/acpi/acpica/utcksum.o
  CC      fs/nls/nls_iso8859-13.o
  CC      net/ethtool/rings.o
  CC      drivers/tty/tty_io.o
  AR      drivers/xen/xenfs/built-in.a
  CC      net/ethtool/channels.o
  CC      drivers/xen/swiotlb-xen.o
  AR      drivers/xen/xen-pciback/built-in.a
  CC [M]  drivers/xen/xen-pciback/pci_stub.o
  CC      drivers/acpi/acpica/utcopy.o
  CC      fs/nls/nls_iso8859-14.o
  CC [M]  arch/x86/kvm/pmu.o
  CC      kernel/debug/debug_core.o
  CC      drivers/acpi/acpica/utexcep.o
  CC [M]  arch/x86/kvm/regs.o
  CC      net/netfilter/nf_conntrack_expect.o
  CC      fs/nls/nls_iso8859-15.o
  CC      net/ethtool/coalesce.o
  CC      net/netfilter/nf_conntrack_helper.o
  CC      drivers/acpi/acpica/utdebug.o
  CC      fs/nls/nls_koi8-r.o
  CC      drivers/acpi/acpica/utdecode.o
  CC [M]  drivers/xen/xen-pciback/pciback_ops.o
  CC      drivers/acpi/acpica/utdelete.o
  CC      fs/nls/nls_koi8-u.o
  CC      fs/nls/nls_koi8-ru.o
  CC      kernel/debug/gdbstub.o
  CC      drivers/tty/n_tty.o
  CC      net/ethtool/pause.o
  CC      drivers/tty/tty_ioctl.o
  CC      drivers/acpi/acpica/uterror.o
  CC      drivers/char/mem.o
  CC      fs/nls/nls_utf8.o
  CC      drivers/char/random.o
  CC      drivers/acpi/acpica/uteval.o
  CC      drivers/acpi/acpica/utglobal.o
  CC [M]  drivers/xen/xen-pciback/xenbus.o
  CC [M]  arch/x86/kvm/mtrr.o
  CC      net/netfilter/nf_conntrack_proto.o
  CC      net/netfilter/nf_conntrack_proto_generic.o
  CC [M]  fs/nls/nls_ucs2_utils.o
  CC      drivers/acpi/acpica/uthex.o
  CC      kernel/debug/kdb/kdb_io.o
  CC      kernel/debug/kdb/kdb_main.o
  CC      net/ethtool/eee.o
  CC      net/ethtool/tsinfo.o
  CC      drivers/acpi/acpica/utids.o
  CC [M]  arch/x86/kvm/debugfs.o
  CC [M]  drivers/xen/xen-pciback/conf_space.o
  AR      fs/nls/built-in.a
  AR      fs/unicode/built-in.a
  CC      drivers/tty/tty_ldisc.o
  CC      fs/fuse/trace.o
  CC      fs/fuse/dev.o
  CC      drivers/acpi/acpica/utinit.o
  CC      drivers/acpi/acpica/utlock.o
  CC      fs/overlayfs/super.o
  CC      fs/overlayfs/namei.o
  CC      drivers/char/misc.o
  CC      drivers/acpi/acpica/utmath.o
  CC [M]  drivers/xen/xen-pciback/conf_space_header.o
  CC [M]  arch/x86/kvm/mmu/mmu.o
  CC      net/ethtool/cabletest.o
  CC      net/ethtool/tunnels.o
  CC      drivers/tty/tty_buffer.o
  CC      net/netfilter/nf_conntrack_proto_tcp.o
  CC      drivers/acpi/acpica/utmisc.o
  CC      drivers/char/virtio_console.o
  CC      kernel/debug/kdb/kdb_support.o
  CC      drivers/acpi/acpica/utmutex.o
  CC [M]  drivers/xen/xen-pciback/conf_space_capability.o
  CC      drivers/acpi/acpica/utnonansi.o
  CC      fs/overlayfs/util.o
  CC      fs/overlayfs/inode.o
  CC      drivers/acpi/acpica/utobject.o
  CC      drivers/tty/tty_port.o
  CC [M]  drivers/xen/xen-pciback/conf_space_quirks.o
  CC      fs/fuse/dir.o
  CC      net/ethtool/fec.o
  CC      drivers/acpi/acpica/utosi.o
  CC      kernel/debug/kdb/kdb_bt.o
  CC [M]  arch/x86/kvm/mmu/page_track.o
  CC      net/netfilter/nf_conntrack_proto_udp.o
  CC      drivers/acpi/acpica/utownerid.o
  CC      drivers/char/hpet.o
  CC      drivers/tty/tty_mutex.o
  CC [M]  drivers/xen/xen-pciback/vpci.o
  CC      drivers/char/hw_random/core.o
  GENKDB  kernel/debug/kdb/gen-kdb_cmds.c
  CC      kernel/debug/kdb/kdb_bp.o
  CC      fs/overlayfs/file.o
  CC      drivers/acpi/acpica/utpredef.o
  CC      net/ethtool/eeprom.o
  CC      drivers/acpi/acpica/utresdecode.o
  CC      drivers/acpi/acpica/utresrc.o
  CC      net/netfilter/nf_conntrack_proto_icmp.o
  CC      kernel/debug/kdb/kdb_debugger.o
  CC      drivers/tty/tty_ldsem.o
  CC      drivers/tty/tty_baudrate.o
  CC [M]  drivers/xen/xen-pciback/passthrough.o
  CC      drivers/acpi/acpica/utstate.o
  CC      fs/fuse/file.o
  CC      drivers/acpi/acpica/utstring.o
  CC [M]  drivers/char/hw_random/timeriomem-rng.o
  CC      fs/overlayfs/dir.o
  CC      net/netfilter/nf_conntrack_extend.o
  CC      net/ethtool/stats.o
  CC      drivers/acpi/acpica/utstrsuppt.o
  CC      fs/fuse/inode.o
  CC      drivers/tty/tty_jobctrl.o
  LD [M]  drivers/xen/xen-pciback/xen-pciback.o
  CC      drivers/xen/privcmd.o
  CC [M]  drivers/char/hw_random/intel-rng.o
  CC      kernel/debug/kdb/gen-kdb_cmds.o
  AR      kernel/debug/kdb/built-in.a
  AR      kernel/debug/built-in.a
  CC      kernel/hung_task.o
  CC      drivers/acpi/acpica/utstrtoul64.o
  CC      drivers/acpi/acpica/utxface.o
  CC      net/netfilter/nf_conntrack_acct.o
  CC [M]  drivers/char/hw_random/amd-rng.o
  CC      drivers/acpi/acpica/utxfinit.o
  CC      drivers/tty/n_null.o
  CC      drivers/tty/pty.o
  CC      fs/overlayfs/readdir.o
  CC      drivers/acpi/acpica/utxferror.o
  CC      net/ethtool/phc_vclocks.o
  CC      net/netfilter/nf_conntrack_seqadj.o
  CC      kernel/watchdog.o
  CC      net/ipv4/route.o
  CC [M]  drivers/char/hw_random/via-rng.o
  CC      drivers/xen/privcmd-buf.o
  CC      drivers/tty/tty_audit.o
  CC      drivers/xen/efi.o
  CC      drivers/acpi/acpica/utxfmutex.o
  CC      fs/fuse/control.o
  CC [M]  drivers/char/hw_random/virtio-rng.o
  AR      drivers/acpi/acpica/built-in.a
  AR      drivers/acpi/dptf/built-in.a
  CC      drivers/acpi/x86/apple.o
  CC      net/ethtool/mm.o
  CC      fs/overlayfs/copy_up.o
  CC      drivers/tty/sysrq.o
  CC      drivers/acpi/x86/cmos_rtc.o
  CC      drivers/xen/xlate_mmu.o
  CC      kernel/watchdog_perf.o
  CC      fs/fuse/xattr.o
  AR      drivers/char/hw_random/built-in.a
  CC      drivers/char/agp/backend.o
  CC      drivers/char/tpm/tpm-chip.o
  CC      drivers/acpi/x86/lpss.o
  CC      kernel/seccomp.o
  CC      net/netfilter/nf_conntrack_proto_icmpv6.o
  CC [M]  arch/x86/kvm/mmu/spte.o
  CC      fs/fuse/acl.o
  CC      drivers/xen/unpopulated-alloc.o
  CC      fs/overlayfs/export.o
  CC      drivers/tty/vt/vt_ioctl.o
  CC      drivers/char/agp/generic.o
  CC      net/ethtool/module.o
  CC      drivers/acpi/x86/s2idle.o
  CC      fs/fuse/readdir.o
  CC      drivers/char/tpm/tpm-dev-common.o
  CC [M]  drivers/xen/gntdev.o
  CC      net/netfilter/nf_conntrack_timeout.o
  CC      fs/overlayfs/params.o
  CC      kernel/relay.o
  CC [M]  arch/x86/kvm/mmu/tdp_iter.o
  CC      drivers/char/tpm/tpm-dev.o
  CC      net/ethtool/cmis_fw_update.o
  CC      drivers/tty/vt/vc_screen.o
  CC      net/ipv4/inetpeer.o
  CC      drivers/char/agp/isoch.o
  CC      fs/fuse/ioctl.o
  CC      drivers/acpi/x86/utils.o
  CC      drivers/char/tpm/tpm-interface.o
  CC      fs/overlayfs/xattrs.o
  CC [M]  drivers/xen/gntalloc.o
  CC      net/netfilter/nf_conntrack_timestamp.o
  CC [M]  arch/x86/kvm/mmu/tdp_mmu.o
  CC      net/ethtool/cmis_cdb.o
  CC      drivers/tty/vt/selection.o
  CC [M]  drivers/char/agp/intel-agp.o
  CC      kernel/utsname_sysctl.o
  CC      drivers/acpi/x86/blacklist.o
  CC      net/ipv4/protocol.o
  CC      kernel/delayacct.o
  CC      fs/fuse/req_timeout.o
  AR      fs/overlayfs/built-in.a
  CC      kernel/taskstats.o
  CC      net/netfilter/nf_conntrack_ecache.o
  CC      drivers/char/tpm/tpm1-cmd.o
  CC [M]  drivers/xen/xen-acpi-processor.o
  AR      drivers/acpi/x86/built-in.a
  CC [M]  drivers/acpi/acpi_ipmi.o
  CC [M]  drivers/char/agp/intel-gtt.o
  CC      fs/fuse/req.o
  CC      drivers/tty/vt/keyboard.o
  CC      drivers/char/tpm/tpm2-cmd.o
  CC      net/ethtool/pse-pd.o
  CC      kernel/tsacct.o
  CC      net/ipv4/ip_input.o
  AR      drivers/xen/built-in.a
  LD [M]  drivers/xen/xen-gntdev.o
  LD [M]  drivers/xen/xen-gntalloc.o
  AR      drivers/iommu/arm/arm-smmu/built-in.a
  AR      drivers/iommu/arm/arm-smmu-v3/built-in.a
  AR      drivers/iommu/arm/built-in.a
  CC [M]  drivers/acpi/ac.o
  AR      drivers/iommu/iommufd/built-in.a
  CC      drivers/iommu/amd/iommu.o
  CC      drivers/char/tpm/tpmrm-dev.o
  CC      fs/fuse/poll.o
  CC      net/netfilter/nf_conntrack_labels.o
  CC [M]  arch/x86/kvm/i8259.o
  CC [M]  arch/x86/kvm/i8254.o
  AR      drivers/char/agp/built-in.a
  CC      fs/udf/balloc.o
  CC      kernel/tracepoint.o
  CC      net/ethtool/plca.o
  CC [M]  drivers/acpi/button.o
  CC      drivers/tty/vt/vt.o
  CC      drivers/char/tpm/tpm2-space.o
  CC      fs/fuse/notify.o
  CC      fs/udf/dir.o
  CC      net/netfilter/nf_conntrack_ovs.o
  CC      net/netfilter/nf_conntrack_proto_sctp.o
  CC      kernel/trace/trace_clock.o
  CC [M]  arch/x86/kvm/ioapic.o
  CC      net/ethtool/phy.o
  CC      drivers/char/tpm/tpm-sysfs.o
  CC [M]  drivers/acpi/fan_core.o
  CC      net/ipv4/ip_fragment.o
  CC      fs/fuse/iomode.o
  CC      fs/udf/file.o
  CC      kernel/trace/ftrace.o
  CC      drivers/char/tpm/eventlog/common.o
  CC      drivers/char/tpm/eventlog/tpm1.o
  CC [M]  drivers/acpi/fan_attr.o
  CC      fs/fuse/dax.o
  CC      fs/udf/ialloc.o
  CC      net/ethtool/tsconfig.o
  CC      drivers/iommu/amd/init.o
  CC [M]  arch/x86/kvm/hyperv.o
  CC      net/netfilter/nf_conntrack_proto_gre.o
  CC [M]  drivers/acpi/fan_hwmon.o
  CC      net/ipv4/ip_forward.o
  CC      fs/udf/inode.o
  CC      drivers/char/tpm/eventlog/tpm2.o
  CC      drivers/char/tpm/tpm-buf.o
  CC [M]  drivers/acpi/acpi_video.o
  COPY    drivers/tty/vt/defkeymap.c
  CC      drivers/tty/vt/consolemap.o
  CC      net/ethtool/mse.o
  CC      fs/fuse/passthrough.o
  HOSTCC  drivers/tty/vt/conmakehash
  CC      net/ipv4/ip_options.o
  CC      drivers/char/tpm/tpm2-sessions.o
  AR      net/ethtool/built-in.a
  CC [M]  drivers/acpi/video_detect.o
  CC      fs/udf/lowlevel.o
  CC      net/netfilter/nf_conntrack_bpf.o
  CC      net/netfilter/nf_nat_core.o
  COPY    drivers/tty/vt/ucs_width_table.h
  COPY    drivers/tty/vt/ucs_recompose_table.h
  COPY    drivers/tty/vt/ucs_fallback_table.h
  CC      drivers/tty/vt/defkeymap.o
  CC      fs/fuse/backing.o
  CONMK   drivers/tty/vt/consolemap_deftbl.c
  CC      drivers/tty/vt/ucs.o
  CC      drivers/tty/vt/consolemap_deftbl.o
  CC      drivers/iommu/amd/quirks.o
  AR      drivers/tty/vt/built-in.a
  CC      drivers/tty/hvc/hvc_console.o
  CC      kernel/trace/ring_buffer.o
  CC      fs/udf/namei.o
  CC      drivers/char/tpm/tpm_ppi.o
  CC [M]  arch/x86/kvm/smm.o
  CC      fs/fuse/sysctl.o
  CC [M]  drivers/acpi/thermal.o
  CC      fs/fuse/dev_uring.o
  CC      drivers/iommu/amd/ppr.o
  CC      net/ipv4/ip_output.o
  CC      drivers/char/tpm/eventlog/acpi.o
  CC      fs/udf/partition.o
  CC      drivers/tty/hvc/hvc_irq.o
  CC [M]  drivers/acpi/battery.o
  CC      net/netfilter/nf_nat_proto.o
  CC      drivers/iommu/amd/pasid.o
  CC      fs/xfs/xfs_trace.o
  CC      kernel/trace/trace.o
  CC      drivers/tty/hvc/hvc_xen.o
  CC      fs/udf/super.o
  CC      fs/fuse/virtio_fs.o
  CC      drivers/char/tpm/eventlog/efi.o
  CC [M]  arch/x86/kvm/kvm_onhyperv.o
  AR      drivers/iommu/amd/built-in.a
  CC      drivers/iommu/intel/iommu.o
  AR      drivers/acpi/built-in.a
  LD [M]  drivers/acpi/fan.o
  LD [M]  drivers/acpi/video.o
  CC      drivers/iommu/generic_pt/fmt/iommu_amdv1.o
  CC      drivers/char/tpm/tpm_tis_core.o
  AR      drivers/tty/hvc/built-in.a
  CC      drivers/tty/serial/serial_core.o
  CC [M]  fs/fuse/cuse.o
  CC      fs/udf/truncate.o
  CC      net/netfilter/nf_nat_helper.o
  CC [M]  arch/x86/kvm/vmx/vmx.o
  CC      net/ipv4/ip_sockglue.o
  CC      drivers/char/tpm/tpm_tis.o
  AR      fs/fuse/built-in.a
  CC      drivers/char/tpm/tpm_crb.o
  CC      drivers/iommu/generic_pt/fmt/iommu_vtdss.o
  CC      fs/udf/symlink.o
  CC [M]  drivers/char/tpm/tpm_i2c_atmel.o
  CC      drivers/iommu/generic_pt/fmt/iommu_x86_64.o
  CC      fs/udf/directory.o
  CC      fs/udf/misc.o
  CC      drivers/iommu/intel/pasid.o
  CC [M]  drivers/char/tpm/tpm_i2c_infineon.o
  CC      net/netfilter/nf_nat_redirect.o
  CC      fs/xfs/libxfs/xfs_group.o
  CC      fs/udf/udftime.o
  CC      drivers/iommu/intel/nested.o
  CC      kernel/trace/trace_output.o
  CC      drivers/tty/serial/serial_base_bus.o
  CC [M]  drivers/char/tpm/tpm_i2c_nuvoton.o
  CC      fs/udf/unicode.o
  CC      drivers/iommu/hyperv/hv-irq-remap-x86.o
  CC      net/ipv4/inet_hashtables.o
  AR      drivers/iommu/generic_pt/fmt/built-in.a
  CC [M]  drivers/char/tpm/tpm_nsc.o
  CC      drivers/tty/serial/serial_ctrl.o
  CC      drivers/iommu/intel/cache.o
  CC      net/netfilter/nf_nat_masquerade.o
  AR      fs/udf/built-in.a
  CC      net/netfilter/nf_nat_ovs.o
  AR      drivers/iommu/hyperv/built-in.a
  CC      net/ipv4/inet_timewait_sock.o
  CC      drivers/tty/serial/serial_port.o
  CC      net/ipv4/inet_connection_sock.o
  CC [M]  drivers/char/tpm/tpm_atmel.o
  CC      drivers/iommu/intel/prq.o
  CC      kernel/trace/trace_seq.o
  CC      net/netfilter/nf_nat_bpf.o
  CC      drivers/tty/serial/earlycon.o
  CC [M]  drivers/char/tpm/tpm_infineon.o
  CC      fs/xfs/libxfs/xfs_ag.o
  CC      kernel/trace/trace_stat.o
  CC      drivers/tty/serial/8250/8250_core.o
  CC      drivers/iommu/intel/dmar.o
  CC      drivers/tty/serial/8250/8250_platform.o
  CC      net/netfilter/nf_tables_core.o
  CC      drivers/gpu/buddy.o
  AR      drivers/char/tpm/built-in.a
  CC [M]  drivers/char/nvram.o
  CC      fs/9p/vfs_super.o
  CC      kernel/trace/trace_printk.o
  CC      net/ipv4/tcp.o
  CC      net/xfrm/xfrm_policy.o
  CC      drivers/tty/serial/8250/8250_pnp.o
  CC [M]  drivers/char/hangcheck-timer.o
  CC      fs/9p/vfs_inode.o
  CC      net/netfilter/nf_tables_api.o
  AR      drivers/gpu/host1x/built-in.a
  AR      drivers/gpu/vga/built-in.a
  CC      net/xfrm/xfrm_state.o
  CC      drivers/gpu/drm/drm_atomic.o
  CC      drivers/tty/serial/8250/8250_port.o
  AR      drivers/char/built-in.a
  CC      drivers/gpu/drm/drm_atomic_uapi.o
  CC      kernel/trace/trace_pid.o
  CC      drivers/iommu/intel/trace.o
  CC      fs/9p/vfs_inode_dotl.o
  CC      kernel/trace/pid_list.o
  CC      drivers/iommu/intel/svm.o
  CC      arch/x86/kvm/kvm-asm-offsets.s
  CC [M]  arch/x86/kvm/vmx/pmu_intel.o
  CC      drivers/gpu/drm/drm_auth.o
  CC      kernel/trace/tracing_map.o
  CC      fs/9p/vfs_addr.o
  CC      drivers/tty/serial/8250/8250_dma.o
  CC      drivers/iommu/intel/irq_remapping.o
  CC      drivers/tty/serial/8250/8250_dwlib.o
  CC      drivers/gpu/drm/drm_blend.o
  CC      kernel/trace/trace_sched_switch.o
  CC      fs/9p/vfs_file.o
  CC [M]  arch/x86/kvm/vmx/vmcs12.o
  CC      fs/9p/vfs_dir.o
  CC      drivers/tty/serial/8250/8250_pcilib.o
  CC      net/ipv4/tcp_input.o
  CC      drivers/gpu/drm/drm_bridge.o
  CC      drivers/gpu/drm/drm_cache.o
  CC      fs/9p/vfs_dentry.o
  CC      drivers/iommu/intel/perfmon.o
  CC      drivers/tty/serial/8250/8250_rsa.o
  CC      kernel/trace/trace_functions.o
  CC [M]  arch/x86/kvm/vmx/nested.o
  CC      net/xfrm/xfrm_hash.o
  CC      drivers/tty/serial/8250/8250_early.o
  CC      net/xfrm/xfrm_input.o
  CC      fs/9p/v9fs.o
  CC      fs/9p/fid.o
  CC      drivers/iommu/iommu.o
  CC      kernel/trace/trace_nop.o
  CC      drivers/tty/serial/8250/8250_pci.o
  AR      drivers/iommu/intel/built-in.a
  CC      drivers/tty/serial/8250/8250_pericom.o
  CC      drivers/gpu/drm/drm_color_mgmt.o
  CC [M]  drivers/tty/serial/8250/8250_dw.o
  CC      fs/9p/xattr.o
  CC      net/ipv4/tcp_output.o
  CC      kernel/trace/trace_stack.o
  CC      drivers/gpu/drm/drm_colorop.o
  CC      fs/9p/cache.o
  CC      fs/9p/acl.o
  CC [M]  drivers/tty/serial/8250/8250_lpss.o
  CC      kernel/trace/trace_functions_graph.o
  CC      net/xfrm/xfrm_output.o
  CC      drivers/iommu/iommu-pages.o
  CC      net/netfilter/nft_chain_filter.o
  CC      net/netfilter/nf_tables_trace.o
  CC [M]  drivers/tty/serial/8250/8250_mid.o
  CC      drivers/gpu/drm/drm_connector.o
  CC      fs/xfs/libxfs/xfs_ag_resv.o
  AR      fs/9p/built-in.a
  CC      drivers/connector/cn_queue.o
  AR      drivers/tty/serial/8250/built-in.a
  CC      drivers/iommu/iommu-traces.o
  CC      drivers/tty/serial/serial_mctrl_gpio.o
  CC      kernel/trace/blktrace.o
  CC      net/netfilter/nft_immediate.o
  CC      kernel/trace/fgraph.o
  CC      drivers/connector/connector.o
  CC      drivers/connector/cn_proc.o
  CC      drivers/tty/serial/kgdboc.o
  CC      net/xfrm/xfrm_sysctl.o
  CC      drivers/gpu/drm/drm_crtc.o
  CC      net/netfilter/nft_cmp.o
  CC      drivers/gpu/drm/drm_displayid.o
  CC      drivers/iommu/iommu-sysfs.o
  CC      drivers/iommu/dma-iommu.o
  CC      net/ipv4/tcp_timer.o
  CC      fs/xfs/libxfs/xfs_alloc.o
  AR      drivers/tty/serial/built-in.a
  CC      drivers/tty/serdev/core.o
  AR      drivers/connector/built-in.a
  CC      drivers/tty/serdev/serdev-ttyport.o
  CC [M]  arch/x86/kvm/vmx/posted_intr.o
  CC      net/xfrm/xfrm_replay.o
  CC      drivers/gpu/drm/drm_drv.o
  CC      kernel/trace/trace_events.o
  CC      drivers/gpu/drm/drm_dumb_buffers.o
  CC      drivers/iommu/iova.o
  CC      drivers/gpu/drm/drm_edid.o
  CC      net/netfilter/nft_range.o
  AR      drivers/tty/serdev/built-in.a
  AR      drivers/tty/ipwireless/built-in.a
  AR      drivers/tty/built-in.a
  CC      net/netfilter/nft_bitwise.o
  CC      net/ipv4/tcp_ipv4.o
  CC [M]  arch/x86/kvm/vmx/main.o
  CC      drivers/gpu/drm/drm_eld.o
  CC      drivers/base/component.o
  CC      drivers/iommu/irq_remapping.o
  CC      drivers/iommu/iommu-sva.o
  CC      net/xfrm/xfrm_device.o
  CC      net/ipv4/tcp_minisocks.o
  CC      net/netfilter/nft_byteorder.o
  CC      fs/xfs/libxfs/xfs_alloc_btree.o
  CC [M]  arch/x86/kvm/vmx/sgx.o
  CC      drivers/base/core.o
  CC [M]  arch/x86/kvm/vmx/hyperv.o
  CC      drivers/iommu/io-pgfault.o
  CC      net/netfilter/nft_payload.o
  CC      kernel/trace/trace_export.o
  CC      kernel/trace/trace_syscalls.o
  CC      drivers/block/brd.o
  AR      drivers/misc/eeprom/built-in.a
  CC [M]  drivers/misc/eeprom/eeprom_93cx6.o
  CC      net/xfrm/xfrm_nat_keepalive.o
  AR      drivers/iommu/built-in.a
  CC [M]  arch/x86/kvm/vmx/hyperv_evmcs.o
  CC [M]  arch/x86/kvm/vmx/vmx_onhyperv.o
  CC      drivers/gpu/drm/drm_encoder.o
  CC [M]  arch/x86/kvm/svm/svm.o
  CC      net/netfilter/nft_lookup.o
  CC      fs/xfs/libxfs/xfs_attr.o
  AR      drivers/misc/cb710/built-in.a
  AR      drivers/misc/lis3lv02d/built-in.a
  AR      drivers/misc/cardreader/built-in.a
  CC      drivers/block/loop.o
  AR      drivers/misc/keba/built-in.a
  AR      drivers/misc/amd-sbi/built-in.a
  CC [M]  drivers/misc/vmw_balloon.o
  CC      drivers/gpu/drm/drm_file.o
  CC      drivers/gpu/drm/drm_fourcc.o
  CC      kernel/trace/trace_event_perf.o
  CC      net/ipv4/tcp_cong.o
  CC      kernel/trace/trace_events_filter.o
  CC      net/xfrm/xfrm_proc.o
  CC      net/xfrm/xfrm_state_bpf.o
  CC      net/netfilter/nft_dynset.o
  CC [M]  drivers/misc/mei/init.o
  CC      drivers/base/bus.o
  CC      drivers/block/xen-blkfront.o
  CC      drivers/base/dd.o
  CC      drivers/base/syscore.o
  CC      drivers/gpu/drm/drm_framebuffer.o
  CC [M]  net/xfrm/xfrm_algo.o
  CC [M]  drivers/misc/mei/hbm.o
  CC      net/netfilter/nft_meta.o
  CC      kernel/trace/trace_events_trigger.o
  CC      net/ipv4/tcp_metrics.o
  CC      fs/xfs/libxfs/xfs_attr_leaf.o
  CC      net/ipv4/tcp_fastopen.o
  CC      net/ipv4/tcp_recovery.o
  CC      drivers/gpu/drm/drm_gem.o
  CC      drivers/base/driver.o
  CC [M]  drivers/misc/mei/interrupt.o
  CC [M]  net/xfrm/xfrm_user.o
  CC [M]  arch/x86/kvm/svm/pmu.o
  CC      drivers/base/class.o
  CC [M]  drivers/block/nbd.o
  CC      kernel/trace/trace_eprobe.o
  CC [M]  drivers/block/virtio_blk.o
  CC      net/netfilter/nft_rt.o
  CC [M]  drivers/misc/mei/client.o
  CC [M]  drivers/misc/mei/main.o
  CC      net/ipv4/tcp_ulp.o
  CC [M]  arch/x86/kvm/svm/nested.o
  CC      drivers/base/platform.o
  CC      drivers/gpu/drm/drm_ioctl.o
  CC      kernel/trace/trace_events_synth.o
  CC      kernel/trace/trace_events_hist.o
  CC      net/netfilter/nft_exthdr.o
  CC      kernel/trace/trace_events_user.o
  CC [M]  drivers/misc/mei/dma-ring.o
  CC      fs/xfs/libxfs/xfs_attr_remote.o
  CC      net/ipv4/tcp_offload.o
  CC [M]  drivers/block/rbd.o
  CC      drivers/gpu/drm/drm_lease.o
  CC      drivers/base/cpu.o
  CC [M]  arch/x86/kvm/svm/avic.o
  CC [M]  drivers/misc/mei/bus.o
  CC [M]  net/xfrm/xfrm_ipcomp.o
  CC      net/netfilter/nft_last.o
  CC      drivers/gpu/drm/drm_managed.o
  CC      drivers/gpu/drm/drm_mm.o
  CC      drivers/base/firmware.o
  CC      drivers/gpu/drm/drm_mode_config.o
  CC      net/netfilter/nft_counter.o
  CC [M]  drivers/misc/mei/bus-fixup.o
  CC      drivers/base/init.o
  CC      net/ipv4/tcp_plb.o
  CC      fs/xfs/libxfs/xfs_bit.o
  CC      fs/xfs/libxfs/xfs_bmap.o
  CC      fs/xfs/libxfs/xfs_bmap_btree.o
  AR      net/xfrm/built-in.a
  CC      drivers/base/map.o
  CC [M]  arch/x86/kvm/svm/hyperv.o
  CC [M]  drivers/misc/mei/debugfs.o
  CC [M]  drivers/misc/mei/mei-trace.o
  AR      drivers/gpu/tests/built-in.a
  AR      arch/x86/built-in.a
  CC      drivers/gpu/drm/drm_mode_object.o
  AR      drivers/mfd/built-in.a
  CC [M]  drivers/mfd/mfd-core.o
  CC      kernel/trace/bpf_trace.o
  CC      drivers/base/devres.o
  CC      net/netfilter/nft_objref.o
  CC      net/ipv4/datagram.o
  CC [M]  arch/x86/kvm/svm/svm_onhyperv.o
  CC [M]  drivers/mfd/lpc_sch.o
  CC      drivers/base/attribute_container.o
  CC      net/netfilter/nft_inner.o
  CC      drivers/gpu/drm/drm_modes.o
  CC [M]  drivers/block/zram/zcomp.o
  CC [M]  drivers/block/zram/zram_drv.o
  CC [M]  drivers/misc/mei/pci-me.o
  CC [M]  drivers/mfd/lpc_ich.o
  LD [M]  arch/x86/kvm/kvm.o
  UPD     arch/x86/kvm/kvm-asm-offsets.h
  CC      drivers/base/transport_class.o
  CC [M]  drivers/block/zram/backend_lzorle.o
  AS [M]  arch/x86/kvm/vmx/vmenter.o
  AS [M]  arch/x86/kvm/svm/vmenter.o
  AR      drivers/nfc/built-in.a
  LD [M]  arch/x86/kvm/kvm-intel.o
  CC [M]  drivers/block/zram/backend_lzo.o
  LD [M]  arch/x86/kvm/kvm-amd.o
  CC      net/ipv4/raw.o
  CC [M]  drivers/misc/mei/hw-me.o
  AR      fs/hostfs/built-in.a
  CC      drivers/gpu/drm/drm_modeset_lock.o
  CC      fs/xfs/libxfs/xfs_btree.o
  CC      fs/xfs/libxfs/xfs_btree_staging.o
  CC      net/netfilter/nft_chain_route.o
  CC      drivers/base/topology.o
  CC [M]  drivers/mfd/intel-lpss.o
  CC [M]  drivers/block/zram/backend_zstd.o
  CC      kernel/trace/trace_kprobe.o
  LD [M]  drivers/block/zram/zram.o
  AR      drivers/block/built-in.a
  CC [M]  drivers/mfd/intel-lpss-pci.o
  CC      drivers/gpu/drm/drm_plane.o
  CC      drivers/gpu/drm/drm_prime.o
  CC      drivers/gpu/drm/drm_print.o
  CC      drivers/base/container.o
  CC      net/netfilter/nf_tables_offload.o
  CC [M]  drivers/mfd/intel-lpss-acpi.o
  LD [M]  drivers/misc/mei/mei.o
  LD [M]  drivers/misc/mei/mei-me.o
  CC [M]  drivers/misc/vmw_vmci/vmci_context.o
  CC      fs/xfs/libxfs/xfs_da_btree.o
  CC      drivers/base/property.o
  CC      net/ipv4/udp.o
  CC      drivers/gpu/drm/drm_property.o
  CC      drivers/base/cacheinfo.o
  CC      drivers/gpu/drm/drm_rect.o
  CC      fs/xfs/libxfs/xfs_defer.o
  CC      kernel/irq_work.o
  CC      net/netfilter/nft_set_hash.o
  CC [M]  drivers/misc/vmw_vmci/vmci_datagram.o
  CC      kernel/trace/error_report-traces.o
  CC      net/netfilter/nft_set_bitmap.o
  CC      drivers/gpu/drm/drm_syncobj.o
  CC      drivers/gpu/drm/drm_sysfs.o
  CC      kernel/trace/power-traces.o
  CC      drivers/base/swnode.o
  CC [M]  drivers/misc/vmw_vmci/vmci_doorbell.o
  CC [M]  drivers/misc/vmw_vmci/vmci_driver.o
  CC [M]  drivers/misc/vmw_vmci/vmci_event.o
  CC [M]  drivers/misc/vmw_vmci/vmci_guest.o
  CC      net/netfilter/nft_set_rbtree.o
  CC      fs/debugfs/inode.o
  CC      fs/debugfs/file.o
  CC [M]  drivers/misc/vmw_vmci/vmci_handle_array.o
  CC      drivers/base/faux.o
  CC      drivers/base/auxiliary.o
  CC [M]  drivers/misc/vmw_vmci/vmci_host.o
  CC      drivers/gpu/drm/drm_trace_points.o
  CC      fs/xfs/libxfs/xfs_dir2.o
  CC      kernel/trace/rpm-traces.o
  CC      kernel/trace/trace_kdb.o
  CC      drivers/base/devtmpfs.o
  CC      net/ipv4/udp_offload.o
  CC      net/netfilter/nft_set_pipapo.o
  CC      net/netfilter/nft_set_pipapo_avx2.o
  CC      net/netfilter/nft_ct_fast.o
  CC [M]  drivers/misc/vmw_vmci/vmci_queue_pair.o
  CC      drivers/gpu/drm/drm_vblank.o
  CC      net/netfilter/nft_nat.o
  CC      net/netfilter/nft_masq.o
  AR      fs/debugfs/built-in.a
  CC      drivers/nvdimm/core.o
  CC      drivers/base/power/sysfs.o
  CC      kernel/trace/trace_dynevent.o
  CC      drivers/base/power/generic_ops.o
  CC      drivers/base/power/common.o
  CC      drivers/base/power/qos.o
  CC      drivers/gpu/drm/drm_vblank_work.o
  CC      fs/xfs/libxfs/xfs_dir2_block.o
  CC [M]  drivers/misc/vmw_vmci/vmci_resource.o
  CC      net/unix/af_unix.o
  CC      drivers/nvdimm/bus.o
  CC      net/netfilter/nft_chain_nat.o
  CC [M]  drivers/misc/vmw_vmci/vmci_route.o
  CC      fs/tracefs/inode.o
  CC      fs/tracefs/event_inode.o
  CC      net/ipv4/arp.o
  CC      net/ipv4/icmp.o
  CC      kernel/trace/trace_probe.o
  LD [M]  drivers/misc/vmw_vmci/vmw_vmci.o
  AR      drivers/misc/built-in.a
  CC      net/ipv4/devinet.o
  CC      drivers/gpu/drm/drm_vma_manager.o
  CC      drivers/base/power/runtime.o
  CC      drivers/base/power/wakeirq.o
  AR      fs/tracefs/built-in.a
  CC      drivers/base/power/main.o
  CC      net/netfilter/x_tables.o
  CC      drivers/gpu/drm/drm_writeback.o
  CC      drivers/nvdimm/dimm_devs.o
  CC      kernel/trace/trace_btf.o
  CC      net/ipv4/af_inet.o
  CC      fs/xfs/libxfs/xfs_dir2_data.o
  CC      net/ipv4/igmp.o
  CC      kernel/trace/trace_uprobe.o
  AR      drivers/dax/hmem/built-in.a
  CC      drivers/dax/super.o
  CC      drivers/gpu/drm/drm_client.o
  CC      net/unix/garbage.o
  CC      net/unix/sysctl_net_unix.o
  CC      net/unix/unix_bpf.o
  CC      drivers/nvdimm/nd_perf.o
  CC      fs/xfs/libxfs/xfs_dir2_leaf.o
  CC      drivers/base/power/wakeup.o
  CC      drivers/gpu/drm/drm_client_event.o
  CC      drivers/dax/bus.o
  CC      fs/xfs/libxfs/xfs_dir2_node.o
  CC      fs/xfs/libxfs/xfs_dir2_sf.o
  CC [M]  net/unix/diag.o
  CC      net/netfilter/xt_tcpudp.o
  CC      drivers/nvdimm/dimm.o
  CC      kernel/trace/rethook.o
  AR      net/unix/built-in.a
  CC [M]  drivers/dax/device.o
  CC      drivers/gpu/drm/drm_client_modeset.o
  CC      net/ipv4/fib_frontend.o
  CC      drivers/base/power/wakeup_stats.o
  AR      kernel/trace/built-in.a
  CC      kernel/bpf/core.o
  CC      drivers/nvdimm/region_devs.o
  LD [M]  net/unix/unix_diag.o
  CC [M]  drivers/dax/kmem.o
  CC      drivers/nvdimm/region.o
  CC      drivers/nvdimm/namespace_devs.o
  CC      drivers/base/power/clock_ops.o
  CC      net/netfilter/xt_RATEEST.o
  CC      fs/pstore/inode.o
  CC [M]  drivers/dax/pmem.o
  CC      drivers/gpu/drm/drm_client_sysrq.o
  CC      fs/efivarfs/inode.o
  CC      fs/efivarfs/file.o
  AR      drivers/base/power/built-in.a
  CC      drivers/base/firmware_loader/fallback_table.o
  CC      fs/pstore/platform.o
  CC      net/netfilter/xt_TCPMSS.o
  CC      fs/efivarfs/super.o
  CC [M]  drivers/dax/fsdev.o
  CC      drivers/gpu/drm/drm_ioc32.o
  CC      net/ipv4/fib_semantics.o
  CC      fs/xfs/libxfs/xfs_dquot_buf.o
  CC      drivers/gpu/drm/drm_panel.o
  AR      drivers/dax/built-in.a
  CC      kernel/bpf/syscall.o
  LD [M]  drivers/dax/device_dax.o
  LD [M]  drivers/dax/dax_pmem.o
  LD [M]  drivers/dax/fsdev_dax.o
  CC      net/ipv4/fib_trie.o
  CC      drivers/base/firmware_loader/main.o
  CC      drivers/nvdimm/label.o
  AR      fs/pstore/built-in.a
  CC      drivers/base/firmware_loader/fallback.o
  CC      fs/efivarfs/vars.o
  CC      fs/xfs/libxfs/xfs_exchmaps.o
  CC      drivers/gpu/drm/drm_pci.o
  CC      net/netfilter/xt_dscp.o
  CC      net/netfilter/xt_hl.o
  CC      kernel/static_call.o
  CC      kernel/static_call_inline.o
  AR      fs/efivarfs/built-in.a
  CC      drivers/base/firmware_loader/sysfs.o
  CC      drivers/gpu/drm/drm_debugfs.o
  CC      drivers/base/firmware_loader/builtin/main.o
  CC      kernel/events/core.o
  CC      drivers/nvdimm/badrange.o
  CC      net/netfilter/xt_rateest.o
  CC      kernel/user-return-notifier.o
  AR      drivers/base/firmware_loader/builtin/built-in.a
  CC      drivers/nvdimm/claim.o
  CC      drivers/nvdimm/btt_devs.o
  AR      drivers/base/firmware_loader/built-in.a
  CC      drivers/base/node.o
  CC      drivers/base/memory.o
  CC      kernel/bpf/verifier.o
  CC      drivers/gpu/drm/drm_debugfs_crc.o
  CC [M]  net/netfilter/nfnetlink_acct.o
  CC [M]  net/netfilter/nfnetlink_queue.o
  CC      fs/xfs/libxfs/xfs_ialloc.o
  CC      net/ipv4/fib_notifier.o
  CC      net/ipv6/af_inet6.o
  CC      net/ipv6/anycast.o
  CC      drivers/nvdimm/pfn_devs.o
  CC      drivers/base/module.o
  CC      drivers/gpu/drm/drm_panel_orientation_quirks.o
  CC      net/ipv4/inet_fragment.o
  CC      drivers/base/auxiliary_sysfs.o
  CC      net/ipv4/ping.o
  CC      fs/bpf_fs_kfuncs.o
  CC      net/ipv6/ip6_output.o
  CC      drivers/nvdimm/dax_devs.o
  CC      drivers/gpu/drm/drm_gem_ttm_helper.o
  CC      drivers/base/hypervisor.o
  CC [M]  net/netfilter/nfnetlink_osf.o
  CC      drivers/base/pinctrl.o
  CC      drivers/base/regmap/regmap.o
  CC      kernel/padata.o
  CC      fs/xfs/libxfs/xfs_ialloc_btree.o
  CC      kernel/jump_label.o
  CC      drivers/gpu/drm/drm_fbdev_ttm.o
  CC      net/ipv4/ip_tunnel_core.o
  CC      drivers/nvdimm/pmem.o
  CC      kernel/events/ring_buffer.o
  CC      kernel/events/callchain.o
  CC      kernel/events/hw_breakpoint.o
  CC      drivers/gpu/drm/drm_atomic_helper.o
  CC [M]  net/netfilter/nf_conntrack_netlink.o
  CC      drivers/nvdimm/btt.o
  CC      kernel/events/uprobes.o
  CC [M]  net/netfilter/nfnetlink_cttimeout.o
  CC      fs/xfs/libxfs/xfs_iext_tree.o
  CC      net/ipv4/gre_offload.o
  CC      net/ipv6/ip6_input.o
  CC      drivers/dma-buf/dma-buf.o
  CC      drivers/nvdimm/virtio_pmem.o
  CC      drivers/base/devcoredump.o
  CC [M]  net/netfilter/nf_conntrack_amanda.o
  CC      drivers/base/regmap/regcache.o
  CC      drivers/gpu/drm/drm_atomic_state_helper.o
  CC      net/ipv4/metrics.o
  CC      drivers/nvdimm/nd_virtio.o
  CC      drivers/dma-buf/dma-fence.o
  CC      drivers/base/platform-msi.o
  CC      drivers/base/regmap/regcache-rbtree.o
  AR      kernel/events/built-in.a
  CC      net/packet/af_packet.o
  CC      fs/xfs/libxfs/xfs_inode_fork.o
  CC [M]  net/netfilter/nf_conntrack_ftp.o
  CC      net/devlink/core.o
  CC      drivers/gpu/drm/drm_bridge_helper.o
  CC      net/ipv6/addrconf.o
  CC      drivers/gpu/drm/drm_crtc_helper.o
  CC      net/ipv4/netlink.o
  AR      drivers/nvdimm/built-in.a
  CC      net/ipv4/nexthop.o
  CC      drivers/base/regmap/regcache-flat.o
  CC      drivers/dma-buf/dma-fence-array.o
  CC      drivers/base/regmap/regcache-maple.o
  CC      drivers/base/regmap/regmap-debugfs.o
  CC      drivers/gpu/drm/drm_damage_helper.o
  CC      drivers/dma-buf/dma-fence-chain.o
  CC      drivers/gpu/drm/drm_flip_work.o
  CC      drivers/gpu/drm/drm_format_helper.o
  CC [M]  drivers/base/regmap/regmap-i2c.o
  CC [M]  net/netfilter/nf_conntrack_h323_main.o
  CC      kernel/bpf/inode.o
  CC      drivers/dma-buf/dma-fence-unwrap.o
  CC      kernel/bpf/helpers.o
  CC      fs/xfs/libxfs/xfs_inode_buf.o
  CC      fs/xfs/libxfs/xfs_inode_util.o
  CC      net/devlink/netlink.o
  AR      drivers/base/regmap/built-in.a
  CC      drivers/base/physical_location.o
  CC      drivers/gpu/drm/drm_gem_atomic_helper.o
  CC      drivers/dma-buf/dma-resv.o
  CC      net/ipv4/udp_tunnel_stub.o
  CC      net/ipv6/addrlabel.o
  AR      drivers/base/test/built-in.a
  CC      drivers/base/trace.o
  CC      fs/xfs/libxfs/xfs_log_rlimit.o
  CC      net/devlink/netlink_gen.o
  CC [M]  net/packet/diag.o
  CC      drivers/gpu/drm/drm_gem_framebuffer_helper.o
  CC      drivers/dma-buf/dma-buf-mapping.o
  CC [M]  net/netfilter/nf_conntrack_h323_asn1.o
  CC [M]  net/netfilter/nf_conntrack_irc.o
  AR      drivers/base/built-in.a
  CC      net/ipv6/route.o
  CC      net/ipv4/ip_tunnel.o
  CC      net/devlink/dev.o
  CC      kernel/bpf/tnum.o
  CC      kernel/bpf/cnum.o
  AR      net/packet/built-in.a
  LD [M]  net/packet/af_packet_diag.o
  CC [M]  fs/dlm/ast.o
  CC [M]  fs/dlm/config.o
  CC      drivers/dma-buf/sync_file.o
  CC      kernel/context_tracking.o
  CC      kernel/iomem.o
  CC      kernel/bpf/log.o
  CC      drivers/gpu/drm/drm_kms_helper_common.o
  CC      fs/xfs/libxfs/xfs_metadir.o
  CC      fs/xfs/libxfs/xfs_metafile.o
  CC [M]  net/netfilter/nf_conntrack_broadcast.o
  CC      drivers/gpu/drm/drm_modeset_helper.o
  CC      drivers/gpu/drm/drm_plane_helper.o
  AR      drivers/dma-buf/built-in.a
  CC      drivers/gpu/drm/drm_probe_helper.o
  CC      drivers/gpu/drm/drm_self_refresh_helper.o
  CC [M]  fs/dlm/dir.o
  CC [M]  fs/dlm/lock.o
  CC      drivers/gpu/drm/drm_simple_kms_helper.o
  CC      kernel/bpf/token.o
  CC      kernel/bpf/liveness.o
  CC      net/devlink/port.o
  AR      net/dsa/built-in.a
  CC      net/devlink/sb.o
  CC      net/ipv4/sysctl_net_ipv4.o
  CC      net/devlink/dpipe.o
  CC [M]  net/netfilter/nf_conntrack_netbios_ns.o
  CC [M]  net/netfilter/nf_conntrack_snmp.o
  CC      drivers/gpu/drm/drm_vblank_helper.o
  CC [M]  net/netfilter/nf_conntrack_pptp.o
  CC      fs/xfs/libxfs/xfs_parent.o
  CC      kernel/rseq.o
  CC      net/ipv4/proc.o
  CC      drivers/gpu/drm/bridge/panel.o
  CC      drivers/gpu/drm/drm_fb_helper.o
  CC      net/8021q/vlan_core.o
  CC      fs/xfs/libxfs/xfs_rmap.o
  CC      net/devlink/resource.o
  CC [M]  net/netfilter/nf_conntrack_sane.o
  CC      net/ipv6/ip6_fib.o
  CC      kernel/bpf/const_fold.o
  CC      kernel/bpf/bpf_iter.o
  CC      net/ipv6/ipv6_sockglue.o
  CC      net/ipv4/fib_rules.o
  CC [M]  net/netfilter/nf_conntrack_sip.o
  CC [M]  fs/dlm/lockspace.o
  AR      drivers/gpu/drm/tests/built-in.a
  CC      drivers/gpu/drm/drm_mipi_dsi.o
  CC [M]  fs/dlm/main.o
  CC      fs/xfs/libxfs/xfs_rmap_btree.o
  CC [M]  net/8021q/vlan.o
  CC      kernel/bpf/map_iter.o
  CC      net/devlink/param.o
  CC      net/devlink/region.o
  CC      kernel/bpf/task_iter.o
  CC      net/ipv4/ipmr.o
  AR      drivers/gpu/drm/arm/built-in.a
  CC      drivers/gpu/drm/clients/drm_client_setup.o
  CC [M]  net/8021q/vlan_dev.o
  CC [M]  net/8021q/vlan_netlink.o
  CC      net/ipv6/ndisc.o
  CC      net/ipv6/udp.o
  CC [M]  net/netfilter/nf_conntrack_tftp.o
  CC      drivers/gpu/drm/clients/drm_fbdev_client.o
  CC [M]  fs/dlm/member.o
  CC      kernel/bpf/prog_iter.o
  CC      net/devlink/health.o
  CC      fs/xfs/libxfs/xfs_refcount.o
  AR      drivers/cxl/core/built-in.a
  AR      drivers/cxl/built-in.a
  UPD     kernel/kheaders-srclist
  CC [M]  net/netfilter/nf_log_syslog.o
  CC [M]  net/8021q/vlan_gvrp.o
  AR      drivers/gpu/drm/clients/built-in.a
  CC [M]  net/8021q/vlan_mvrp.o
  AR      drivers/gpu/drm/display/built-in.a
  CC [M]  drivers/gpu/drm/display/drm_display_helper_mod.o
  CC [M]  fs/dlm/memory.o
  CC      kernel/bpf/link_iter.o
  CC [M]  drivers/gpu/drm/display/drm_dp_dual_mode_helper.o
  AR      net/wireless/tests/built-in.a
  CC      net/wireless/wext-core.o
  CC      net/wireless/wext-proc.o
  CC [M]  fs/dlm/midcomms.o
  CC [M]  net/8021q/vlanproc.o
  CC [M]  net/netfilter/nf_nat_amanda.o
  CC      kernel/bpf/hashtab.o
  CC      net/ipv4/ipmr_base.o
  CC [M]  drivers/gpu/drm/display/drm_dp_helper.o
  CC      net/devlink/trap.o
  CC      net/ipv6/raw.o
  AR      net/8021q/built-in.a
  CC      net/ipv4/udp_tunnel_core.o
  LD [M]  net/8021q/8021q.o
  CC      net/ipv4/udp_tunnel_nic.o
  CC [M]  net/netfilter/nf_nat_ftp.o
  CC      kernel/bpf/arraymap.o
  CC [M]  net/wireless/core.o
  CC      fs/xfs/libxfs/xfs_refcount_btree.o
  CC      fs/xfs/libxfs/xfs_rtrefcount_btree.o
  CC [M]  fs/dlm/lowcomms.o
  CC [M]  net/netfilter/nf_nat_irc.o
  CC [M]  fs/cramfs/inode.o
  CC      net/ipv4/syncookies.o
  AR      drivers/macintosh/built-in.a
  CC [M]  fs/dlm/plock.o
  CC [M]  net/netfilter/nf_nat_sip.o
  CC      net/devlink/rate.o
  CC      kernel/bpf/percpu_freelist.o
  CC [M]  drivers/gpu/drm/display/drm_dp_mst_topology.o
  CC [M]  fs/cramfs/uncompress.o
  CC      net/ipv6/icmp.o
  LD [M]  fs/cramfs/cramfs.o
  CC [M]  drivers/gpu/drm/display/drm_dsc_helper.o
  CC      kernel/bpf/bpf_lru_list.o
  CC [M]  drivers/gpu/drm/display/drm_hdcp_helper.o
  UPD     kernel/kheaders-objlist
  CC      fs/xfs/libxfs/xfs_rtrmap_btree.o
  CC      net/devlink/linecard.o
  CC [M]  fs/dlm/rcom.o
  CC      kernel/bpf/lpm_trie.o
  CC [M]  net/netfilter/nf_nat_tftp.o
  CC      net/ipv4/netfilter.o
  CC [M]  net/netfilter/nf_synproxy_core.o
  CC [M]  net/netfilter/nf_conncount.o
  CC [M]  net/wireless/sysfs.o
  CC [M]  fs/dlm/recover.o
  CC      net/ipv4/netfilter/nf_defrag_ipv4.o
  CC      net/ipv6/mcast.o
  CC      kernel/bpf/map_in_map.o
  CC      net/ipv4/inet_diag.o
  CC      net/devlink/sh_dev.o
  CC      net/ipv6/reassembly.o
  CC [M]  fs/dlm/recoverd.o
  CC [M]  net/wireless/radiotap.o
  CC      fs/xfs/libxfs/xfs_sb.o
  CC      kernel/bpf/bloom_filter.o
  CC [M]  drivers/gpu/drm/display/drm_hdmi_cec_notifier_helper.o
  CC [M]  fs/dlm/requestqueue.o
  CC [M]  net/ipv4/netfilter/nf_socket_ipv4.o
  CC [M]  net/netfilter/nft_compat.o
  CC [M]  net/ipv4/netfilter/nf_tproxy_ipv4.o
  CC [M]  fs/dlm/user.o
  CC [M]  net/ipv4/netfilter/nf_reject_ipv4.o
  CC      kernel/bpf/local_storage.o
  CC      fs/xfs/libxfs/xfs_symlink_remote.o
  CC [M]  drivers/gpu/drm/display/drm_hdmi_helper.o
  CC [M]  net/wireless/util.o
  AR      net/devlink/built-in.a
  CC      net/ipv4/tcp_diag.o
  CC      net/netlabel/netlabel_user.o
  CC [M]  fs/dlm/util.o
  CC      fs/xfs/libxfs/xfs_trans_inode.o
  CC [M]  net/netfilter/nft_connlimit.o
  CC [M]  drivers/gpu/drm/display/drm_scdc_helper.o
  CC      kernel/bpf/queue_stack_maps.o
  CC      net/netlabel/netlabel_kapi.o
  LD [M]  fs/dlm/dlm.o
  CC      net/netlabel/netlabel_domainhash.o
  CC      net/netlabel/netlabel_addrlist.o
  CC      net/ipv6/tcp_ipv6.o
  CC      fs/xfs/libxfs/xfs_trans_resv.o
  CC      net/ipv4/udp_diag.o
  CC [M]  net/wireless/reg.o
  CC      kernel/bpf/ringbuf.o
  CC [M]  net/ipv4/netfilter/nf_nat_h323.o
  CC [M]  net/netfilter/nft_numgen.o
  LD [M]  drivers/gpu/drm/display/drm_display_helper.o
  CC      drivers/gpu/drm/ttm/ttm_tt.o
  CC      drivers/gpu/drm/ttm/ttm_bo.o
  CC [M]  net/netfilter/nft_ct.o
  CC      net/netlabel/netlabel_mgmt.o
  CC      net/netlabel/netlabel_unlabeled.o
  CC      kernel/bpf/bpf_insn_array.o
  UPD     kernel/kheaders.md5
  CC      fs/xfs/libxfs/xfs_trans_space.o
  CC [M]  net/ipv4/netfilter/nf_nat_pptp.o
  CC      fs/xfs/libxfs/xfs_types.o
  CC      fs/xfs/libxfs/xfs_rtbitmap.o
  CC      kernel/bpf/bpf_local_storage.o
  CC      drivers/gpu/drm/ttm/ttm_bo_util.o
  CC      drivers/gpu/drm/ttm/ttm_bo_vm.o
  CC      net/ipv6/ping.o
  CC [M]  net/netfilter/nft_limit.o
  CC      net/ipv6/exthdrs.o
  CC      net/netlabel/netlabel_cipso_v4.o
  ASN.1   net/ipv4/netfilter/nf_nat_snmp_basic.asn1.[ch]
  CC [M]  net/ipv4/netfilter/nft_reject_ipv4.o
  CC      fs/xfs/libxfs/xfs_rtgroup.o
  CC      fs/xfs/libxfs/xfs_zones.o
  CC      kernel/bpf/bpf_task_storage.o
  CC      kernel/bpf/fixups.o
  CC [M]  net/netfilter/nft_queue.o
  CC      drivers/scsi/scsi.o
  CC      drivers/gpu/drm/ttm/ttm_module.o
  CC      drivers/gpu/drm/ttm/ttm_execbuf_util.o
  CC [M]  net/ipv4/netfilter/nft_fib_ipv4.o
  CC [M]  net/wireless/scan.o
  CC [M]  net/wireless/nl80211.o
  CC      net/netlabel/netlabel_calipso.o
  CC      drivers/gpu/drm/vmwgfx/vmwgfx_execbuf.o
  CC      drivers/gpu/drm/ttm/ttm_range_manager.o
  CC      kernel/bpf/cfg.o
  CC [M]  net/netfilter/nft_quota.o
  CC      fs/xfs/xfs_aops.o
  CC      net/ipv6/datagram.o
  CC [M]  net/ipv4/netfilter/nft_dup_ipv4.o
  AR      drivers/gpu/drm/renesas/rcar-du/built-in.a
  AR      drivers/gpu/drm/renesas/rz-du/built-in.a
  AR      drivers/gpu/drm/renesas/built-in.a
  CC [M]  net/ipv4/netfilter/ip_tables.o
  AR      net/netlabel/built-in.a
  CC      kernel/bpf/states.o
  CC      drivers/scsi/hosts.o
  CC      drivers/gpu/drm/ttm/ttm_resource.o
  CC [M]  net/netfilter/nft_reject.o
  CC      drivers/gpu/drm/vmwgfx/vmwgfx_gmr.o
  CC      drivers/gpu/drm/vmwgfx/vmwgfx_kms.o
  CC [M]  net/netfilter/nft_reject_inet.o
  CC      drivers/scsi/scsi_ioctl.o
  CC [M]  fs/exfat/inode.o
  CC      kernel/bpf/backtrack.o
  CC      drivers/gpu/drm/ttm/ttm_pool.o
  CC      net/ipv6/ip6_flowlabel.o
  CC      net/ipv6/inet6_connection_sock.o
  CC [M]  net/netfilter/nft_tunnel.o
  CC      drivers/gpu/drm/vmwgfx/vmwgfx_drv.o
  CC [M]  net/ipv4/netfilter/iptable_filter.o
  CC      fs/xfs/xfs_attr_inactive.o
  CC [M]  fs/exfat/namei.o
  CC      drivers/scsi/scsicam.o
  CC      kernel/bpf/check_btf.o
  CC      drivers/scsi/scsi_error.o
  CC      fs/xfs/xfs_attr_list.o
  CC [M]  net/ipv4/netfilter/iptable_mangle.o
  CC      drivers/gpu/drm/ttm/ttm_device.o
  CC [M]  fs/exfat/dir.o
  CC      drivers/gpu/drm/ttm/ttm_sys_manager.o
  CC      drivers/gpu/drm/ttm/ttm_backup.o
  CC      drivers/gpu/drm/vmwgfx/vmwgfx_ioctl.o
  CC [M]  net/netfilter/nft_log.o
  CC      net/ipv6/udp_offload.o
  CC      kernel/bpf/bpf_inode_storage.o
  CC      drivers/gpu/drm/ttm/ttm_agp_backend.o
  CC [M]  net/ipv4/netfilter/iptable_nat.o
  CC      net/9p/mod.o
  CC      drivers/gpu/drm/vmwgfx/vmwgfx_resource.o
  CC [M]  fs/exfat/super.o
  CC      drivers/gpu/drm/vmwgfx/vmwgfx_ttm_buffer.o
  AR      drivers/gpu/drm/ttm/built-in.a
  CC      drivers/scsi/scsi_lib.o
  CC      drivers/scsi/scsi_lib_dma.o
  CC      kernel/bpf/disasm.o
  CC [M]  net/netfilter/nft_redir.o
  CC      net/ipv6/seg6.o
  CC      net/9p/client.o
  CC [M]  net/ipv4/netfilter/iptable_raw.o
  CC      fs/xfs/xfs_bmap_util.o
  CC      drivers/scsi/scsi_scan.o
  CC      drivers/gpu/drm/vmwgfx/vmwgfx_cmd.o
  CC      kernel/bpf/mprog.o
  CC [M]  fs/exfat/fatent.o
  CC      drivers/gpu/drm/vmwgfx/vmwgfx_irq.o
  CC [M]  net/netfilter/nft_hash.o
  CC      net/ipv6/fib6_notifier.o
  CC [M]  net/ipv4/netfilter/iptable_security.o
  CC [M]  fs/exfat/cache.o
  CC      kernel/bpf/trampoline.o
  CC      net/9p/error.o
  CC      drivers/gpu/drm/vmwgfx/vmwgfx_ldu.o
  AR      drivers/gpu/drm/omapdrm/built-in.a
  CC      net/ipv4/tcp_cubic.o
  CC [M]  net/netfilter/nft_fib.o
  GEN     drivers/scsi/scsi_devinfo_tbl.c
  CC      drivers/scsi/scsi_devinfo.o
  CC      net/ipv6/rpl.o
  CC [M]  fs/exfat/nls.o
  CC [M]  net/ipv4/netfilter/ipt_ah.o
  CC      drivers/scsi/scsi_netlink.o
  CC      drivers/gpu/drm/vmwgfx/vmwgfx_overlay.o
  CC      net/9p/protocol.o
  CC [M]  fs/exfat/misc.o
  CC [M]  fs/exfat/file.o
  CC      kernel/bpf/btf.o
  CC      net/ipv6/ioam6.o
  CC [M]  fs/exfat/balloc.o
  CC [M]  net/ipv4/netfilter/ipt_rpfilter.o
  CC [M]  net/netfilter/nft_fib_inet.o
  CC      fs/xfs/xfs_bio_io.o
  CC      drivers/gpu/drm/vmwgfx/vmwgfx_gmrid_manager.o
  AR      drivers/nvme/common/built-in.a
  CC      drivers/scsi/scsi_sysctl.o
  CC      drivers/nvme/host/core.o
  CC      net/9p/trans_common.o
  CC      drivers/nvme/host/ioctl.o
  CC      fs/xfs/xfs_buf.o
  CC [M]  fs/exfat/iomap.o
  CC      drivers/gpu/drm/vmwgfx/vmwgfx_fence.o
  CC [M]  net/netfilter/nft_fib_netdev.o
  CC      drivers/scsi/scsi_proc.o
  CC [M]  net/ipv4/netfilter/ipt_ECN.o
  CC      net/9p/trans_fd.o
  CC      net/ipv6/sysctl_net_ipv6.o
  LD [M]  fs/exfat/exfat.o
  CC      net/ipv6/ip6mr.o
  CC [M]  net/netfilter/nft_tproxy.o
  CC      drivers/gpu/drm/vmwgfx/vmwgfx_bo.o
  CC      drivers/gpu/drm/vmwgfx/vmwgfx_scrn.o
  CC      drivers/scsi/scsi_debugfs.o
  CC [M]  net/ipv4/netfilter/ipt_REJECT.o
  CC [M]  net/ipv4/netfilter/ipt_SYNPROXY.o
  CC      net/9p/trans_virtio.o
  CC      drivers/scsi/scsi_trace.o
  CC      drivers/scsi/scsi_logging.o
  CC [M]  net/netfilter/xt_mark.o
  CC      drivers/gpu/drm/vmwgfx/vmwgfx_context.o
  CC [M]  net/netfilter/xt_connmark.o
  CC [M]  net/ipv4/netfilter/arp_tables.o
  CC [M]  net/wireless/mlme.o
  CC      drivers/ata/libata-core.o
  CC      drivers/net/loopback.o
  CC      drivers/scsi/scsi_pm.o
  AR      net/9p/built-in.a
  CC      drivers/scsi/scsi_dh.o
  CC [M]  net/netfilter/xt_set.o
  CC      drivers/nvme/host/sysfs.o
  CC      drivers/gpu/drm/vmwgfx/vmwgfx_surface.o
  CC      fs/xfs/xfs_dahash_test.o
  CC      drivers/gpu/drm/vmwgfx/vmwgfx_prime.o
  CC      drivers/scsi/scsi_bsg.o
  CC      net/ipv6/xfrm6_policy.o
  CC      fs/xfs/xfs_dir2_readdir.o
  CC [M]  net/netfilter/xt_nat.o
  CC [M]  net/ipv4/netfilter/arpt_mangle.o
  CC      drivers/net/phy/stubs.o
  CC      drivers/scsi/scsi_common.o
  CC      kernel/bpf/memalloc.o
  CC      kernel/bpf/rqspinlock.o
  CC      drivers/gpu/drm/vmwgfx/vmwgfx_mob.o
  CC      drivers/nvme/host/pr.o
  CC [M]  net/netfilter/xt_AUDIT.o
  CC      net/ipv6/xfrm6_state.o
  CC [M]  net/ipv4/netfilter/arptable_filter.o
  CC      drivers/scsi/raid_class.o
  CC      drivers/net/phy/mdio_bus.o
  CC [M]  net/wireless/ibss.o
  CC      drivers/nvme/host/trace.o
  CC      drivers/gpu/drm/vmwgfx/vmwgfx_shader.o
  CC      drivers/gpu/drm/vmwgfx/vmwgfx_cmdbuf_res.o
  CC      kernel/bpf/stream.o
  CC      net/ipv6/xfrm6_input.o
  CC [M]  net/ipv4/netfilter/nf_dup_ipv4.o
  CC [M]  net/netfilter/xt_CHECKSUM.o
  CC      drivers/scsi/scsi_transport_spi.o
  CC      fs/xfs/xfs_discard.o
  CC      drivers/scsi/scsi_transport_fc.o
  CC      drivers/nvme/host/multipath.o
  CC      drivers/gpu/drm/vmwgfx/vmwgfx_cmdbuf.o
  CC      kernel/bpf/arena.o
  CC      drivers/net/phy/phy.o
  CC      drivers/ata/libata-scsi.o
  CC [M]  net/netfilter/xt_CLASSIFY.o
  CC [M]  net/wireless/sme.o
  AR      net/ipv4/netfilter/built-in.a
  CC [M]  net/ipv4/netfilter/nf_nat_snmp_basic.asn1.o
  CC      drivers/gpu/drm/vmwgfx/vmwgfx_stdu.o
  CC [M]  net/ipv4/netfilter/nf_nat_snmp_basic_main.o
  CC      net/ipv6/xfrm6_output.o
  CC      net/ipv6/xfrm6_protocol.o
  CC      kernel/bpf/range_tree.o
  CC      drivers/nvme/host/zns.o
  CC      fs/xfs/xfs_error.o
  CC      drivers/gpu/drm/vmwgfx/vmwgfx_cotable.o
  CC [M]  net/netfilter/xt_CONNSECMARK.o
  LD [M]  net/ipv4/netfilter/nf_nat_snmp_basic.o
  CC      net/ipv4/tcp_bpf.o
  CC      drivers/net/phy/phy-c45.o
  CC      drivers/net/phy/phy-core.o
  CC      drivers/nvme/host/pci.o
  CC      kernel/bpf/dispatcher.o
  CC      fs/xfs/xfs_exchrange.o
  CC      net/ipv6/netfilter.o
  CC      drivers/scsi/scsi_transport_iscsi.o
  CC      drivers/ata/libata-eh.o
  CC [M]  net/netfilter/xt_CT.o
  CC      drivers/gpu/drm/vmwgfx/vmwgfx_so.o
  CC      kernel/bpf/devmap.o
  CC      kernel/bpf/cpumap.o
  CC      drivers/gpu/drm/vmwgfx/vmwgfx_binding.o
  CC [M]  net/wireless/chan.o
  CC      drivers/net/phy/phy_device.o
  CC [M]  net/netfilter/xt_DSCP.o
  CC      net/ipv4/udp_bpf.o
  CC      net/ipv6/fib6_rules.o
  CC [M]  drivers/nvme/host/fabrics.o
  CC      fs/xfs/xfs_export.o
  CC      drivers/gpu/drm/vmwgfx/vmwgfx_msg.o
  CC      drivers/gpu/drm/vmwgfx/vmwgfx_simple_resource.o
  CC      kernel/bpf/offload.o
  CC      drivers/ata/libata-transport.o
  CC [M]  net/netfilter/xt_HL.o
  CC      fs/xfs/xfs_extent_busy.o
  CC      net/ipv6/proc.o
  CC      drivers/gpu/drm/vmwgfx/vmwgfx_va.o
  CC      net/ipv4/cipso_ipv4.o
  CC      fs/xfs/xfs_file.o
  CC [M]  drivers/nvme/host/rdma.o
  CC [M]  net/netfilter/xt_HMARK.o
  CC      drivers/ata/libata-trace.o
  CC      drivers/gpu/drm/vmwgfx/vmwgfx_blit.o
  CC      drivers/net/phy/linkmode.o
  CC [M]  net/wireless/ethtool.o
  CC      net/ipv6/syncookies.o
  CC      drivers/scsi/scsi_transport_sas.o
  CC      kernel/bpf/net_namespace.o
  CC      drivers/ata/libata-sata.o
  CC [M]  net/netfilter/xt_LOG.o
  CC      drivers/net/phy/phy_link_topology.o
  CC      drivers/gpu/drm/vmwgfx/vmwgfx_validation.o
  CC      drivers/gpu/drm/vmwgfx/vmwgfx_page_dirty.o
  CC      net/ipv4/xfrm4_policy.o
  CC      kernel/bpf/tcx.o
  CC [M]  drivers/nvme/host/fc.o
  CC [M]  net/wireless/mesh.o
  CC      drivers/scsi/device_handler/scsi_dh_rdac.o
  CC      drivers/ata/libata-sff.o
  CC      drivers/gpu/drm/vmwgfx/vmwgfx_streamoutput.o
  CC [M]  net/netfilter/xt_NETMAP.o
  CC      drivers/gpu/drm/vmwgfx/vmwgfx_devcaps.o
  CC      net/ipv6/calipso.o
  CC      drivers/net/phy/phy_caps.o
  CC      kernel/bpf/stackmap.o
  CC      net/ipv4/xfrm4_state.o
  CC      fs/xfs/xfs_filestream.o
  CC [M]  drivers/scsi/device_handler/scsi_dh_hp_sw.o
  CC [M]  net/netfilter/xt_NFLOG.o
  CC      drivers/gpu/drm/vmwgfx/ttm_object.o
  CC [M]  net/wireless/ap.o
  CC      kernel/bpf/cgroup_iter.o
  CC [M]  drivers/scsi/device_handler/scsi_dh_emc.o
  CC      net/ipv4/xfrm4_input.o
  CC      drivers/net/phy/mdio_bus_provider.o
  CC [M]  net/netfilter/xt_NFQUEUE.o
  CC [M]  drivers/scsi/device_handler/scsi_dh_alua.o
  CC      drivers/gpu/drm/vmwgfx/vmwgfx_system_manager.o
  CC      drivers/ata/libata-pmp.o
  CC [M]  drivers/nvme/host/tcp.o
  CC      net/ipv6/netfilter/nf_defrag_ipv6_hooks.o
  CC      net/ipv6/addrconf_core.o
  CC      kernel/bpf/bpf_cgrp_storage.o
  CC [M]  net/wireless/trace.o
  CC      drivers/gpu/drm/vmwgfx/vmwgfx_gem.o
  CC [M]  net/netfilter/xt_REDIRECT.o
  CC      fs/xfs/xfs_fsmap.o
  CC      drivers/net/phy/phy_port.o
  AR      drivers/scsi/device_handler/built-in.a
  CC      drivers/scsi/smartpqi/smartpqi_init.o
  CC      drivers/ata/libata-acpi.o
  CC      kernel/bpf/cgroup.o
  CC      net/ipv4/xfrm4_output.o
  CC      drivers/gpu/drm/vmwgfx/vmwgfx_vkms.o
  CC      net/ipv6/netfilter/nf_conntrack_reasm.o
  CC [M]  net/netfilter/xt_MASQUERADE.o
  CC      kernel/bpf/reuseport_array.o
  CC      drivers/gpu/drm/vmwgfx/vmwgfx_cursor_plane.o
  CC      drivers/net/phy/mdio_device.o
  AR      drivers/nvme/host/built-in.a
  LD [M]  drivers/nvme/host/nvme-fabrics.o
  CC      net/ipv4/xfrm4_protocol.o
  LD [M]  drivers/nvme/host/nvme-rdma.o
  LD [M]  drivers/nvme/host/nvme-fc.o
  LD [M]  drivers/nvme/host/nvme-tcp.o
  AR      drivers/nvme/target/built-in.a
  CC [M]  drivers/nvme/target/core.o
  CC      drivers/ata/libata-pata-timings.o
  CC [M]  net/netfilter/xt_SECMARK.o
  AR      drivers/gpu/drm/tilcdc/built-in.a
  CC      kernel/bpf/sysfs_btf.o
  AR      drivers/gpu/drm/vmwgfx/built-in.a
  AR      drivers/gpu/drm/imx/built-in.a
  AR      drivers/gpu/drm/panel/built-in.a
  AR      drivers/gpu/drm/bridge/analogix/built-in.a
  AR      drivers/gpu/drm/bridge/cadence/built-in.a
  AR      drivers/gpu/drm/bridge/imx/built-in.a
  AR      drivers/gpu/drm/bridge/synopsys/built-in.a
  AR      drivers/gpu/drm/bridge/built-in.a
  AR      drivers/gpu/drm/hisilicon/built-in.a
  AR      drivers/gpu/drm/mxsfb/built-in.a
  AR      drivers/gpu/drm/sysfb/built-in.a
  AR      drivers/gpu/drm/tiny/built-in.a
  CC [M]  drivers/gpu/drm/tiny/cirrus-qemu.o
  CC      drivers/ata/ahci.o
  CC      fs/xfs/xfs_fsops.o
  CC [M]  net/netfilter/xt_TPROXY.o
  CC      drivers/net/phy/swphy.o
  CC [M]  drivers/nvme/target/configfs.o
  CC [M]  net/ipv6/netfilter/ip6_tables.o
  CC      net/ipv4/bpf_tcp_ca.o
  CC      kernel/bpf/bpf_struct_ops.o
  AR      drivers/gpu/drm/xlnx/built-in.a
  AR      drivers/gpu/drm/gud/built-in.a
  AR      drivers/gpu/drm/sitronix/built-in.a
  AR      drivers/gpu/drm/solomon/built-in.a
  CC [M]  drivers/gpu/drm/drm_panel_backlight_quirks.o
  CC [M]  drivers/gpu/drm/drm_exec.o
  CC      drivers/ata/libahci.o
  CC      drivers/net/phy/mdio_devres.o
  CC [M]  net/netfilter/xt_TCPOPTSTRIP.o
  CC [M]  drivers/nvme/target/admin-cmd.o
  CC [M]  drivers/nvme/target/fabrics-cmd.o
  CC [M]  net/ipv4/ipip.o
  CC      drivers/scsi/smartpqi/smartpqi_sis.o
  CC [M]  drivers/gpu/drm/drm_gpuvm.o
  CC      fs/xfs/xfs_globals.o
  CC      fs/xfs/xfs_handle.o
  CC      drivers/net/phy/mii_timestamper.o
  CC [M]  net/ipv6/netfilter/ip6table_filter.o
  CC [M]  net/netfilter/xt_TEE.o
  CC      drivers/scsi/smartpqi/smartpqi_sas_transport.o
  CC      kernel/bpf/cpumask.o
  CC [M]  drivers/nvme/target/discovery.o
  CC      drivers/scsi/sym53c8xx_2/sym_fw.o
  CC [M]  net/ipv4/fou_core.o
  CC      drivers/ata/sata_sil24.o
  CC      kernel/bpf/bpf_lsm_proto.o
  AR      drivers/scsi/smartpqi/built-in.a
  CC      kernel/bpf/bpf_lsm.o
  CC      drivers/net/phy/fixed_phy.o
  CC [M]  drivers/nvme/target/io-cmd-file.o
  CC [M]  net/netfilter/xt_TRACE.o
  CC      drivers/scsi/sym53c8xx_2/sym_glue.o
  CC [M]  net/ipv6/netfilter/ip6table_mangle.o
  CC [M]  drivers/gpu/drm/drm_buddy.o
  CC [M]  drivers/nvme/target/io-cmd-bdev.o
  CC      drivers/ata/pdc_adma.o
  CC      drivers/ata/sata_qstor.o
  CC [M]  net/netfilter/xt_IDLETIMER.o
  CC      kernel/bpf/crypto.o
  CC      fs/xfs/xfs_health.o
  CC      drivers/scsi/sym53c8xx_2/sym_hipd.o
  CC [M]  drivers/gpu/drm/drm_gem_shmem_helper.o
  AR      drivers/net/phy/mediatek/built-in.a
  AR      drivers/net/phy/qcom/built-in.a
  CC [M]  drivers/net/phy/phylink.o
  CC [M]  net/ipv6/netfilter/ip6table_raw.o
  CC [M]  drivers/nvme/target/pr.o
  CC [M]  net/ipv4/fou_nl.o
  CC [M]  net/ipv4/fou_bpf.o
  CC      drivers/ata/sata_sx4.o
  CC [M]  net/netfilter/xt_addrtype.o
  CC      kernel/bpf/relo_core.o
  CC [M]  drivers/nvme/target/zns.o
  CC [M]  net/ipv4/gre_demux.o
  CC [M]  net/ipv4/ip_gre.o
  CC [M]  net/ipv6/netfilter/ip6table_security.o
  CC [M]  drivers/gpu/drm/drm_fbdev_shmem.o
  CC      drivers/ata/ata_piix.o
  CC      drivers/scsi/sym53c8xx_2/sym_malloc.o
  CC [M]  drivers/nvme/target/trace.o
  CC [M]  net/netfilter/xt_bpf.o
  CC      fs/xfs/xfs_healthmon.o
  CC      kernel/bpf/btf_iter.o
  CC [M]  net/ipv6/netfilter/ip6table_nat.o
  CC      drivers/scsi/sym53c8xx_2/sym_nvram.o
  CC [M]  drivers/nvme/target/loop.o
  CC [M]  drivers/gpu/drm/drm_suballoc.o
  AR      drivers/net/pse-pd/built-in.a
  CC      drivers/net/mdio/acpi_mdio.o
  CC      drivers/ata/sata_mv.o
  CC      kernel/bpf/btf_relocate.o
  CC [M]  drivers/net/phy/phy_package.o
  CC [M]  net/netfilter/xt_cluster.o
  AR      drivers/scsi/sym53c8xx_2/built-in.a
  AR      drivers/scsi/megaraid/built-in.a
  CC [M]  drivers/scsi/megaraid/megaraid_mm.o
  CC [M]  drivers/gpu/drm/scheduler/sched_main.o
  CC [M]  drivers/nvme/target/tcp.o
  CC [M]  net/ipv6/netfilter/nf_socket_ipv6.o
  CC [M]  net/ipv4/ip_vti.o
  CC      kernel/bpf/kmem_cache_iter.o
  CC      drivers/net/mdio/fwnode_mdio.o
  CC [M]  net/netfilter/xt_comment.o
  CC [M]  drivers/net/phy/amd.o
  CC [M]  drivers/scsi/megaraid/megaraid_mbox.o
  CC      fs/xfs/xfs_icache.o
  CC      kernel/bpf/dmabuf_iter.o
  CC [M]  net/netfilter/xt_connbytes.o
  CC      drivers/ata/sata_nv.o
  CC [M]  drivers/net/phy/ax88796b.o
  CC [M]  net/ipv4/ah4.o
  AR      drivers/net/mdio/built-in.a
  CC      fs/xfs/xfs_ioctl.o
  AR      kernel/bpf/built-in.a
  GZIP    kernel/config_data.gz
  GEN     kernel/kheaders_data.tar.xz
  CC [M]  net/ipv6/netfilter/nf_tproxy_ipv6.o
  CC [M]  drivers/gpu/drm/scheduler/sched_fence.o
  LD [M]  drivers/nvme/target/nvmet.o
  LD [M]  drivers/nvme/target/nvme-loop.o
  LD [M]  drivers/nvme/target/nvmet-tcp.o
  AR      drivers/nvme/built-in.a
  CC [M]  drivers/gpu/drm/scheduler/sched_entity.o
  CC [M]  net/netfilter/xt_connlabel.o
  CC [M]  drivers/net/phy/bcm7xxx.o
  CC [M]  drivers/scsi/megaraid/megaraid_sas_base.o
  CC [M]  net/ipv4/esp4.o
  CC [M]  drivers/net/phy/bcm87xx.o
  CC      drivers/ata/sata_promise.o
  CC [M]  net/netfilter/xt_connlimit.o
  CC [M]  drivers/gpu/drm/scheduler/sched_rq.o
  CC [M]  net/netfilter/xt_conntrack.o
  CC [M]  drivers/net/phy/bcm-phy-lib.o
  CC [M]  net/ipv6/netfilter/nf_reject_ipv6.o
  CC [M]  net/netfilter/xt_cpu.o
  LD [M]  drivers/gpu/drm/scheduler/gpu-sched.o
  CC [M]  drivers/gpu/drm/radeon/radeon_drv.o
  CC      drivers/ata/sata_sil.o
  CC      net/ipv6/exthdrs_core.o
  CC      fs/xfs/xfs_iomap.o
  CC [M]  drivers/gpu/drm/amd/amdgpu/amdgpu_drv.o
  CC [M]  net/netfilter/xt_dccp.o
  CC [M]  net/ipv4/esp4_offload.o
  CC [M]  net/wireless/ocb.o
  CC      drivers/ata/sata_sis.o
  CC [M]  drivers/gpu/drm/radeon/radeon_device.o
  CC [M]  drivers/net/phy/bcm-phy-ptp.o
  CC [M]  drivers/gpu/drm/radeon/radeon_asic.o
  CC [M]  drivers/scsi/megaraid/megaraid_sas_fusion.o
  CC [M]  net/netfilter/xt_devgroup.o
  CC [M]  drivers/gpu/drm/amd/amdgpu/amdgpu_device.o
  CC      drivers/ata/sata_svw.o
  CC [M]  net/ipv6/netfilter/nf_dup_ipv6.o
  CC [M]  net/ipv4/ipcomp.o
  CC [M]  net/wireless/michael-mic.o
  CC [M]  net/netfilter/xt_ecn.o
  CC [M]  drivers/gpu/drm/radeon/radeon_kms.o
  CC      drivers/ata/sata_uli.o
  CC      drivers/ata/sata_via.o
  CC      fs/xfs/xfs_iops.o
  CC [M]  net/ipv6/netfilter/nft_reject_ipv6.o
  CC [M]  drivers/net/phy/broadcom.o
  CC [M]  net/ipv4/xfrm4_tunnel.o
  CC [M]  net/wireless/pmsr.o
  CC [M]  net/netfilter/xt_esp.o
  CC      drivers/message/fusion/mptbase.o
  CC [M]  drivers/scsi/megaraid/megaraid_sas_fp.o
  CC      drivers/ata/sata_vsc.o
  CC [M]  drivers/gpu/drm/radeon/radeon_atombios.o
  CC [M]  net/ipv6/netfilter/nft_dup_ipv6.o
  CC [M]  net/ipv4/tunnel4.o
  CC      drivers/ata/pata_ali.o
  CC [M]  drivers/net/phy/et1011c.o
  CC [M]  drivers/scsi/megaraid/megaraid_sas_debugfs.o
  CC [M]  net/netfilter/xt_hashlimit.o
  CC [M]  drivers/gpu/drm/amd/amdgpu/amdgpu_reg_access.o
  CC [M]  net/ipv6/netfilter/nft_fib_ipv6.o
  CC [M]  drivers/net/phy/lxt.o
  CC      drivers/ata/pata_amd.o
  CC [M]  net/wireless/wext-compat.o
  LD [M]  drivers/scsi/megaraid/megaraid_sas.o
  CC      drivers/scsi/virtio_scsi.o
  CC [M]  net/ipv4/tcp_bbr.o
  CC      fs/xfs/xfs_inode.o
  CC      drivers/ata/pata_artop.o
  CC [M]  drivers/net/phy/marvell.o
  CC [M]  drivers/gpu/drm/amd/amdgpu/amdgpu_doorbell_mgr.o
  CC [M]  drivers/gpu/drm/radeon/radeon_agp.o
  CC [M]  net/netfilter/xt_helper.o
  CC      drivers/scsi/vmw_pvscsi.o
  CC [M]  net/ipv6/netfilter/ip6t_ah.o
  CC      drivers/ata/pata_atiixp.o
  CC      drivers/message/fusion/mptscsih.o
  CC [M]  net/ipv4/tcp_bic.o
  CC [M]  drivers/gpu/drm/radeon/atombios_crtc.o
  CC [M]  drivers/gpu/drm/amd/amdgpu/amdgpu_kms.o
  CC [M]  net/netfilter/xt_ipcomp.o
  CC      drivers/ata/pata_atp867x.o
  CC [M]  net/wireless/wext-sme.o
  CC      drivers/scsi/storvsc_drv.o
  CC [M]  drivers/net/phy/micrel.o
  CC [M]  net/ipv6/netfilter/ip6t_eui64.o
  CC [M]  net/ipv4/tcp_cdg.o
  CC      drivers/ata/pata_cmd64x.o
  CC [M]  net/netfilter/xt_iprange.o
  CC      drivers/message/fusion/mptspi.o
  CC [M]  drivers/gpu/drm/radeon/radeon_combios.o
  GEN     net/wireless/shipped-certs.c
  AR      net/wireless/built-in.a
  CC [M]  net/wireless/shipped-certs.o
  CC [M]  drivers/gpu/drm/amd/amdgpu/amdgpu_atombios.o
  CC      fs/xfs/xfs_itable.o
  CC      drivers/ata/pata_cypress.o
  CC [M]  net/ipv6/netfilter/ip6t_frag.o
  CC      drivers/scsi/sd.o
  CC [M]  net/netfilter/xt_ipvs.o
  CC [M]  net/ipv4/tcp_dctcp.o
  LD [M]  net/wireless/cfg80211.o
  CC      drivers/message/fusion/mptsas.o
  CC      drivers/scsi/sd_dif.o
  CC      drivers/ata/pata_efar.o
  CC      fs/xfs/xfs_iwalk.o
  CC [M]  drivers/net/phy/microchip.o
  CC [M]  drivers/gpu/drm/radeon/atom.o
  CC [M]  drivers/gpu/drm/amd/amdgpu/atombios_crtc.o
  CC [M]  net/netfilter/xt_length.o
  CC [M]  drivers/net/phy/national.o
  CC [M]  net/ipv6/netfilter/ip6t_ipv6header.o
  CC      drivers/ata/pata_hpt366.o
  CC [M]  net/ipv4/tcp_westwood.o
  CC [M]  net/ipv4/tcp_highspeed.o
  CC      drivers/scsi/sd_zbc.o
  CC      drivers/ata/pata_hpt37x.o
  CC [M]  net/netfilter/xt_limit.o
  CC [M]  drivers/net/phy/ste10Xp.o
  CC [M]  drivers/gpu/drm/amd/amdgpu/amdgpu_connectors.o
  CC      drivers/message/fusion/mptctl.o
  CC [M]  drivers/gpu/drm/radeon/radeon_fence.o
  CC [M]  net/ipv6/netfilter/ip6t_mh.o
  CC [M]  drivers/gpu/drm/amd/amdxcp/amdgpu_xcp_drv.o
  CC      drivers/ata/pata_hpt3x2n.o
  CC [M]  net/ipv4/tcp_hybla.o
  CC      fs/xfs/xfs_message.o
  CC      drivers/scsi/sr.o
  CC [M]  drivers/net/phy/realtek/realtek_main.o
  CC [M]  net/netfilter/xt_mac.o
  CC [M]  net/ipv6/netfilter/ip6t_hbh.o
  LD [M]  drivers/gpu/drm/amd/amdxcp/amdxcp.o
  CC [M]  drivers/gpu/drm/radeon/radeon_ttm.o
  CC [M]  drivers/gpu/drm/radeon/radeon_object.o
  CC      drivers/ata/pata_hpt3x3.o
  CC      fs/xfs/xfs_mount.o
  CC [M]  drivers/gpu/drm/amd/amdgpu/atom.o
  AR      drivers/message/fusion/built-in.a
  AR      drivers/message/built-in.a
  CC      net/ipv6/ip6_checksum.o
  CC      drivers/scsi/sr_ioctl.o
  CC [M]  net/ipv4/tcp_htcp.o
  CC [M]  net/netfilter/xt_multiport.o
  CC      drivers/ata/pata_it8213.o
  LD [M]  drivers/net/phy/realtek/realtek.o
  CC      drivers/scsi/sr_vendor.o
  AR      drivers/net/phy/built-in.a
  AR      drivers/net/pcs/built-in.a
  CC      drivers/net/veth.o
  AR      drivers/firewire/built-in.a
  CC      fs/xfs/xfs_mru_cache.o
  CC [M]  drivers/gpu/drm/radeon/radeon_gart.o
  CC [M]  net/ipv6/netfilter/ip6t_rpfilter.o
  CC      drivers/ata/pata_it821x.o
  CC [M]  net/ipv4/tcp_vegas.o
  CC      drivers/cdrom/cdrom.o
  CC      drivers/scsi/sg.o
  CC [M]  net/netfilter/xt_nfacct.o
  CC [M]  net/netfilter/xt_osf.o
  CC [M]  drivers/gpu/drm/radeon/radeon_legacy_crtc.o
  CC [M]  drivers/gpu/drm/amd/amdgpu/amdgpu_fence.o
  CC      drivers/ata/pata_jmicron.o
  CC [M]  net/ipv6/netfilter/ip6t_rt.o
  CC      fs/xfs/xfs_pwork.o
  CC [M]  net/ipv6/netfilter/ip6t_NPT.o
  CC      drivers/ata/pata_marvell.o
  CC      drivers/net/virtio_net.o
  CC [M]  net/ipv4/tcp_nv.o
  CC [M]  net/netfilter/xt_owner.o
  CC [M]  drivers/scsi/scsi_transport_srp.o
  CC [M]  drivers/gpu/drm/radeon/radeon_legacy_encoders.o
  CC [M]  drivers/gpu/drm/radeon/radeon_connectors.o
  CC [M]  drivers/gpu/drm/amd/amdgpu/amdgpu_ttm.o
  CC      drivers/ata/pata_netcell.o
  AR      drivers/cdrom/built-in.a
  CC      net/dcb/dcbnl.o
  CC [M]  net/ipv6/netfilter/ip6t_REJECT.o
  CC [M]  net/netfilter/xt_cgroup.o
  CC      fs/xfs/xfs_reflink.o
  CC      drivers/ata/pata_ninja32.o
  CC [M]  net/ipv4/tcp_veno.o
  CC [M]  drivers/scsi/libiscsi.o
  CC [M]  net/netfilter/xt_physdev.o
  CC [M]  drivers/gpu/drm/radeon/radeon_encoders.o
  CC      drivers/ata/pata_ns87415.o
  CC      fs/xfs/xfs_stats.o
  CC [M]  net/ipv6/netfilter/ip6t_SYNPROXY.o
  CC [M]  net/ipv4/tcp_scalable.o
  CC      drivers/ata/pata_oldpiix.o
  CC [M]  net/netfilter/xt_pkttype.o
  CC [M]  drivers/gpu/drm/radeon/radeon_display.o
  CC [M]  drivers/gpu/drm/amd/amdgpu/amdgpu_object.o
  CC      drivers/ata/pata_pdc2027x.o
  CC      net/dcb/dcbevent.o
  CC      drivers/net/vxlan/vxlan_core.o
  CC [M]  net/ipv4/tcp_lp.o
  AR      net/ipv6/netfilter/built-in.a
  CC      kernel/configs.o
  CC      net/ipv6/ip6_icmp.o
  CC [M]  net/netfilter/xt_policy.o
  CC      drivers/ata/pata_sch.o
  CC      fs/xfs/xfs_super.o
  CC [M]  kernel/kheaders.o
  CC [M]  drivers/gpu/drm/radeon/radeon_cursor.o
  CC [M]  drivers/gpu/drm/amd/amdgpu/amdgpu_gart.o
  AR      net/dcb/built-in.a
  CC [M]  drivers/gpu/drm/amd/amdgpu/amdgpu_encoders.o
  AR      kernel/built-in.a
  CC [M]  drivers/gpu/drm/amd/amdgpu/amdgpu_display.o
  CC [M]  drivers/gpu/drm/amd/amdgpu/amdgpu_i2c.o
  CC [M]  net/ipv4/tcp_yeah.o
  CC [M]  drivers/scsi/libiscsi_tcp.o
  CC [M]  net/netfilter/xt_quota.o
  CC      drivers/ata/pata_sis.o
  CC      net/ipv6/output_core.o
  CC [M]  drivers/gpu/drm/radeon/radeon_i2c.o
  CC [M]  drivers/gpu/drm/radeon/radeon_clocks.o
  CC [M]  net/netfilter/xt_realm.o
  CC      drivers/ata/pata_via.o
  CC [M]  net/netfilter/xt_recent.o
  CC [M]  drivers/gpu/drm/radeon/radeon_gem.o
  CC [M]  net/ipv4/tcp_illinois.o
  CC [M]  drivers/gpu/drm/amd/amdgpu/amdgpu_gem.o
  AR      drivers/net/ethernet/agere/built-in.a
  AR      drivers/net/ethernet/alacritech/built-in.a
  AR      drivers/net/ethernet/alibaba/built-in.a
  AR      drivers/net/ethernet/amd/built-in.a
  CC [M]  drivers/net/ethernet/amd/amd8111e.o
  CC      drivers/ata/pata_cmd640.o
  CC [M]  drivers/net/ethernet/amd/pcnet32.o
  CC      net/ipv6/protocol.o
  CC      drivers/ata/pata_mpiix.o
  CC [M]  drivers/scsi/iscsi_tcp.o
  CC [M]  net/netfilter/xt_sctp.o
  CC      fs/xfs/xfs_symlink.o
  CC [M]  drivers/gpu/drm/radeon/radeon_ring.o
  CC      drivers/net/vxlan/vxlan_multicast.o
  AR      net/ipv4/built-in.a
  LD [M]  net/ipv4/fou.o
  CC      drivers/ata/pata_ns87410.o
  LD [M]  net/ipv4/gre.o
  CC      drivers/net/vxlan/vxlan_vnifilter.o
  CC [M]  fs/isofs/namei.o
  CC [M]  drivers/gpu/drm/amd/amdgpu/amdgpu_ring.o
  CC [M]  fs/nfs/client.o
  CC [M]  drivers/gpu/drm/radeon/radeon_irq_kms.o
  CC      net/ipv6/ip6_offload.o
  CC [M]  fs/isofs/inode.o
  CC      drivers/ata/pata_opti.o
  CC [M]  net/netfilter/xt_socket.o
  CC [M]  net/netfilter/xt_state.o
  CC [M]  drivers/scsi/iscsi_boot_sysfs.o
  AR      drivers/net/ethernet/asix/built-in.a
  AR      drivers/net/ethernet/atheros/built-in.a
  CC [M]  drivers/net/ethernet/atheros/atlx/atl1.o
  CC      fs/xfs/xfs_sysfs.o
  CC [M]  drivers/gpu/drm/radeon/radeon_cs.o
  CC      drivers/ata/pata_rz1000.o
  CC [M]  drivers/scsi/advansys.o
  CC [M]  drivers/scsi/BusLogic.o
  CC [M]  drivers/gpu/drm/amd/amdgpu/amdgpu_cs.o
  CC      drivers/net/vxlan/vxlan_mdb.o
  CC [M]  fs/isofs/dir.o
  CC [M]  net/netfilter/xt_statistic.o
  CC      fs/xfs/xfs_trans.o
  CC      drivers/ata/pata_acpi.o
  CC [M]  fs/nfs/dir.o
  CC [M]  drivers/gpu/drm/radeon/radeon_bios.o
  CC [M]  fs/isofs/util.o
  CC      net/ipv6/exthdrs_offload.o
  CC [M]  net/netfilter/xt_string.o
  CC      drivers/ata/ata_generic.o
  CC [M]  fs/isofs/rock.o
  CC [M]  drivers/net/ethernet/atheros/atlx/atl2.o
  CC [M]  drivers/gpu/drm/amd/amdgpu/amdgpu_bios.o
  CC [M]  drivers/ata/pata_legacy.o
  CC      net/ipv6/inet6_hashtables.o
  CC [M]  drivers/gpu/drm/radeon/radeon_benchmark.o
  CC [M]  net/netfilter/xt_tcpmss.o
  AR      drivers/net/vxlan/built-in.a
  CC [M]  net/netfilter/xt_time.o
  CC [M]  fs/isofs/export.o
  CC [M]  net/netfilter/xt_u32.o
  CC      fs/xfs/xfs_verify_media.o
  AR      drivers/ata/built-in.a
  CC      fs/xfs/xfs_xattr.o
  HOSTCC  drivers/gpu/drm/radeon/mkregtable
  CC [M]  fs/isofs/joliet.o
  CC [M]  drivers/scsi/ips.o
  CC [M]  drivers/gpu/drm/amd/amdgpu/amdgpu_benchmark.o
  CC [M]  drivers/gpu/drm/amd/amdgpu/atombios_dp.o
  AR      drivers/auxdisplay/built-in.a
  CC [M]  drivers/net/ethernet/atheros/atl1e/atl1e_main.o
  CC [M]  drivers/net/ethernet/atheros/atl1c/atl1c_main.o
  CC [M]  drivers/net/ethernet/atheros/atl1c/atl1c_hw.o
  CC [M]  drivers/gpu/drm/radeon/rs400.o
  CC [M]  fs/isofs/compress.o
  CC [M]  fs/nfs/file.o
  CC      net/ipv6/ip6_udp_tunnel.o
  CC [M]  net/netfilter/ipset/ip_set_core.o
  CC [M]  net/netfilter/ipset/ip_set_getport.o
  LD [M]  fs/isofs/isofs.o
  CC [M]  drivers/gpu/drm/amd/amdgpu/amdgpu_afmt.o
  CC [M]  fs/nfs/getroot.o
  MKREG   drivers/gpu/drm/radeon/rs600_reg_safe.h
  CC [M]  drivers/gpu/drm/radeon/rs690.o
  MKREG   drivers/gpu/drm/radeon/rv515_reg_safe.h
  CC [M]  drivers/net/ethernet/atheros/atl1c/atl1c_ethtool.o
  CC      fs/xfs/xfs_log.o
  CC [M]  drivers/net/ethernet/atheros/atl1e/atl1e_hw.o
  CC [M]  drivers/gpu/drm/amd/amdgpu/amdgpu_trace_points.o
  CC [M]  drivers/scsi/qla1280.o
  CC [M]  drivers/scsi/dmx3191d.o
  CC      net/ipv6/mcast_snoop.o
  CC [M]  net/ipv6/ah6.o
  CC [M]  drivers/gpu/drm/radeon/r520.o
  LD [M]  drivers/net/ethernet/atheros/atl1c/atl1c.o
  CC [M]  drivers/gpu/drm/radeon/r600.o
  CC [M]  drivers/gpu/drm/radeon/rv770.o
  CC [M]  fs/nfs/inode.o
  CC [M]  drivers/net/ethernet/atheros/atl1e/atl1e_ethtool.o
  CC [M]  drivers/net/ethernet/atheros/atl1e/atl1e_param.o
  CC [M]  net/netfilter/ipset/pfxlen.o
  CC [M]  net/netfilter/ipset/ip_set_bitmap_ip.o
  CC [M]  drivers/scsi/hpsa.o
  CC [M]  net/netfilter/ipvs/ip_vs_conn.o
  CC [M]  net/ipv6/esp6.o
  CC [M]  net/ipv6/esp6_offload.o
  CC [M]  drivers/gpu/drm/amd/amdgpu/atombios_encoders.o
  CC [M]  drivers/gpu/drm/amd/amdgpu/amdgpu_sa.o
  CC      fs/xfs/xfs_log_cil.o
  LD [M]  drivers/net/ethernet/atheros/atl1e/atl1e.o
  CC [M]  drivers/net/ethernet/atheros/alx/main.o
  CC [M]  drivers/gpu/drm/radeon/radeon_test.o
  CC [M]  net/netfilter/ipset/ip_set_bitmap_ipmac.o
  CC      fs/xfs/xfs_bmap_item.o
  AR      drivers/net/ethernet/cadence/built-in.a
  MKREG   drivers/gpu/drm/radeon/r200_reg_safe.h
  AR      drivers/net/ethernet/broadcom/built-in.a
  AR      drivers/net/ethernet/brocade/built-in.a
  CC [M]  drivers/net/ethernet/broadcom/b44.o
  CC [M]  drivers/net/ethernet/brocade/bna/bnad.o
  CC [M]  drivers/gpu/drm/amd/amdgpu/atombios_i2c.o
  CC [M]  drivers/gpu/drm/radeon/radeon_legacy_tv.o
  CC [M]  net/ipv6/ipcomp6.o
  CC [M]  net/netfilter/ipset/ip_set_bitmap_port.o
  CC [M]  net/netfilter/ipvs/ip_vs_core.o
  CC [M]  drivers/net/ethernet/atheros/alx/ethtool.o
  CC [M]  fs/nfs/super.o
  CC [M]  drivers/gpu/drm/amd/amdgpu/amdgpu_dma_buf.o
  CC [M]  net/netfilter/ipset/ip_set_hash_ip.o
  MKREG   drivers/gpu/drm/radeon/r600_reg_safe.h
  CC [M]  drivers/gpu/drm/radeon/radeon_pm.o
  CC [M]  net/ipv6/xfrm6_tunnel.o
  CC      fs/xfs/xfs_buf_item.o
  CC [M]  drivers/net/ethernet/broadcom/bnx2.o
  CC [M]  drivers/scsi/dc395x.o
  CC [M]  drivers/scsi/esp_scsi.o
  CC [M]  drivers/net/ethernet/atheros/alx/hw.o
  CC [M]  drivers/gpu/drm/amd/amdgpu/amdgpu_vm.o
  CC [M]  drivers/net/ethernet/brocade/bna/bnad_ethtool.o
  CC [M]  drivers/gpu/drm/radeon/atombios_dp.o
  LD [M]  drivers/net/ethernet/atheros/alx/alx.o
  CC [M]  fs/nfs/io.o
  CC [M]  fs/nfs/direct.o
  CC [M]  net/ipv6/tunnel6.o
  CC [M]  net/ipv6/mip6.o
  CC [M]  drivers/scsi/am53c974.o
  CC [M]  drivers/gpu/drm/radeon/r600_hdmi.o
  CC      fs/xfs/xfs_buf_item_recover.o
  CC [M]  net/netfilter/ipvs/ip_vs_ctl.o
  CC [M]  drivers/net/ethernet/brocade/bna/bnad_debugfs.o
  CC [M]  net/netfilter/ipset/ip_set_hash_ipmac.o
  CC [M]  drivers/scsi/megaraid.o
  CC [M]  net/ipv6/ip6_vti.o
  CC [M]  drivers/scsi/atp870u.o
  CC [M]  drivers/gpu/drm/radeon/dce3_1_afmt.o
  CC [M]  drivers/gpu/drm/amd/amdgpu/amdgpu_vm_pt.o
  CC [M]  fs/nfs/pagelist.o
  CC [M]  drivers/net/ethernet/brocade/bna/bna_enet.o
  CC [M]  net/ipv6/sit.o
  CC [M]  drivers/gpu/drm/radeon/evergreen.o
  CC      fs/xfs/xfs_dquot_item_recover.o
  CC [M]  drivers/net/ethernet/broadcom/cnic.o
  CC [M]  drivers/gpu/drm/amd/amdgpu/amdgpu_vm_tlb_fence.o
  CC [M]  drivers/gpu/drm/amd/amdgpu/amdgpu_ib.o
  CC [M]  drivers/scsi/initio.o
  CC [M]  drivers/gpu/drm/amd/amdgpu/amdgpu_pll.o
  CC [M]  drivers/net/ethernet/brocade/bna/bna_tx_rx.o
  CC      fs/xfs/xfs_exchmaps_item.o
  CC [M]  net/netfilter/ipset/ip_set_hash_ipmark.o
  CC [M]  fs/nfs/read.o
  CC [M]  net/netfilter/ipvs/ip_vs_sched.o
  AR      net/netfilter/built-in.a
  CC [M]  fs/nfs/symlink.o
  CC [M]  drivers/gpu/drm/amd/amdgpu/amdgpu_ucode.o
  AR      drivers/net/ethernet/cavium/common/built-in.a
  CC [M]  drivers/net/ethernet/cavium/common/cavium_ptp.o
  CC [M]  net/ipv6/ip6_tunnel.o
  CC [M]  drivers/scsi/a100u2w.o
  MKREG   drivers/gpu/drm/radeon/evergreen_reg_safe.h
  MKREG   drivers/gpu/drm/radeon/cayman_reg_safe.h
  CC [M]  drivers/gpu/drm/radeon/evergreen_hdmi.o
  CC [M]  drivers/net/ethernet/brocade/bna/bfa_msgq.o
  AR      drivers/net/ethernet/cavium/thunder/built-in.a
  CC [M]  fs/nfs/unlink.o
  AR      drivers/net/ethernet/cavium/liquidio/built-in.a
  CC [M]  drivers/scsi/3w-xxxx.o
  CC [M]  net/netfilter/ipvs/ip_vs_xmit.o
  AR      drivers/net/ethernet/cavium/octeon/built-in.a
  AR      drivers/net/ethernet/cavium/built-in.a
  CC [M]  net/netfilter/ipvs/ip_vs_app.o
  CC      fs/xfs/xfs_extfree_item.o
  CC [M]  drivers/gpu/drm/amd/amdgpu/amdgpu_bo_list.o
  CC [M]  drivers/net/ethernet/brocade/bna/bfa_ioc.o
  LD [M]  net/netfilter/nf_conntrack_h323.o
  CC [M]  drivers/net/ethernet/brocade/bna/bfa_ioc_ct.o
  CC [M]  drivers/gpu/drm/radeon/radeon_trace_points.o
  CC [M]  net/netfilter/ipset/ip_set_hash_ipport.o
  CC [M]  fs/nfs/write.o
  CC [M]  drivers/scsi/3w-9xxx.o
  CC [M]  drivers/net/ethernet/broadcom/tg3.o
  CC      net/sysctl_net.o
  CC [M]  drivers/gpu/drm/amd/amdgpu/amdgpu_ctx.o
  CC [M]  net/netfilter/ipset/ip_set_hash_ipportip.o
  CC [M]  net/ipv6/ip6_gre.o
  CC [M]  net/netfilter/ipvs/ip_vs_sync.o
  CC [M]  drivers/net/ethernet/brocade/bna/bfa_cee.o
  CC [M]  drivers/gpu/drm/radeon/ni.o
  CC      fs/xfs/xfs_attr_item.o
  CC [M]  drivers/scsi/3w-sas.o
  CC [M]  drivers/gpu/drm/amd/amdgpu/amdgpu_sync.o
  CC [M]  drivers/net/ethernet/brocade/bna/cna_fwimg.o
  CC [M]  drivers/gpu/drm/amd/amdgpu/amdgpu_gtt_mgr.o
  CC [M]  net/netfilter/ipvs/ip_vs_est.o
  CC [M]  drivers/scsi/ipr.o
  CC [M]  drivers/gpu/drm/radeon/atombios_encoders.o
  CC [M]  fs/nfs/namespace.o
  CC [M]  net/netfilter/ipset/ip_set_hash_ipportnet.o
  CC [M]  drivers/gpu/drm/amd/amdgpu/amdgpu_preempt_mgr.o
  LD [M]  drivers/net/ethernet/brocade/bna/bna.o
  CC [M]  net/netfilter/ipvs/ip_vs_proto.o
  CC [M]  net/netfilter/ipset/ip_set_hash_mac.o
  CC [M]  net/ipv6/fou6.o
  CC [M]  fs/nfs/mount_clnt.o
  CC      fs/xfs/xfs_icreate_item.o
  CC [M]  drivers/gpu/drm/amd/amdgpu/amdgpu_vram_mgr.o
  CC      fs/xfs/xfs_inode_item.o
  CC [M]  drivers/gpu/drm/radeon/radeon_semaphore.o
  AR      net/ipv6/built-in.a
  CC [M]  net/netfilter/ipvs/ip_vs_pe.o
  CC      net/vmw_vsock/af_vsock.o
  CC [M]  fs/nfs/nfstrace.o
  CC [M]  fs/nfs/export.o
  CC [M]  drivers/gpu/drm/radeon/radeon_sa.o
  CC [M]  drivers/gpu/drm/radeon/atombios_i2c.o
  CC [M]  drivers/gpu/drm/amd/amdgpu/amdgpu_virt.o
  CC [M]  net/netfilter/ipvs/ip_vs_proto_tcp.o
  CC [M]  net/netfilter/ipvs/ip_vs_proto_udp.o
  CC [M]  drivers/gpu/drm/radeon/si.o
  CC [M]  net/netfilter/ipset/ip_set_hash_net.o
  CC [M]  drivers/gpu/drm/radeon/radeon_prime.o
  CC [M]  drivers/gpu/drm/radeon/cik.o
  CC      fs/xfs/xfs_inode_item_recover.o
  CC [M]  drivers/scsi/hptiop.o
  CC [M]  drivers/scsi/stex.o
  CC [M]  drivers/gpu/drm/amd/amdgpu/amdgpu_atomfirmware.o
  CC [M]  drivers/scsi/mvumi.o
  CC [M]  net/netfilter/ipvs/ip_vs_proto_ah_esp.o
  CC      net/vmw_vsock/af_vsock_tap.o
  AR      drivers/usb/phy/built-in.a
  CC [M]  fs/nfsd/trace.o
  CC      drivers/usb/host/pci-quirks.o
  CC [M]  drivers/gpu/drm/amd/amdgpu/amdgpu_vf_error.o
  CC [M]  net/netfilter/ipvs/ip_vs_proto_sctp.o
  CC [M]  drivers/scsi/pmcraid.o
  CC [M]  drivers/net/ethernet/broadcom/bnx2x/bnx2x_main.o
  CC      net/vmw_vsock/vsock_addr.o
  CC [M]  net/netfilter/ipset/ip_set_hash_netport.o
  CC      fs/xfs/xfs_iunlink_item.o
  CC [M]  drivers/gpu/drm/amd/amdgpu/amdgpu_sched.o
  CC [M]  drivers/usb/host/ehci-hcd.o
  CC [M]  net/netfilter/ipvs/ip_vs_nfct.o
  CC [M]  drivers/usb/host/ehci-pci.o
  CC [M]  fs/nfs/sysfs.o
  CC [M]  drivers/gpu/drm/amd/amdgpu/amdgpu_debugfs.o
  CC      net/vmw_vsock/vsock_bpf.o
  CC      net/vmw_vsock/hyperv_transport.o
  CC [M]  drivers/gpu/drm/radeon/r600_dpm.o
  CC [M]  drivers/scsi/wd719x.o
  CC [M]  net/netfilter/ipvs/ip_vs_rr.o
  CC      fs/xfs/xfs_refcount_item.o
  CC      fs/xfs/xfs_rmap_item.o
  CC [M]  fs/nfs/fs_context.o
  CC [M]  net/vmw_vsock/diag.o
  CC [M]  drivers/gpu/drm/amd/amdgpu/amdgpu_ids.o
  CC [M]  drivers/scsi/scsi_debug.o
  CC [M]  net/netfilter/ipvs/ip_vs_wrr.o
  CC [M]  net/netfilter/ipset/ip_set_hash_netiface.o
  CC [M]  drivers/gpu/drm/radeon/rs780_dpm.o
  CC [M]  net/vmw_vsock/vmci_transport.o
  CC [M]  drivers/gpu/drm/amd/amdgpu/amdgpu_gmc.o
  CC [M]  net/netfilter/ipvs/ip_vs_lc.o
  CC [M]  drivers/usb/host/ehci-platform.o
  CC [M]  drivers/usb/host/ohci-hcd.o
  CC [M]  drivers/gpu/drm/radeon/rv6xx_dpm.o
  CC      fs/xfs/xfs_log_recover.o
  CC [M]  net/vmw_vsock/vmci_transport_notify.o
  CC [M]  fs/nfs/sysctl.o
  CC [M]  drivers/gpu/drm/i915/i915_config.o
  CC [M]  net/netfilter/ipvs/ip_vs_wlc.o
  CC [M]  drivers/gpu/drm/i915/i915_driver.o
  CC [M]  drivers/gpu/drm/amd/amdgpu/amdgpu_mmhub.o
  CC [M]  net/vmw_vsock/vmci_transport_notify_qstate.o
  CC [M]  fs/nfs/fscache.o
  CC [M]  drivers/gpu/drm/radeon/rv770_dpm.o
  CC [M]  fs/nfsd/nfssvc.o
  CC [M]  net/netfilter/ipvs/ip_vs_lblc.o
  CC [M]  drivers/gpu/drm/amd/amdgpu/amdgpu_hdp.o
  CC [M]  net/netfilter/ipset/ip_set_hash_netnet.o
  CC [M]  drivers/usb/host/ohci-pci.o
  CC [M]  drivers/gpu/drm/i915/i915_drm_client.o
  CC [M]  net/vmw_vsock/virtio_transport.o
  CC [M]  drivers/scsi/libsas/sas_init.o
  CC [M]  drivers/usb/host/ohci-platform.o
  CC [M]  drivers/gpu/drm/amd/amdgpu/amdgpu_xgmi.o
  CC [M]  net/netfilter/ipvs/ip_vs_lblcr.o
  CC [M]  drivers/gpu/drm/i915/i915_edram.o
  CC [M]  drivers/gpu/drm/radeon/rv730_dpm.o
  CC [M]  fs/nfs/nfs2super.o
  CC [M]  net/vmw_vsock/virtio_transport_common.o
  CC [M]  drivers/usb/host/uhci-hcd.o
  CC      fs/xfs/xfs_trans_ail.o
  CC [M]  fs/nfsd/nfsctl.o
  CC [M]  drivers/net/ethernet/broadcom/bnx2x/bnx2x_link.o
  CC [M]  drivers/scsi/libsas/sas_phy.o
  CC [M]  drivers/gpu/drm/i915/i915_freq.o
  CC [M]  net/netfilter/ipvs/ip_vs_dh.o
  CC [M]  drivers/gpu/drm/amd/amdgpu/amdgpu_csa.o
  CC [M]  drivers/gpu/drm/radeon/rv740_dpm.o
  CC [M]  fs/nfs/proc.o
  CC [M]  drivers/scsi/libsas/sas_port.o
  CC [M]  drivers/gpu/drm/i915/i915_getparam.o
  CC [M]  net/netfilter/ipvs/ip_vs_sh.o
  CC [M]  drivers/gpu/drm/amd/amdgpu/amdgpu_ras.o
  CC [M]  drivers/usb/host/xhci.o
  CC [M]  drivers/gpu/drm/radeon/rv770_smc.o
  CC [M]  drivers/scsi/libsas/sas_event.o
  CC [M]  net/vmw_vsock/vsock_loopback.o
  CC [M]  net/netfilter/ipset/ip_set_hash_netportnet.o
  CC [M]  fs/nfs/nfs2xdr.o
  CC [M]  drivers/gpu/drm/i915/i915_gmch.o
  CC [M]  fs/nfsd/nfsfh.o
  CC      fs/xfs/xfs_trans_buf.o
  CC [M]  drivers/gpu/drm/radeon/cypress_dpm.o
  CC [M]  net/netfilter/ipvs/ip_vs_mh.o
  CC [M]  drivers/scsi/libsas/sas_discover.o
  AR      net/vmw_vsock/built-in.a
  LD [M]  net/vmw_vsock/vsock_diag.o
  LD [M]  net/vmw_vsock/vmw_vsock_vmci_transport.o
  LD [M]  net/vmw_vsock/vmw_vsock_virtio_transport.o
  LD [M]  net/vmw_vsock/vmw_vsock_virtio_transport_common.o
  CC [M]  drivers/scsi/libsas/sas_expander.o
  CC [M]  drivers/gpu/drm/i915/i915_ioctl.o
  CC [M]  fs/nfs/nfs3super.o
  CC [M]  fs/nfs/nfs3client.o
  CC [M]  net/netfilter/ipvs/ip_vs_sed.o
  CC [M]  drivers/gpu/drm/i915/i915_irq.o
  CC [M]  fs/nfsd/vfs.o
  CC [M]  drivers/gpu/drm/radeon/btc_dpm.o
  CC [M]  drivers/gpu/drm/amd/amdgpu/amdgpu_vm_cpu.o
  CC [M]  drivers/scsi/libsas/sas_scsi_host.o
  CC      fs/xfs/xfs_dquot.o
  CC [M]  drivers/usb/host/xhci-mem.o
  CC      fs/xfs/xfs_dquot_item.o
  CC [M]  net/netfilter/ipset/ip_set_list_set.o
  CC [M]  net/netfilter/ipvs/ip_vs_nq.o
  CC [M]  drivers/gpu/drm/i915/i915_mitigations.o
  CC [M]  drivers/gpu/drm/radeon/sumo_dpm.o
  CC [M]  fs/nfs/nfs3proc.o
  CC [M]  drivers/gpu/drm/amd/amdgpu/amdgpu_vm_sdma.o
  CC [M]  drivers/gpu/drm/amd/amdgpu/amdgpu_discovery.o
  CC [M]  drivers/net/ethernet/broadcom/bnx2x/bnx2x_cmn.o
  CC [M]  drivers/scsi/libsas/sas_task.o
  CC [M]  net/netfilter/ipvs/ip_vs_ftp.o
  LD [M]  net/netfilter/ipset/ip_set.o
  CC [M]  drivers/net/ethernet/broadcom/bnx2x/bnx2x_ethtool.o
  CC [M]  drivers/gpu/drm/i915/i915_mmio_range.o
  CC [M]  drivers/gpu/drm/i915/i915_module.o
  CC [M]  drivers/gpu/drm/i915/i915_params.o
  CC [M]  drivers/usb/host/xhci-ext-caps.o
  CC [M]  fs/nfsd/export.o
  CC [M]  fs/nfs/nfs3xdr.o
  CC [M]  drivers/gpu/drm/radeon/sumo_smc.o
  CC [M]  drivers/scsi/libsas/sas_ata.o
  CC      fs/xfs/xfs_trans_dquot.o
  CC [M]  net/netfilter/ipvs/ip_vs_pe_sip.o
  CC [M]  drivers/gpu/drm/i915/i915_pci.o
  CC [M]  drivers/scsi/libfc/fc_libfc.o
  CC [M]  drivers/gpu/drm/amd/amdgpu/amdgpu_ras_eeprom.o
  CC [M]  drivers/usb/host/xhci-ring.o
  CC [M]  drivers/gpu/drm/radeon/trinity_dpm.o
  CC [M]  drivers/gpu/drm/i915/i915_scatterlist.o
  LD [M]  net/netfilter/ipvs/ip_vs.o
  CC [M]  fs/nfs/nfs3acl.o
  CC [M]  drivers/gpu/drm/amd/amdgpu/amdgpu_nbio.o
  CC [M]  drivers/scsi/libsas/sas_host_smp.o
  AR      net/mpls/built-in.a
  CC [M]  net/mpls/mpls_gso.o
  CC [M]  drivers/scsi/libfc/fc_disc.o
  CC [M]  fs/nfsd/auth.o
  CC [M]  drivers/scsi/libfc/fc_exch.o
  CC [M]  drivers/net/ethernet/broadcom/bnx2x/bnx2x_stats.o
  CC [M]  drivers/gpu/drm/i915/i915_switcheroo.o
  CC [M]  drivers/gpu/drm/radeon/trinity_smc.o
  CC      net/switchdev/switchdev.o
  CC      fs/xfs/xfs_qm_syscalls.o
  CC [M]  drivers/gpu/drm/amd/amdgpu/amdgpu_umc.o
  LD [M]  drivers/scsi/libsas/libsas.o
  CC [M]  drivers/scsi/fcoe/fcoe.o
  CC [M]  fs/nfs/nfs4proc.o
  CC [M]  drivers/gpu/drm/radeon/ni_dpm.o
  CC [M]  fs/nfsd/lockd.o
  CC [M]  drivers/gpu/drm/i915/i915_sysfs.o
  CC [M]  drivers/gpu/drm/radeon/si_smc.o
  CC      fs/xfs/xfs_qm_bhv.o
  CC [M]  drivers/usb/host/xhci-hub.o
  CC [M]  drivers/gpu/drm/amd/amdgpu/smu_v11_0_i2c.o
  CC [M]  drivers/gpu/drm/i915/i915_timer_util.o
  CC [M]  drivers/scsi/libfc/fc_elsct.o
  AR      net/switchdev/built-in.a
  CC      net/l3mdev/l3mdev.o
  CC      fs/xfs/xfs_qm.o
  CC [M]  drivers/gpu/drm/radeon/si_dpm.o
  CC [M]  fs/nfsd/nfscache.o
  CC [M]  drivers/gpu/drm/i915/i915_utils.o
  CC [M]  drivers/scsi/fcoe/fcoe_ctlr.o
  CC [M]  drivers/net/ethernet/broadcom/bnx2x/bnx2x_dcb.o
  CC [M]  drivers/gpu/drm/amd/amdgpu/amdgpu_fru_eeprom.o
  CC [M]  drivers/gpu/drm/i915/intel_clock_gating.o
  CC [M]  drivers/usb/host/xhci-dbg.o
  CC [M]  drivers/scsi/libfc/fc_frame.o
  AR      net/l3mdev/built-in.a
  CC      net/xdp/xsk.o
  CC      net/handshake/alert.o
  CC [M]  fs/nfsd/stats.o
  CC [M]  drivers/gpu/drm/amd/amdgpu/amdgpu_rap.o
  CC [M]  drivers/usb/host/xhci-trace.o
  CC [M]  drivers/gpu/drm/i915/intel_cpu_info.o
  CC [M]  drivers/gpu/drm/i915/intel_device_info.o
  CC [M]  drivers/scsi/libfc/fc_lport.o
  CC [M]  drivers/net/ethernet/broadcom/bnx2x/bnx2x_sp.o
  CC [M]  fs/nfsd/filecache.o
  CC [M]  drivers/scsi/fcoe/fcoe_transport.o
  CC [M]  drivers/gpu/drm/radeon/kv_smc.o
  CC [M]  drivers/gpu/drm/amd/amdgpu/amdgpu_fw_attestation.o
  CC      fs/xfs/xfs_quotaops.o
  CC      net/handshake/genl.o
  CC [M]  drivers/gpu/drm/i915/intel_memory_region.o
  CC [M]  drivers/gpu/drm/radeon/kv_dpm.o
  CC      fs/xfs/xfs_rtalloc.o
  CC [M]  drivers/gpu/drm/amd/amdgpu/amdgpu_securedisplay.o
  CC      net/handshake/netlink.o
  CC      net/xdp/xdp_umem.o
  CC [M]  drivers/scsi/libfc/fc_rport.o
  CC [M]  drivers/usb/host/xhci-debugfs.o
  CC [M]  drivers/gpu/drm/i915/intel_pcode.o
  CC [M]  drivers/scsi/fcoe/fcoe_sysfs.o
  CC [M]  fs/nfs/nfs4xdr.o
  CC [M]  drivers/gpu/drm/amd/amdgpu/amdgpu_eeprom.o
  CC      net/xdp/xsk_queue.o
  CC [M]  fs/nfsd/nfs3proc.o
  CC      net/handshake/request.o
  CC [M]  drivers/usb/host/xhci-pci.o
  CC [M]  drivers/net/ethernet/broadcom/bnx2x/bnx2x_self_test.o
  CC [M]  drivers/gpu/drm/i915/intel_region_ttm.o
  CC [M]  drivers/gpu/drm/radeon/ci_smc.o
  CC [M]  drivers/gpu/drm/amd/amdgpu/amdgpu_mca.o
  CC      net/xdp/xskmap.o
  LD [M]  drivers/scsi/fcoe/libfcoe.o
  CC [M]  drivers/gpu/drm/radeon/ci_dpm.o
  CC [M]  drivers/scsi/libfc/fc_fcp.o
  CC [M]  drivers/net/ethernet/broadcom/bnx2x/bnx2x_vfpf.o
  CC      fs/xfs/xfs_zone_alloc.o
  CC [M]  drivers/gpu/drm/i915/intel_runtime_pm.o
  CC      drivers/input/serio/serio.o
  CC [M]  drivers/usb/host/ssb-hcd.o
  CC [M]  drivers/gpu/drm/amd/amdgpu/amdgpu_psp_ta.o
  CC      net/handshake/tlshd.o
  CC [M]  fs/nfsd/nfs3xdr.o
  CC      net/xdp/xsk_buff_pool.o
  AR      drivers/usb/host/built-in.a
  LD [M]  drivers/usb/host/xhci-hcd.o
  CC      drivers/input/serio/i8042.o
  CC [M]  drivers/usb/common/common.o
  CC [M]  drivers/gpu/drm/i915/intel_step.o
  CC [M]  drivers/gpu/drm/amd/amdgpu/amdgpu_lsdma.o
  CC [M]  drivers/net/ethernet/broadcom/bnx2x/bnx2x_sriov.o
  CC [M]  drivers/scsi/libfc/fc_npiv.o
  CC      net/handshake/trace.o
  CC [M]  fs/nfsd/netlink.o
  CC [M]  drivers/usb/common/debug.o
  CC [M]  drivers/gpu/drm/i915/intel_uncore.o
  LD [M]  drivers/usb/common/usb-common.o
  CC [M]  drivers/usb/core/usb.o
  CC [M]  net/xdp/xsk_diag.o
  CC      fs/xfs/xfs_zone_gc.o
  CC [M]  drivers/gpu/drm/radeon/dce6_afmt.o
  CC      drivers/input/serio/libps2.o
  CC [M]  drivers/gpu/drm/amd/amdgpu/amdgpu_lockdep.o
  CC [M]  fs/nfsd/nfs3acl.o
  LD [M]  drivers/scsi/libfc/libfc.o
  CC [M]  drivers/scsi/fnic/fip.o
  CC [M]  fs/nfs/nfs4state.o
  AR      net/handshake/built-in.a
  CC [M]  fs/nfs/nfs4renewd.o
  AR      net/xdp/built-in.a
  CC [M]  drivers/gpu/drm/amd/amdgpu/amdgpu_ring_mux.o
  CC      net/shaper/shaper.o
  CC      drivers/input/serio/hyperv-keyboard.o
  CC [M]  drivers/gpu/drm/radeon/radeon_vm.o
  CC [M]  drivers/usb/core/hub.o
  LD [M]  drivers/net/ethernet/broadcom/bnx2x/bnx2x.o
  CC [M]  fs/nfsd/nfs4proc.o
  CC [M]  drivers/net/ethernet/broadcom/bnxt/bnxt.o
  AR      drivers/input/serio/built-in.a
  CC [M]  drivers/gpu/drm/amd/amdgpu/amdgpu_xcp.o
  CC [M]  drivers/scsi/fnic/fnic_attrs.o
  CC [M]  drivers/gpu/drm/amd/amdgpu/amdgpu_seq64.o
  CC [M]  fs/nfs/nfs4super.o
  CC      fs/xfs/xfs_zone_info.o
  CC [M]  drivers/gpu/drm/i915/intel_uncore_trace.o
  CC [M]  drivers/gpu/drm/radeon/radeon_ucode.o
  CC      net/shaper/shaper_nl_gen.o
  CC [M]  drivers/scsi/fnic/fnic_isr.o
  CC      fs/xfs/xfs_zone_space_resv.o
  CC      fs/xfs/xfs_acl.o
  AR      net/shaper/built-in.a
  CC [M]  drivers/gpu/drm/i915/intel_wakeref.o
  CC [M]  net/llc/llc_core.o
  CC [M]  drivers/gpu/drm/amd/amdgpu/amdgpu_aca.o
  CC [M]  net/llc/llc_input.o
  CC [M]  drivers/gpu/drm/radeon/radeon_ib.o
  CC [M]  fs/nfs/nfs4file.o
  CC [M]  drivers/gpu/drm/i915/vlv_iosf_sb.o
  CC [M]  drivers/scsi/fnic/fnic_main.o
  CC [M]  fs/nfs/delegation.o
  CC [M]  drivers/gpu/drm/radeon/radeon_sync.o
  CC [M]  fs/nfsd/nfs4xdr.o
  CC [M]  drivers/gpu/drm/i915/vlv_suspend.o
  CC [M]  net/llc/llc_output.o
  CC [M]  drivers/usb/core/hcd.o
  CC [M]  drivers/gpu/drm/amd/amdgpu/amdgpu_dev_coredump.o
  CC [M]  drivers/gpu/drm/amd/amdgpu/amdgpu_cper.o
  CC [M]  drivers/gpu/drm/i915/i915_memcpy.o
  CC [M]  drivers/gpu/drm/radeon/radeon_audio.o
  CC      fs/xfs/xfs_sysctl.o
  CC [M]  drivers/scsi/fnic/fnic_res.o
  CC      fs/xfs/xfs_ioctl32.o
  CC [M]  drivers/gpu/drm/i915/i915_mm.o
  LD [M]  net/llc/llc.o
  CC [M]  net/tls/tls_main.o
  CC [M]  net/key/af_key.o
  CC [M]  drivers/gpu/drm/amd/amdgpu/amdgpu_userq_fence.o
  CC [M]  drivers/gpu/drm/radeon/radeon_dp_auxch.o
  CC [M]  drivers/scsi/fnic/fnic_fcs.o
  CC [M]  drivers/scsi/fnic/fdls_disc.o
  CC [M]  drivers/gpu/drm/i915/i915_sw_fence.o
  CC [M]  drivers/usb/core/urb.o
  CC [M]  fs/nfs/nfs4idmap.o
  CC [M]  drivers/gpu/drm/radeon/radeon_mn.o
  CC [M]  drivers/gpu/drm/i915/i915_sw_fence_work.o
  CC [M]  drivers/gpu/drm/i915/i915_syncmap.o
  CC [M]  drivers/gpu/drm/amd/amdgpu/amdgpu_eviction_fence.o
  CC [M]  net/tls/tls_sw.o
  CC      fs/xfs/xfs_pnfs.o
  CC      fs/xfs/xfs_notify_failure.o
  CC [M]  drivers/usb/core/message.o
  CC [M]  drivers/gpu/drm/radeon/r600_dma.o
  CC [M]  drivers/gpu/drm/i915/i915_user_extensions.o
  CC [M]  fs/nfsd/nfs4state.o
  CC [M]  drivers/gpu/drm/radeon/rv770_dma.o
  CC [M]  drivers/gpu/drm/i915/i915_ioc32.o
  CC [M]  drivers/gpu/drm/radeon/evergreen_dma.o
  CC [M]  drivers/gpu/drm/amd/amdgpu/amdgpu_ip.o
  AR      fs/xfs/built-in.a
  CC [M]  drivers/gpu/drm/amd/amdgpu/amdgpu_fdinfo.o
  CC [M]  drivers/gpu/drm/amd/amdgpu/amdgpu_pmu.o
  CC [M]  fs/nfs/callback.o
  CC [M]  drivers/gpu/drm/i915/i915_debugfs.o
  CC [M]  drivers/usb/core/driver.o
  CC [M]  drivers/gpu/drm/radeon/ni_dma.o
  CC [M]  drivers/gpu/drm/radeon/si_dma.o
  CC [M]  drivers/gpu/drm/radeon/cik_sdma.o
  CC [M]  drivers/gpu/drm/radeon/radeon_uvd.o
  CC [M]  drivers/gpu/drm/amd/amdgpu/cik.o
  CC [M]  drivers/scsi/fnic/fnic_scsi.o
  CC [M]  fs/nfs/callback_xdr.o
  CC [M]  net/tls/tls_proc.o
  CC [M]  drivers/net/ethernet/broadcom/bnxt/bnxt_hwrm.o
  CC [M]  drivers/usb/core/config.o
  CC [M]  drivers/gpu/drm/i915/i915_debugfs_params.o
  CC [M]  drivers/gpu/drm/i915/i915_pmu.o
  CC [M]  drivers/gpu/drm/i915/i915_bo.o
  CC [M]  drivers/gpu/drm/i915/i915_display_pc8.o
  CC [M]  drivers/gpu/drm/radeon/uvd_v1_0.o
  CC [M]  drivers/gpu/drm/amd/amdgpu/cik_ih.o
  CC [M]  fs/nfs/callback_proc.o
  CC [M]  net/tls/trace.o
  CC [M]  drivers/usb/core/file.o
  CC [M]  drivers/net/ethernet/broadcom/bnxt/bnxt_sriov.o
  CC [M]  fs/lockd/clntlock.o
  CC [M]  drivers/gpu/drm/amd/amdgpu/dce_v8_0.o
  CC [M]  drivers/gpu/drm/amd/amdgpu/gfx_v7_0.o
  CC [M]  drivers/gpu/drm/i915/i915_dpt.o
  CC [M]  drivers/gpu/drm/radeon/uvd_v2_2.o
  CC [M]  drivers/usb/core/buffer.o
  CC [M]  drivers/gpu/drm/amd/amdgpu/cik_sdma.o
  CC [M]  drivers/scsi/fnic/fnic_trace.o
  CC [M]  net/tls/tls_strp.o
  CC [M]  drivers/usb/core/sysfs.o
  CC [M]  drivers/gpu/drm/radeon/uvd_v3_1.o
  CC [M]  fs/nfs/nfs4namespace.o
  CC [M]  drivers/gpu/drm/i915/i915_dsb_buffer.o
  CC [M]  fs/lockd/clntproc.o
  CC [M]  drivers/net/ethernet/broadcom/bnxt/bnxt_ethtool.o
  CC [M]  drivers/scsi/fnic/fnic_debugfs.o
  CC [M]  drivers/net/ethernet/broadcom/bnxt/bnxt_dcb.o
  CC [M]  drivers/usb/core/endpoint.o
  CC [M]  drivers/gpu/drm/radeon/uvd_v4_2.o
  CC [M]  drivers/net/ethernet/broadcom/bnxt/bnxt_ulp.o
  LD [M]  net/tls/tls.o
  CC [M]  net/bridge/br.o
  CC [M]  drivers/gpu/drm/i915/i915_fb_pin.o
  CC [M]  fs/nfs/nfs4getroot.o
  CC [M]  drivers/gpu/drm/amd/amdgpu/uvd_v4_2.o
  CC [M]  drivers/usb/core/devio.o
  CC [M]  fs/nfsd/nfs4idmap.o
  CC [M]  drivers/gpu/drm/radeon/radeon_vce.o
  CC [M]  drivers/scsi/fnic/vnic_cq.o
  CC [M]  drivers/scsi/fnic/vnic_dev.o
  CC [M]  net/bridge/br_device.o
  CC [M]  fs/lockd/clntxdr.o
  CC [M]  drivers/gpu/drm/i915/i915_hdcp_gsc.o
  CC [M]  fs/nfs/nfs4client.o
  CC [M]  net/can/af_can.o
  CC [M]  drivers/gpu/drm/amd/amdgpu/vce_v2_0.o
  CC [M]  drivers/gpu/drm/amd/amdgpu/si.o
  CC [M]  drivers/scsi/fnic/vnic_intr.o
  CC [M]  drivers/gpu/drm/radeon/vce_v1_0.o
  CC [M]  fs/nfsd/nfs4acl.o
  CC [M]  drivers/gpu/drm/i915/i915_initial_plane.o
  CC [M]  fs/lockd/host.o
  CC [M]  drivers/scsi/fnic/vnic_rq.o
  CC [M]  drivers/scsi/fnic/vnic_wq_copy.o
  CC [M]  drivers/net/ethernet/broadcom/bnxt/bnxt_xdp.o
  CC [M]  drivers/usb/core/notify.o
  CC [M]  net/bridge/br_fdb.o
  CC [M]  drivers/gpu/drm/radeon/vce_v2_0.o
  CC [M]  net/can/proc.o
  CC [M]  drivers/gpu/drm/amd/amdgpu/gmc_v6_0.o
  CC [M]  drivers/gpu/drm/amd/amdgpu/gfx_v6_0.o
  CC [M]  drivers/scsi/fnic/vnic_wq.o
  CC [M]  drivers/gpu/drm/i915/i915_overlay.o
  CC [M]  fs/nfsd/nfs4callback.o
  CC [M]  fs/nfs/nfs4session.o
  CC [M]  drivers/usb/core/generic.o
  CC [M]  drivers/gpu/drm/radeon/radeon_fbdev.o
  CC [M]  drivers/scsi/fnic/fnic_pci_subsys_devid.o
  CC [M]  fs/lockd/svc.o
  CC [M]  drivers/net/ethernet/broadcom/bnxt/bnxt_ptp.o
  CC [M]  net/can/raw.o
  CC [M]  drivers/usb/core/quirks.o
  CC [M]  drivers/gpu/drm/i915/i915_panic.o
  CC [M]  drivers/gpu/drm/i915/gt/gen2_engine_cs.o
  CC [M]  drivers/gpu/drm/radeon/radeon_acpi.o
  CC [M]  drivers/usb/core/devices.o
  LD [M]  drivers/scsi/fnic/fnic.o
  CC [M]  drivers/gpu/drm/amd/amdgpu/si_ih.o
  CC [M]  drivers/scsi/arcmsr/arcmsr_attr.o
  CC [M]  drivers/scsi/arcmsr/arcmsr_hba.o
  CC [M]  fs/nfs/dns_resolve.o
  CC [M]  net/bridge/br_forward.o
  CC [M]  drivers/gpu/drm/i915/gt/gen6_engine_cs.o
  CC [M]  net/can/bcm.o
  CC [M]  drivers/net/ethernet/broadcom/bnxt/bnxt_vfr.o
  CC [M]  fs/lockd/svclock.o
  CC [M]  fs/nfsd/nfs4recover.o
  CC [M]  drivers/usb/core/phy.o
  MKREG   drivers/gpu/drm/radeon/r100_reg_safe.h
  MKREG   drivers/gpu/drm/radeon/rn50_reg_safe.h
  MKREG   drivers/gpu/drm/radeon/r300_reg_safe.h
  MKREG   drivers/gpu/drm/radeon/r420_reg_safe.h
  CC [M]  fs/nfsd/nfs4xdr_gen.o
  CC [M]  drivers/gpu/drm/radeon/rs600.o
  CC [M]  drivers/gpu/drm/amd/amdgpu/si_dma.o
  CC [M]  fs/nfs/nfs4trace.o
  CC [M]  drivers/gpu/drm/i915/gt/gen6_ppgtt.o
  CC [M]  drivers/usb/core/port.o
  CC [M]  drivers/usb/core/trace.o
  CC [M]  fs/lockd/svcshare.o
  CC [M]  drivers/gpu/drm/radeon/rv515.o
  CC [M]  net/bridge/br_if.o
  CC [M]  drivers/net/ethernet/broadcom/bnxt/bnxt_devlink.o
  CC [M]  drivers/gpu/drm/amd/amdgpu/dce_v6_0.o
  LD [M]  drivers/scsi/arcmsr/arcmsr.o
  COPY    drivers/scsi/aic7xxx/aic7xxx_seq.h
  COPY    drivers/scsi/aic7xxx/aic7xxx_reg.h
  COPY    drivers/scsi/aic7xxx/aic7xxx_reg_print.c
  CC [M]  drivers/scsi/aic7xxx/aic7xxx_osm.o
  CC [M]  net/can/gw.o
  CC [M]  fs/nfsd/nfs4layouts.o
  CC [M]  drivers/gpu/drm/i915/gt/gen7_renderclear.o
  CC [M]  drivers/gpu/drm/i915/gt/gen8_engine_cs.o
  CC [M]  drivers/usb/core/hcd-pci.o
  CC [M]  fs/lockd/svcproc.o
  CC [M]  net/can/isotp.o
  CC [M]  net/can/j1939/address-claim.o
  CC [M]  drivers/scsi/aic7xxx/aic7xxx_proc.o
  CC [M]  drivers/net/ethernet/broadcom/bnxt/bnxt_dim.o
  CC [M]  drivers/usb/core/usb-acpi.o
  CC [M]  drivers/gpu/drm/i915/gt/gen8_ppgtt.o
  CC [M]  net/bridge/br_input.o
  CC [M]  drivers/gpu/drm/amd/amdgpu/uvd_v3_1.o
  CC [M]  drivers/gpu/drm/radeon/r200.o
  CC [M]  fs/nfsd/blocklayout.o
  CC [M]  drivers/scsi/aic7xxx/aic7xxx_osm_pci.o
  CC [M]  net/can/j1939/bus.o
  CC [M]  fs/lockd/svcsubs.o
  CC [M]  drivers/net/ethernet/broadcom/bnxt/bnxt_coredump.o
  LD [M]  drivers/usb/core/usbcore.o
  CC [M]  drivers/usb/mon/mon_main.o
  COPY    drivers/scsi/aic7xxx/aic79xx_seq.h
  COPY    drivers/scsi/aic7xxx/aic79xx_reg.h
  COPY    drivers/scsi/aic7xxx/aic79xx_reg_print.c
  CC [M]  drivers/scsi/aic7xxx/aic79xx_osm.o
  CC [M]  drivers/scsi/aic7xxx/aic79xx_proc.o
  CC [M]  drivers/gpu/drm/radeon/r600_cs.o
  CC [M]  drivers/gpu/drm/i915/gt/intel_breadcrumbs.o
  CC [M]  drivers/gpu/drm/amd/amdgpu/vce_v1_0.o
  CC [M]  net/can/j1939/main.o
  CC [M]  drivers/usb/mon/mon_stat.o
  CC [M]  fs/nfsd/blocklayoutxdr.o
  CC [M]  net/bridge/br_ioctl.o
  CC [M]  net/can/j1939/socket.o
  CC [M]  fs/lockd/mon.o
  CC [M]  drivers/usb/mon/mon_text.o
  CC [M]  drivers/net/ethernet/broadcom/bnxt/bnxt_gso.o
  CC [M]  drivers/gpu/drm/i915/gt/intel_context.o
  CC [M]  drivers/usb/mon/mon_bin.o
  CC [M]  drivers/gpu/drm/amd/amdgpu/vi.o
  CC [M]  drivers/scsi/aic7xxx/aic79xx_osm_pci.o
  CC [M]  fs/nfsd/flexfilelayout.o
  CC [M]  drivers/scsi/aic7xxx/aic7xxx_core.o
  CC [M]  net/bridge/br_stp.o
  CC [M]  fs/lockd/trace.o
  CC [M]  drivers/gpu/drm/radeon/evergreen_cs.o
  CC [M]  net/can/j1939/transport.o
  CC [M]  drivers/gpu/drm/radeon/r100.o
  LD [M]  drivers/usb/mon/usbmon.o
  CC [M]  drivers/usb/class/cdc-acm.o
  CC [M]  drivers/net/ethernet/broadcom/bnxt/bnxt_tc.o
  CC [M]  drivers/gpu/drm/i915/gt/intel_context_sseu.o
  CC [M]  fs/nfsd/flexfilelayoutxdr.o
  CC [M]  fs/lockd/netlink.o
  CC [M]  drivers/gpu/drm/amd/amdgpu/mxgpu_vi.o
  CC [M]  fs/nfs/pnfs.o
  CC [M]  drivers/gpu/drm/i915/gt/intel_engine_cs.o
  CC [M]  fs/nfsd/debugfs.o
  CC [M]  drivers/usb/class/cdc-wdm.o
  CC [M]  net/bridge/br_stp_bpdu.o
  CC [M]  fs/lockd/nlm3xdr_gen.o
  LD [M]  net/can/j1939/can-j1939.o
  LD [M]  net/can/can.o
  LD [M]  net/can/can-raw.o
  LD [M]  net/can/can-bcm.o
  LD [M]  net/can/can-gw.o
  LD [M]  net/can/can-isotp.o
  CC [M]  drivers/scsi/aacraid/linit.o
  CC [M]  drivers/gpu/drm/amd/amdgpu/nbio_v6_1.o
  CC [M]  drivers/gpu/drm/radeon/r300.o
  CC [M]  drivers/scsi/aic7xxx/aic7xxx_93cx6.o
  CC [M]  fs/lockd/clnt4xdr.o
  LD [M]  fs/nfsd/nfsd.o
  CC [M]  drivers/net/ethernet/broadcom/bnxt/bnxt_debugfs.o
  CC [M]  fs/lockd/svc4proc.o
  CC [M]  net/bridge/br_stp_if.o
  CC      drivers/input/input.o
  CC [M]  drivers/scsi/aic7xxx/aic7xxx_pci.o
  CC [M]  drivers/gpu/drm/i915/gt/intel_engine_heartbeat.o
  CC [M]  drivers/usb/storage/uas.o
  CC [M]  drivers/scsi/aacraid/aachba.o
  CC      drivers/net/ppp/ppp_generic.o
  CC [M]  drivers/gpu/drm/amd/amdgpu/soc15.o
  CC [M]  drivers/gpu/drm/radeon/r420.o
  CC [M]  drivers/net/ethernet/broadcom/bnxt/bnxt_hwmon.o
  CC [M]  fs/lockd/nlm4xdr_gen.o
  CC [M]  net/bridge/br_stp_timer.o
  CC [M]  drivers/scsi/aic7xxx/aic7xxx_reg_print.o
  CC [M]  drivers/gpu/drm/i915/gt/intel_engine_pm.o
  CC [M]  drivers/usb/storage/scsiglue.o
  CC [M]  fs/nfs/pnfs_dev.o
  LD [M]  drivers/gpu/drm/radeon/radeon.o
  CC [M]  drivers/scsi/aic7xxx/aic79xx_core.o
  CC      drivers/input/input-compat.o
  LD [M]  drivers/net/ethernet/broadcom/bnxt/bnxt_en.o
  CC [M]  net/bridge/br_netlink.o
  CC      drivers/input/input-mt.o
  CC [M]  drivers/gpu/drm/amd/amdgpu/emu_soc.o
  AR      drivers/net/ethernet/chelsio/inline_crypto/built-in.a
  CC [M]  fs/lockd/procfs.o
  CC [M]  drivers/net/ethernet/chelsio/cxgb/cxgb2.o
  CC [M]  drivers/gpu/drm/i915/gt/intel_engine_user.o
  CC [M]  drivers/scsi/aacraid/commctrl.o
  CC [M]  drivers/usb/storage/protocol.o
  CC [M]  drivers/net/ppp/ppp_async.o
  LD [M]  fs/lockd/lockd.o
  CC [M]  drivers/gpu/drm/i915/gt/intel_execlists_submission.o
  CC      drivers/input/input-poller.o
  CC [M]  drivers/gpu/drm/amd/amdgpu/mxgpu_ai.o
  CC [M]  drivers/gpu/drm/amd/amdgpu/nbio_v7_0.o
  CC [M]  drivers/gpu/drm/vgem/vgem_drv.o
  CC [M]  fs/nfs/pnfs_nfs.o
  CC [M]  drivers/usb/storage/transport.o
  CC [M]  drivers/scsi/aacraid/comminit.o
  CC [M]  drivers/net/ethernet/chelsio/cxgb/espi.o
  CC [M]  net/bridge/br_netlink_tunnel.o
  CC      drivers/input/ff-core.o
  CC [M]  drivers/net/ppp/bsd_comp.o
  CC [M]  drivers/gpu/drm/vgem/vgem_fence.o
  CC [M]  drivers/scsi/aacraid/commsup.o
  CC      drivers/input/touchscreen.o
  CC [M]  drivers/gpu/drm/amd/amdgpu/vega10_reg_init.o
  CC [M]  drivers/net/ppp/ppp_deflate.o
  CC [M]  drivers/net/ethernet/chelsio/cxgb/tp.o
  CC [M]  drivers/usb/storage/usb.o
  CC [M]  drivers/usb/storage/initializers.o
  LD [M]  drivers/gpu/drm/vgem/vgem.o
  CC      drivers/net/slip/slhc.o
  CC [M]  net/bridge/br_arp_nd_proxy.o
  CC [M]  drivers/gpu/drm/i915/gt/intel_ggtt.o
  CC [M]  drivers/scsi/aic7xxx/aic79xx_pci.o
  CC      drivers/input/touch-overlay.o
  CC [M]  net/bluetooth/af_bluetooth.o
  CC [M]  drivers/net/ppp/ppp_mppe.o
  CC [M]  drivers/gpu/drm/amd/amdgpu/vega20_reg_init.o
  CC [M]  drivers/net/ethernet/chelsio/cxgb/pm3393.o
  CC [M]  drivers/scsi/aacraid/dpcsup.o
  CC [M]  drivers/usb/storage/sierra_ms.o
  CC      drivers/input/vivaldi-fmap.o
  CC [M]  drivers/scsi/aic7xxx/aic79xx_reg_print.o
  CC [M]  fs/nfs/nfs4sysctl.o
  CC [M]  drivers/net/ppp/ppp_synctty.o
  CC [M]  net/bridge/br_sysfs_if.o
  CC [M]  drivers/scsi/aacraid/rx.o
  CC [M]  drivers/usb/storage/option_ms.o
  CC [M]  drivers/gpu/drm/amd/amdgpu/nbio_v7_4.o
  CC [M]  drivers/gpu/drm/i915/gt/intel_ggtt_fencing.o
  CC      drivers/input/keyboard/atkbd.o
  LD [M]  drivers/scsi/aic7xxx/aic7xxx.o
  LD [M]  drivers/scsi/aic7xxx/aic79xx.o
  CC [M]  net/bluetooth/hci_core.o
  AR      drivers/net/slip/built-in.a
  CC [M]  net/bluetooth/hci_conn.o
  CC [M]  drivers/net/ethernet/chelsio/cxgb/sge.o
  CC [M]  fs/nfs/nfs40client.o
  CC [M]  drivers/usb/storage/usual-tables.o
  CC [M]  drivers/net/ppp/pppox.o
  CC [M]  drivers/net/ppp/pppoe.o
  CC [M]  drivers/scsi/aacraid/sa.o
  CC [M]  net/bridge/br_sysfs_br.o
  LD [M]  drivers/usb/storage/usb-storage.o
  CC [M]  drivers/usb/serial/usb-serial.o
  AR      drivers/input/keyboard/built-in.a
  AR      drivers/input/mouse/built-in.a
  CC [M]  drivers/input/mouse/psmouse-base.o
  CC [M]  drivers/gpu/drm/i915/gt/intel_gt.o
  CC [M]  drivers/gpu/drm/amd/amdgpu/nbio_v2_3.o
  CC [M]  drivers/scsi/aacraid/rkt.o
  CC [M]  fs/nfs/nfs40proc.o
  CC [M]  drivers/net/ppp/pptp.o
  CC      drivers/input/misc/xen-kbdfront.o
  CC [M]  drivers/scsi/aacraid/nark.o
  CC [M]  drivers/input/mouse/synaptics.o
  CC [M]  drivers/net/ethernet/chelsio/cxgb/subr.o
  CC [M]  net/bridge/br_nf_core.o
  CC [M]  drivers/usb/serial/generic.o
  CC [M]  drivers/gpu/drm/i915/gt/intel_gt_buffer_pool.o
  CC [M]  drivers/scsi/aacraid/src.o
  CC [M]  drivers/gpu/drm/amd/amdgpu/nv.o
  CC [M]  drivers/input/misc/uinput.o
  CC [M]  fs/nfs/nfs42proc.o
  CC [M]  drivers/input/mouse/focaltech.o
  CC [M]  net/bridge/br_multicast.o
  AR      drivers/net/ppp/built-in.a
  CC [M]  net/bridge/br_mdb.o
  CC [M]  drivers/usb/serial/bus.o
  CC [M]  drivers/net/ethernet/chelsio/cxgb/mv88x201x.o
  CC [M]  drivers/net/ethernet/chelsio/cxgb3/cxgb3_main.o
  CC [M]  drivers/gpu/drm/i915/gt/intel_gt_ccs_mode.o
  CC [M]  net/bluetooth/hci_event.o
  AR      drivers/input/misc/built-in.a
  CC [M]  net/bluetooth/mgmt.o
  LD [M]  drivers/scsi/aacraid/aacraid.o
  CC [M]  drivers/scsi/aic94xx/aic94xx_init.o
  CC [M]  drivers/input/mouse/alps.o
  CC [M]  drivers/gpu/drm/amd/amdgpu/arct_reg_init.o
  CC [M]  drivers/usb/serial/ch341.o
  CC [M]  drivers/net/ethernet/chelsio/cxgb/my3126.o
  CC [M]  drivers/gpu/drm/i915/gt/intel_gt_clock_utils.o
  CC [M]  drivers/usb/serial/cp210x.o
  CC [M]  drivers/input/ff-memless.o
  CC [M]  drivers/scsi/aic94xx/aic94xx_hwi.o
  CC [M]  drivers/gpu/drm/amd/amdgpu/mxgpu_nv.o
  CC [M]  drivers/input/mouse/logips2pp.o
  CC [M]  drivers/net/ethernet/chelsio/cxgb/mv88e1xxx.o
  CC [M]  drivers/gpu/drm/i915/gt/intel_gt_debugfs.o
  CC [M]  fs/nfs/nfs42xattr.o
  CC [M]  drivers/net/ethernet/chelsio/cxgb3/ael1002.o
  CC [M]  drivers/usb/serial/ftdi_sio.o
  CC [M]  drivers/input/mouse/lifebook.o
  CC [M]  drivers/input/mouse/trackpoint.o
  CC [M]  drivers/scsi/aic94xx/aic94xx_reg.o
  CC [M]  drivers/gpu/drm/i915/gt/intel_gt_engines_debugfs.o
  CC [M]  drivers/gpu/drm/amd/amdgpu/nbio_v7_2.o
  CC [M]  drivers/net/ethernet/chelsio/cxgb/vsc7326.o
  CC [M]  drivers/gpu/drm/i915/gt/intel_gt_irq.o
  CC [M]  drivers/input/mouse/cypress_ps2.o
  CC [M]  drivers/net/ethernet/chelsio/cxgb3/vsc8211.o
  CC [M]  drivers/usb/serial/option.o
  CC [M]  drivers/scsi/aic94xx/aic94xx_sds.o
  CC [M]  net/bridge/br_multicast_eht.o
  CC [M]  fs/nfs/filelayout/filelayout.o
  CC [M]  drivers/usb/serial/pl2303.o
  LD [M]  drivers/input/mouse/psmouse.o
  CC [M]  drivers/usb/serial/qcserial.o
  CC [M]  drivers/input/sparse-keymap.o
  CC [M]  drivers/net/ethernet/chelsio/cxgb3/t3_hw.o
  LD [M]  drivers/net/ethernet/chelsio/cxgb/cxgb.o
  CC [M]  drivers/gpu/drm/i915/gt/intel_gt_mcr.o
  CC [M]  drivers/net/ethernet/chelsio/cxgb3/mc5.o
  CC [M]  drivers/gpu/drm/amd/amdgpu/hdp_v4_0.o
  CC [M]  drivers/gpu/drm/amd/amdgpu/hdp_v5_0.o
  CC [M]  net/bluetooth/hci_sock.o
  CC [M]  drivers/scsi/aic94xx/aic94xx_seq.o
  CC [M]  drivers/usb/serial/usb_wwan.o
  CC [M]  drivers/input/input-leds.o
  CC [M]  net/bridge/br_vlan.o
  CC [M]  net/bridge/br_vlan_tunnel.o
  CC [M]  net/bridge/br_vlan_options.o
  CC [M]  drivers/gpu/drm/i915/gt/intel_gt_pm.o
  CC [M]  fs/nfs/filelayout/filelayoutdev.o
  CC [M]  drivers/input/mousedev.o
  CC [M]  drivers/gpu/drm/amd/amdgpu/aldebaran_reg_init.o
  CC [M]  drivers/usb/usbip/usbip_common.o
  CC [M]  drivers/scsi/aic94xx/aic94xx_dump.o
  LD [M]  drivers/usb/serial/usbserial.o
  CC [M]  drivers/scsi/pm8001/pm8001_init.o
  CC [M]  drivers/input/joydev.o
  CC [M]  drivers/net/ethernet/chelsio/cxgb3/xgmac.o
  CC [M]  drivers/gpu/drm/i915/gt/intel_gt_pm_debugfs.o
  CC [M]  drivers/gpu/drm/i915/gt/intel_gt_pm_irq.o
  CC [M]  drivers/input/evdev.o
  CC [M]  drivers/gpu/drm/amd/amdgpu/aldebaran.o
  LD [M]  fs/nfs/filelayout/nfs_layout_nfsv41_files.o
  CC [M]  drivers/scsi/aic94xx/aic94xx_scb.o
  CC [M]  fs/nfs/blocklayout/blocklayout.o
  CC [M]  net/bluetooth/hci_sysfs.o
  CC [M]  drivers/usb/usbip/usbip_event.o
  CC [M]  net/bluetooth/l2cap_core.o
  CC [M]  drivers/scsi/pm8001/pm8001_sas.o
  CC [M]  drivers/net/ethernet/chelsio/cxgb3/sge.o
  CC [M]  drivers/net/ethernet/chelsio/cxgb3/l2t.o
  AR      drivers/input/built-in.a
  CC [M]  drivers/net/ethernet/chelsio/cxgb3/cxgb3_offload.o
  CC [M]  drivers/scsi/aic94xx/aic94xx_dev.o
  CC [M]  drivers/gpu/drm/i915/gt/intel_gt_requests.o
  CC [M]  fs/smb/common/cifs_md4.o
  CC [M]  drivers/gpu/drm/amd/amdgpu/soc21.o
  CC [M]  fs/nfs/blocklayout/dev.o
  CC [M]  drivers/usb/usbip/vhci_sysfs.o
  CC [M]  net/bridge/br_mst.o
  CC [M]  drivers/scsi/pm8001/pm8001_ctl.o
  CC [M]  fs/smb/common/compress/compress.o
  CC [M]  drivers/scsi/aic94xx/aic94xx_tmf.o
  CC [M]  drivers/gpu/drm/i915/gt/intel_gt_sysfs.o
  CC [M]  drivers/usb/usbip/vhci_tx.o
  CC [M]  drivers/gpu/drm/amd/amdgpu/soc24.o
  CC [M]  fs/smb/common/compress/lz77.o
  CC [M]  fs/nfs/blocklayout/extent_tree.o
  CC [M]  drivers/scsi/pm8001/pm8001_hwi.o
  CC [M]  drivers/gpu/drm/i915/gt/intel_gt_sysfs_pm.o
  CC [M]  drivers/scsi/aic94xx/aic94xx_task.o
  AR      drivers/usb/built-in.a
  CC [M]  fs/nfs/blocklayout/rpc_pipefs.o
  AR      drivers/net/wireless/admtek/built-in.a
  AR      drivers/net/wireless/ath/built-in.a
  CC [M]  drivers/net/ethernet/chelsio/cxgb3/aq100x.o
  AR      drivers/net/wireless/atmel/built-in.a
  CC [M]  drivers/usb/usbip/vhci_rx.o
  AR      drivers/net/wireless/broadcom/built-in.a
  AR      drivers/net/wireless/intel/built-in.a
  CC [M]  drivers/net/wireless/intel/iwlwifi/iwl-io.o
  CC [M]  net/bridge/br_switchdev.o
  LD [M]  fs/smb/common/smb_compress.o
  CC [M]  fs/smb/client/trace.o
  CC [M]  drivers/gpu/drm/amd/amdgpu/sienna_cichlid.o
  CC [M]  drivers/usb/usbip/vhci_hcd.o
  LD [M]  drivers/scsi/aic94xx/aic94xx.o
  CC [M]  drivers/gpu/drm/i915/gt/intel_gtt.o
  CC [M]  drivers/gpu/drm/i915/gt/intel_llc.o
  LD [M]  drivers/net/ethernet/chelsio/cxgb3/cxgb3.o
  LD [M]  fs/nfs/blocklayout/blocklayoutdriver.o
  CC [M]  fs/nfs/flexfilelayout/flexfilelayout.o
  CC [M]  drivers/net/ethernet/chelsio/cxgb4/cxgb4_main.o
  CC [M]  drivers/net/ethernet/chelsio/cxgb4/l2t.o
  CC [M]  drivers/gpu/drm/amd/amdgpu/smu_v13_0_10.o
  CC [M]  net/bridge/br_netfilter_hooks.o
  CC [M]  drivers/net/wireless/intel/iwlwifi/iwl-drv.o
  CC [M]  drivers/scsi/pm8001/pm80xx_hwi.o
  CC [M]  drivers/usb/usbip/stub_dev.o
  CC [M]  drivers/gpu/drm/i915/gt/intel_lrc.o
  CC [M]  drivers/gpu/drm/amd/amdgpu/nbio_v4_3.o
  CC [M]  drivers/net/ethernet/chelsio/cxgb4/smt.o
  CC [M]  drivers/usb/usbip/stub_main.o
  CC [M]  net/bluetooth/l2cap_sock.o
  CC [M]  drivers/gpu/drm/amd/amdgpu/hdp_v6_0.o
  CC [M]  drivers/usb/usbip/stub_rx.o
  CC [M]  fs/nfs/flexfilelayout/flexfilelayoutdev.o
  CC [M]  drivers/gpu/drm/i915/gt/intel_migrate.o
  CC      drivers/net/vmxnet3/vmxnet3_drv.o
  CC [M]  drivers/net/wireless/intel/iwlwifi/iwl-debug.o
  CC [M]  net/bridge/br_netfilter_ipv6.o
  CC [M]  net/bridge/netfilter/ebt_802_3.o
  CC [M]  drivers/usb/usbip/stub_tx.o
  CC [M]  drivers/gpu/drm/amd/amdgpu/nbio_v7_7.o
  CC [M]  fs/smb/client/cifsfs.o
  CC [M]  drivers/scsi/pm8001/pm80xx_tracepoints.o
  CC [M]  net/bluetooth/smp.o
  LD [M]  fs/nfs/flexfilelayout/nfs_layout_flexfiles.o
  LD [M]  fs/nfs/nfs.o
  CC      drivers/net/vmxnet3/vmxnet3_ethtool.o
  CC [M]  drivers/gpu/drm/i915/gt/intel_mocs.o
  LD [M]  fs/nfs/nfsv2.o
  LD [M]  fs/nfs/nfsv3.o
  CC [M]  drivers/net/wireless/intel/iwlwifi/iwl-nvm-utils.o
  LD [M]  fs/nfs/nfsv4.o
  LD [M]  drivers/usb/usbip/usbip-core.o
  LD [M]  drivers/usb/usbip/vhci-hcd.o
  CC [M]  drivers/net/ethernet/chelsio/cxgb4/t4_hw.o
  CC [M]  net/bridge/netfilter/ebt_among.o
  LD [M]  drivers/usb/usbip/usbip-host.o
  CC [M]  drivers/net/ethernet/chelsio/cxgb4/sge.o
  CC [M]  drivers/net/ethernet/chelsio/cxgb4/clip_tbl.o
  LD [M]  drivers/scsi/pm8001/pm80xx.o
  CC [M]  drivers/scsi/isci/init.o
  CC [M]  drivers/gpu/drm/amd/amdgpu/hdp_v5_2.o
  CC [M]  drivers/gpu/drm/i915/gt/intel_ppgtt.o
  CC [M]  net/bridge/netfilter/ebt_arp.o
  CC [M]  drivers/net/wireless/intel/iwlwifi/iwl-utils.o
  CC [M]  fs/smb/client/cifs_debug.o
  CC      drivers/net/vmxnet3/vmxnet3_xdp.o
  CC [M]  drivers/scsi/isci/phy.o
  CC [M]  drivers/scsi/isci/request.o
  CC [M]  drivers/gpu/drm/amd/amdgpu/lsdma_v6_0.o
  CC [M]  drivers/gpu/drm/i915/gt/intel_rc6.o
  CC [M]  net/bluetooth/lib.o
  CC [M]  drivers/gpu/drm/i915/gt/intel_region_lmem.o
  CC [M]  net/bridge/netfilter/ebt_ip.o
  CC [M]  drivers/net/ethernet/chelsio/cxgb4/cxgb4_ethtool.o
  CC [M]  drivers/net/wireless/intel/iwlwifi/iwl-phy-db.o
  AR      drivers/net/vmxnet3/built-in.a
  CC [M]  drivers/net/ethernet/chelsio/cxgb4/cxgb4_uld.o
  CC [M]  drivers/gpu/drm/amd/amdgpu/nbio_v7_9.o
  CC [M]  drivers/net/ethernet/chelsio/cxgb4/srq.o
  CC [M]  fs/smb/client/connect.o
  CC [M]  drivers/gpu/drm/i915/gt/intel_renderstate.o
  CC [M]  net/bluetooth/ecdh_helper.o
  CC [M]  net/bridge/netfilter/ebt_ip6.o
  CC [M]  drivers/scsi/isci/remote_device.o
  CC [M]  net/bluetooth/mgmt_util.o
  CC [M]  net/bridge/netfilter/ebt_limit.o
  CC [M]  drivers/gpu/drm/amd/amdgpu/aqua_vanjaram.o
  CC [M]  drivers/gpu/drm/i915/gt/intel_reset.o
  CC [M]  drivers/gpu/drm/i915/gt/intel_ring.o
  CC [M]  drivers/gpu/drm/i915/gt/intel_ring_submission.o
  CC [M]  drivers/gpu/drm/i915/gt/intel_rps.o
  CC [M]  drivers/net/wireless/intel/iwlwifi/iwl-nvm-parse.o
  CC [M]  drivers/scsi/isci/port.o
  CC [M]  drivers/scsi/isci/host.o
  CC [M]  drivers/net/ethernet/chelsio/cxgb4/sched.o
  CC [M]  net/bridge/netfilter/ebt_mark_m.o
  CC [M]  net/bluetooth/mgmt_config.o
  CC [M]  net/bridge/netfilter/ebt_pkttype.o
  CC [M]  drivers/gpu/drm/amd/amdgpu/nbio_v7_11.o
  CC      drivers/net/xen-netfront.o
  CC      drivers/net/hyperv/netvsc_drv.o
  CC      drivers/net/hyperv/netvsc.o
  CC [M]  net/bridge/netfilter/ebt_stp.o
  CC      drivers/net/hyperv/rndis_filter.o
  CC [M]  net/bluetooth/hci_codec.o
  CC [M]  drivers/scsi/isci/task.o
  CC [M]  drivers/net/wireless/intel/iwlwifi/pcie/ctxt-info.o
  CC [M]  drivers/net/ethernet/chelsio/cxgb4/cxgb4_filter.o
  CC [M]  drivers/gpu/drm/i915/gt/intel_sa_media.o
  CC [M]  drivers/gpu/drm/amd/amdgpu/lsdma_v7_0.o
  CC [M]  fs/smb/client/dir.o
  CC [M]  net/bluetooth/eir.o
  CC [M]  net/bridge/netfilter/ebt_vlan.o
  CC [M]  drivers/scsi/isci/probe_roms.o
  CC [M]  drivers/gpu/drm/i915/gt/intel_sseu.o
  CC [M]  drivers/gpu/drm/i915/gt/intel_sseu_debugfs.o
  CC [M]  drivers/gpu/drm/amd/amdgpu/hdp_v7_0.o
  CC [M]  drivers/net/wireless/intel/iwlwifi/pcie/ctxt-info-v2.o
  CC [M]  net/sunrpc/clnt.o
  CC      drivers/net/hyperv/netvsc_trace.o
  CC [M]  drivers/net/ethernet/chelsio/cxgb4vf/cxgb4vf_main.o
  CC [M]  drivers/scsi/isci/remote_node_context.o
  CC [M]  net/bridge/netfilter/ebt_arpreply.o
  CC [M]  net/bluetooth/hci_sync.o
  CC [M]  drivers/gpu/drm/amd/amdgpu/nbif_v6_3_1.o
  CC [M]  drivers/scsi/isci/remote_node_table.o
  CC [M]  drivers/net/ethernet/chelsio/cxgb4/cxgb4_tc_u32.o
  CC [M]  fs/smb/client/file.o
  CC [M]  drivers/net/wireless/intel/iwlwifi/pcie/drv.o
  CC [M]  drivers/gpu/drm/i915/gt/intel_timeline.o
  CC [M]  drivers/gpu/drm/i915/gt/intel_tlb.o
  CC [M]  drivers/scsi/isci/unsolicited_frame_control.o
  CC [M]  net/bridge/netfilter/ebt_mark.o
  CC      drivers/net/hyperv/netvsc_bpf.o
  CC [M]  drivers/scsi/isci/port_config.o
  CC [M]  drivers/gpu/drm/amd/amdgpu/cyan_skillfish_reg_init.o
  CC [M]  drivers/gpu/drm/amd/amdgpu/soc_v1_0.o
  CC [M]  drivers/net/wireless/intel/iwlwifi/pcie/utils.o
  CC [M]  drivers/net/ethernet/chelsio/cxgb4vf/t4vf_hw.o
  CC [M]  net/bridge/netfilter/ebt_dnat.o
  CC [M]  drivers/gpu/drm/i915/gt/intel_wopcm.o
  CC [M]  drivers/net/ethernet/chelsio/cxgb4/cxgb4_ptp.o
  AR      drivers/net/hyperv/built-in.a
  CC [M]  drivers/net/ethernet/chelsio/cxgb4/cxgb4_tc_flower.o
  LD [M]  drivers/scsi/isci/isci.o
  CC      drivers/rtc/lib.o
  CC [M]  drivers/scsi/qla2xxx/qla_os.o
  CC [M]  drivers/gpu/drm/i915/gt/intel_workarounds.o
  CC [M]  net/sunrpc/xprt.o
  CC [M]  drivers/net/wireless/intel/iwlwifi/pcie/gen1_2/rx.o
  CC [M]  drivers/gpu/drm/amd/amdgpu/lsdma_v7_1.o
  CC [M]  net/bridge/netfilter/ebt_redirect.o
  CC      drivers/rtc/class.o
  CC [M]  drivers/net/ethernet/chelsio/cxgb4vf/sge.o
  CC      drivers/rtc/interface.o
  CC [M]  drivers/gpu/drm/amd/amdgpu/nbio_v6_3_2.o
  CC [M]  fs/smb/client/inode.o
  CC [M]  fs/smb/client/link.o
  CC [M]  net/bridge/netfilter/ebt_snat.o
  CC [M]  drivers/net/ethernet/chelsio/cxgb4/cxgb4_cudbg.o
  CC [M]  drivers/net/wireless/intel/iwlwifi/pcie/gen1_2/tx.o
  CC [M]  drivers/gpu/drm/amd/amdgpu/df_v1_7.o
  CC [M]  drivers/gpu/drm/i915/gt/shmem_utils.o
  CC [M]  net/bluetooth/hci_drv.o
  CC [M]  net/bridge/netfilter/ebt_log.o
  CC      drivers/rtc/nvmem.o
  CC [M]  net/sunrpc/socklib.o
  LD [M]  drivers/net/ethernet/chelsio/cxgb4vf/cxgb4vf.o
  CC [M]  net/bridge/netfilter/ebt_nflog.o
  CC [M]  drivers/net/ethernet/chelsio/cxgb4/cxgb4_mps.o
  CC [M]  drivers/net/ethernet/chelsio/cxgb4/cudbg_common.o
  CC [M]  drivers/gpu/drm/i915/gt/sysfs_engines.o
  CC [M]  drivers/gpu/drm/amd/amdgpu/df_v3_6.o
  CC      drivers/rtc/dev.o
  CC [M]  net/bluetooth/coredump.o
  CC [M]  net/sunrpc/xprtsock.o
  LD [M]  net/bridge/bridge.o
  CC [M]  drivers/scsi/qla2xxx/qla_init.o
  CC [M]  drivers/scsi/qla2xxx/qla_mbx.o
  LD [M]  net/bridge/br_netfilter.o
  CC [M]  drivers/scsi/qla2xxx/qla_iocb.o
  CC [M]  fs/smb/client/misc.o
  CC      drivers/rtc/proc.o
  CC [M]  drivers/gpu/drm/i915/gt/intel_ggtt_gmch.o
  CC [M]  fs/smb/client/netmisc.o
  CC [M]  drivers/gpu/drm/amd/amdgpu/df_v4_3.o
  CC [M]  drivers/net/ethernet/chelsio/cxgb4/cudbg_lib.o
  CC [M]  drivers/net/wireless/intel/iwlwifi/pcie/gen1_2/trans.o
  CC      drivers/rtc/sysfs.o
  CC [M]  drivers/gpu/drm/i915/gt/gen6_renderstate.o
  CC [M]  net/bluetooth/sco.o
  CC [M]  drivers/gpu/drm/i915/gt/gen7_renderstate.o
  CC [M]  drivers/scsi/qla4xxx/ql4_os.o
  CC [M]  drivers/gpu/drm/amd/amdgpu/df_v4_6_2.o
  CC      drivers/rtc/rtc-mc146818-lib.o
  CC [M]  drivers/gpu/drm/i915/gt/gen8_renderstate.o
  CC [M]  fs/smb/client/smbencrypt.o
  CC [M]  drivers/gpu/drm/i915/gt/gen9_renderstate.o
  CC [M]  net/sunrpc/sched.o
  CC [M]  drivers/gpu/drm/i915/gem/i915_gem_busy.o
  CC [M]  drivers/gpu/drm/amd/amdgpu/df_v4_15.o
  CC [M]  drivers/gpu/drm/amd/amdgpu/gmc_v7_0.o
  CC      drivers/rtc/rtc-cmos.o
  CC [M]  drivers/gpu/drm/amd/amdgpu/gmc_v8_0.o
  CC [M]  drivers/net/ethernet/chelsio/cxgb4/cudbg_zlib.o
  CC [M]  fs/smb/client/transport.o
  CC [M]  net/bluetooth/iso.o
  CC [M]  drivers/gpu/drm/i915/gem/i915_gem_clflush.o
  AR      drivers/rtc/built-in.a
  CC [M]  net/bluetooth/hci_debugfs.o
  CC [M]  drivers/net/ethernet/chelsio/cxgb4/cxgb4_tc_mqprio.o
  CC [M]  drivers/net/wireless/intel/iwlwifi/pcie/gen1_2/trans-gen2.o
  CC [M]  drivers/net/wireless/intel/iwlwifi/pcie/gen1_2/tx-gen2.o
  CC [M]  drivers/gpu/drm/i915/gem/i915_gem_context.o
  CC [M]  drivers/scsi/qla2xxx/qla_isr.o
  CC [M]  drivers/gpu/drm/i915/gem/i915_gem_create.o
  CC [M]  drivers/gpu/drm/amd/amdgpu/gfxhub_v1_0.o
  CC [M]  fs/smb/client/cached_dir.o
  CC [M]  drivers/net/ethernet/chelsio/cxgb4/cxgb4_tc_matchall.o
  CC [M]  drivers/scsi/qla2xxx/qla_gs.o
  CC [M]  drivers/gpu/drm/i915/gem/i915_gem_dmabuf.o
  CC [M]  drivers/scsi/qla4xxx/ql4_init.o
  CC [M]  net/bluetooth/rfcomm/core.o
  CC [M]  drivers/gpu/drm/i915/gem/i915_gem_domain.o
  CC [M]  drivers/gpu/drm/amd/amdgpu/mmhub_v1_0.o
  CC [M]  drivers/net/wireless/intel/iwlwifi/iwl-dbg-tlv.o
  CC [M]  drivers/net/wireless/intel/iwlwifi/iwl-trans.o
  CC [M]  drivers/net/ethernet/chelsio/cxgb4/cxgb4_debugfs.o
  CC [M]  fs/smb/client/cifs_unicode.o
  CC [M]  fs/smb/client/cifsencrypt.o
  CC [M]  drivers/net/wireless/intel/iwlwifi/fw/img.o
  CC [M]  drivers/gpu/drm/i915/gem/i915_gem_execbuffer.o
  CC [M]  drivers/gpu/drm/amd/amdgpu/gmc_v9_0.o
  CC [M]  drivers/scsi/qla4xxx/ql4_mbx.o
  CC [M]  drivers/gpu/drm/amd/amdgpu/gfxhub_v1_1.o
  CC [M]  drivers/scsi/qla2xxx/qla_dbg.o
  CC [M]  net/bluetooth/rfcomm/sock.o
  CC [M]  drivers/gpu/drm/amd/amdgpu/mmhub_v9_4.o
  CC [M]  drivers/net/wireless/intel/iwlwifi/fw/notif-wait.o
  CC [M]  drivers/scsi/lpfc/lpfc_mem.o
  CC [M]  fs/smb/client/readdir.o
  CC [M]  drivers/scsi/lpfc/lpfc_sli.o
  CC [M]  drivers/scsi/lpfc/lpfc_ct.o
  CC [M]  net/bluetooth/rfcomm/tty.o
  CC [M]  drivers/gpu/drm/amd/amdgpu/gfxhub_v2_0.o
  CC [M]  drivers/scsi/qla4xxx/ql4_iocb.o
  CC [M]  drivers/scsi/bfa/bfad.o
  CC [M]  drivers/net/wireless/intel/iwlwifi/fw/rs.o
  CC [M]  drivers/net/ethernet/chelsio/cxgb4/cxgb4_thermal.o
  CC [M]  drivers/gpu/drm/i915/gem/i915_gem_internal.o
  CC [M]  fs/smb/client/ioctl.o
  CC [M]  net/sunrpc/auth.o
  LD [M]  net/bluetooth/rfcomm/rfcomm.o
  CC [M]  drivers/gpu/drm/amd/amdgpu/mmhub_v2_0.o
  CC [M]  net/bluetooth/bnep/core.o
  CC [M]  drivers/scsi/bfa/bfad_im.o
  CC [M]  drivers/scsi/qla4xxx/ql4_isr.o
  LD [M]  drivers/net/ethernet/chelsio/cxgb4/cxgb4.o
  CC [M]  drivers/gpu/drm/i915/gem/i915_gem_lmem.o
  CC [M]  drivers/net/ethernet/chelsio/libcxgb/libcxgb_ppm.o
  CC [M]  drivers/net/wireless/intel/iwlwifi/fw/dbg.o
  CC [M]  drivers/net/wireless/intel/iwlwifi/fw/dbg-old.o
  CC [M]  fs/smb/client/sess.o
  CC [M]  drivers/scsi/bfa/bfad_attr.o
  CC [M]  drivers/gpu/drm/amd/amdgpu/gmc_v10_0.o
  CC [M]  net/bluetooth/bnep/sock.o
  CC [M]  drivers/gpu/drm/i915/gem/i915_gem_mman.o
  CC [M]  drivers/scsi/qla4xxx/ql4_nx.o
  CC [M]  net/sunrpc/auth_null.o
  CC [M]  drivers/net/ethernet/chelsio/libcxgb/libcxgb_cm.o
  CC [M]  drivers/scsi/qla2xxx/qla_sup.o
  CC [M]  drivers/scsi/qla2xxx/qla_attr.o
  CC [M]  net/bluetooth/bnep/netdev.o
  CC [M]  drivers/scsi/bfa/bfad_debugfs.o
  CC [M]  drivers/gpu/drm/i915/gem/i915_gem_object.o
  CC [M]  drivers/gpu/drm/amd/amdgpu/gfxhub_v2_1.o
  CC [M]  net/sunrpc/auth_tls.o
  CC [M]  drivers/net/wireless/intel/iwlwifi/fw/pnvm.o
  CC [M]  fs/smb/client/export.o
  CC [M]  drivers/scsi/bfa/bfad_bsg.o
  LD [M]  net/bluetooth/bnep/bnep.o
  CC [M]  net/bluetooth/hidp/core.o
  LD [M]  drivers/net/ethernet/chelsio/libcxgb/libcxgb.o
  AR      drivers/net/ethernet/chelsio/built-in.a
  AR      drivers/net/ethernet/cisco/built-in.a
  CC [M]  drivers/net/ethernet/cisco/enic/enic_main.o
  CC [M]  net/sunrpc/auth_unix.o
  CC [M]  drivers/gpu/drm/i915/gem/i915_gem_object_frontbuffer.o
  CC [M]  fs/smb/client/unc.o
  CC [M]  drivers/net/wireless/intel/iwlwifi/fw/dump.o
  CC [M]  drivers/gpu/drm/amd/amdgpu/mmhub_v2_3.o
  CC [M]  drivers/scsi/qla4xxx/ql4_nvram.o
  CC [M]  drivers/scsi/qla2xxx/qla_mid.o
  CC [M]  drivers/scsi/qla2xxx/qla_dfs.o
  CC [M]  net/sunrpc/svc.o
  CC [M]  drivers/gpu/drm/i915/gem/i915_gem_pages.o
  CC [M]  net/bluetooth/hidp/sock.o
  CC [M]  fs/smb/client/winucase.o
  CC [M]  drivers/scsi/bfa/bfa_ioc.o
  CC [M]  fs/smb/client/smb2ops.o
  CC [M]  drivers/gpu/drm/amd/amdgpu/mmhub_v1_7.o
  CC [M]  drivers/scsi/qla4xxx/ql4_dbg.o
  CC [M]  drivers/net/wireless/intel/iwlwifi/fw/regulatory.o
  CC [M]  drivers/net/wireless/intel/iwlwifi/cfg/7000.o
  CC [M]  drivers/scsi/lpfc/lpfc_els.o
  CC [M]  drivers/scsi/qla2xxx/qla_bsg.o
  LD [M]  net/bluetooth/hidp/hidp.o
  LD [M]  net/bluetooth/bluetooth.o
  CC [M]  drivers/net/ethernet/cisco/enic/vnic_cq.o
  CC [M]  drivers/gpu/drm/i915/gem/i915_gem_phys.o
  CC [M]  drivers/scsi/qla2xxx/qla_nx.o
  CC [M]  drivers/scsi/qla2xxx/qla_mr.o
  CC [M]  drivers/gpu/drm/amd/amdgpu/gfxhub_v3_0.o
  CC [M]  drivers/scsi/qla4xxx/ql4_attr.o
  CC [M]  drivers/net/ethernet/cisco/enic/vnic_intr.o
  CC [M]  drivers/net/wireless/intel/iwlwifi/cfg/8000.o
  CC [M]  drivers/gpu/drm/i915/gem/i915_gem_pm.o
  CC [M]  net/sunrpc/svcsock.o
  CC [M]  drivers/scsi/bfa/bfa_ioc_cb.o
  CC [M]  drivers/gpu/drm/amd/amdgpu/mmhub_v3_0.o
  CC [M]  drivers/net/ethernet/cisco/enic/vnic_wq.o
  CC [M]  drivers/scsi/qla4xxx/ql4_bsg.o
  CC [M]  drivers/scsi/qla4xxx/ql4_83xx.o
  CC [M]  drivers/net/wireless/intel/iwlwifi/cfg/9000.o
  CC [M]  drivers/gpu/drm/i915/gem/i915_gem_region.o
  CC [M]  drivers/gpu/drm/i915/gem/i915_gem_shmem.o
  CC [M]  drivers/scsi/bfa/bfa_ioc_ct.o
  CC [M]  drivers/scsi/qla2xxx/qla_nx2.o
  CC [M]  drivers/net/ethernet/cisco/enic/enic_res.o
  CC [M]  drivers/gpu/drm/amd/amdgpu/mmhub_v3_0_2.o
  CC [M]  drivers/net/wireless/intel/iwlwifi/cfg/22000.o
  GEN     fs/smb/client/smb2_mapping_table.c
  CC [M]  fs/smb/client/smb2transport.o
  CC [M]  drivers/net/wireless/intel/iwlwifi/cfg/ax210.o
  CC [M]  drivers/scsi/bfa/bfa_hw_cb.o
  CC [M]  drivers/net/wireless/intel/iwlwifi/cfg/bz.o
  CC [M]  drivers/gpu/drm/i915/gem/i915_gem_shrinker.o
  CC [M]  drivers/net/ethernet/cisco/enic/enic_dev.o
  LD [M]  drivers/scsi/qla4xxx/qla4xxx.o
  CC [M]  drivers/net/ethernet/cisco/enic/enic_pp.o
  CC [M]  drivers/gpu/drm/amd/amdgpu/gmc_v11_0.o
  CC [M]  drivers/scsi/csiostor/csio_attr.o
  CC      drivers/i2c/i2c-boardinfo.o
  CC [M]  drivers/net/wireless/intel/iwlwifi/cfg/sc.o
  CC [M]  drivers/scsi/bfa/bfa_hw_ct.o
  CC [M]  net/sunrpc/svcauth.o
  CC [M]  drivers/scsi/qla2xxx/qla_target.o
  CC [M]  drivers/scsi/lpfc/lpfc_hbadisc.o
  AR      drivers/i3c/built-in.a
  CC [M]  drivers/gpu/drm/i915/gem/i915_gem_stolen.o
  CC [M]  drivers/net/ethernet/cisco/enic/vnic_dev.o
  CC [M]  fs/smb/client/smb2misc.o
  CC [M]  drivers/net/wireless/intel/iwlwifi/cfg/rf-jf.o
  CC      drivers/i2c/i2c-core-base.o
  CC [M]  drivers/scsi/csiostor/csio_init.o
  CC [M]  drivers/scsi/csiostor/csio_lnode.o
  CC [M]  drivers/scsi/bfa/bfa_fcs.o
  CC [M]  drivers/gpu/drm/amd/amdgpu/mmhub_v3_0_1.o
  CC [M]  drivers/net/wireless/intel/iwlwifi/cfg/rf-hr.o
  CC [M]  drivers/gpu/drm/i915/gem/i915_gem_throttle.o
  CC [M]  net/sunrpc/svcauth_unix.o
  CC [M]  drivers/gpu/drm/i915/gem/i915_gem_tiling.o
  CC [M]  drivers/net/ethernet/cisco/enic/vnic_rq.o
  CC [M]  drivers/net/wireless/intel/iwlwifi/cfg/rf-gf.o
  CC [M]  drivers/scsi/bfa/bfa_fcs_lport.o
  CC [M]  fs/smb/client/smb2pdu.o
  CC [M]  drivers/gpu/drm/amd/amdgpu/gfxhub_v3_0_3.o
  CC [M]  drivers/scsi/csiostor/csio_scsi.o
  CC [M]  drivers/scsi/csiostor/csio_hw.o
  CC [M]  drivers/net/wireless/intel/iwlwifi/fw/paging.o
  CC [M]  drivers/gpu/drm/i915/gem/i915_gem_ttm.o
  CC [M]  drivers/net/ethernet/cisco/enic/vnic_vic.o
  CC      drivers/i2c/i2c-core-smbus.o
  CC [M]  drivers/net/ethernet/cisco/enic/enic_ethtool.o
  CC [M]  drivers/gpu/drm/amd/amdgpu/gfxhub_v1_2.o
  CC [M]  net/sunrpc/addr.o
  CC [M]  drivers/scsi/lpfc/lpfc_init.o
  CC [M]  drivers/scsi/qla2xxx/qla_tmpl.o
  CC [M]  drivers/gpu/drm/i915/gem/i915_gem_ttm_move.o
  CC [M]  drivers/net/wireless/intel/iwlwifi/fw/smem.o
  CC [M]  drivers/scsi/lpfc/lpfc_mbox.o
  CC [M]  drivers/scsi/csiostor/csio_hw_t5.o
  CC [M]  drivers/scsi/bfa/bfa_fcs_rport.o
  CC [M]  drivers/net/ethernet/cisco/enic/enic_api.o
  CC [M]  net/sunrpc/rpcb_clnt.o
  CC [M]  drivers/gpu/drm/amd/amdgpu/mmhub_v1_8.o
  CC      drivers/i2c/i2c-core-acpi.o
  CC [M]  drivers/scsi/csiostor/csio_isr.o
  CC [M]  drivers/scsi/qla2xxx/qla_nvme.o
  CC [M]  drivers/gpu/drm/i915/gem/i915_gem_ttm_pm.o
  CC [M]  drivers/net/wireless/intel/iwlwifi/fw/init.o
  CC      drivers/net/net_failover.o
  CC [M]  drivers/net/ethernet/cisco/enic/enic_clsf.o
  CC [M]  drivers/scsi/bfa/bfa_fcs_fcpim.o
  CC [M]  drivers/scsi/csiostor/csio_mb.o
  CC [M]  drivers/gpu/drm/i915/gem/i915_gem_userptr.o
  AR      drivers/i2c/algos/built-in.a
  CC [M]  drivers/gpu/drm/amd/amdgpu/mmhub_v3_3.o
  CC [M]  drivers/i2c/algos/i2c-algo-bit.o
  CC [M]  drivers/net/ethernet/cisco/enic/enic_rq.o
  CC [M]  fs/smb/client/smb2inode.o
  CC [M]  drivers/scsi/qla2xxx/qla_edif.o
  CC [M]  net/sunrpc/timer.o
  CC [M]  drivers/net/wireless/intel/iwlwifi/fw/acpi.o
  CC [M]  drivers/scsi/bfa/bfa_fcbuild.o
  CC [M]  drivers/scsi/bfa/bfa_port.o
  CC [M]  drivers/scsi/csiostor/csio_rnode.o
  AR      drivers/i2c/busses/built-in.a
  CC [M]  drivers/gpu/drm/amd/amdgpu/gfxhub_v11_5_0.o
  CC [M]  drivers/i2c/busses/i2c-amd756.o
  CC [M]  drivers/gpu/drm/i915/gem/i915_gem_wait.o
  CC [M]  drivers/net/ethernet/cisco/enic/enic_wq.o
  CC [M]  net/sunrpc/xdr.o
  CC [M]  drivers/i2c/busses/i2c-amd8111.o
  CC [M]  drivers/scsi/bfa/bfa_fcpim.o
  CC [M]  drivers/scsi/csiostor/csio_wr.o
  CC [M]  drivers/gpu/drm/nouveau/dispnv04/i2c/ch7006_drv.o
  LD [M]  drivers/net/ethernet/cisco/enic/enic.o
  CC [M]  drivers/gpu/drm/i915/i915_active.o
  AR      drivers/net/ethernet/dec/tulip/built-in.a
  CC [M]  drivers/net/wireless/intel/iwlwifi/fw/uefi.o
  CC [M]  drivers/net/ethernet/dec/tulip/eeprom.o
  CC [M]  drivers/gpu/drm/amd/amdgpu/mmhub_v4_1_0.o
  CC [M]  drivers/scsi/qla2xxx/tcm_qla2xxx.o
  CC [M]  drivers/i2c/busses/i2c-i801.o
  CC [M]  fs/smb/client/smb2file.o
  CC [M]  drivers/gpu/drm/nouveau/dispnv04/i2c/ch7006_mode.o
  LD [M]  drivers/scsi/csiostor/csiostor.o
  CC [M]  drivers/net/ethernet/dec/tulip/interrupt.o
  AR      drivers/media/i2c/built-in.a
  AR      drivers/media/tuners/built-in.a
  AR      drivers/media/rc/keymaps/built-in.a
  AR      drivers/media/rc/built-in.a
  CC [M]  drivers/scsi/lpfc/lpfc_nportdisc.o
  AR      drivers/media/common/b2c2/built-in.a
  AR      drivers/media/common/saa7146/built-in.a
  AR      drivers/media/common/siano/built-in.a
  AR      drivers/media/common/v4l2-tpg/built-in.a
  AR      drivers/media/common/videobuf2/built-in.a
  CC [M]  drivers/gpu/drm/amd/amdgpu/gfxhub_v12_0.o
  CC [M]  drivers/media/common/videobuf2/videobuf2-core.o
  CC [M]  drivers/gpu/drm/i915/i915_cmd_parser.o
  CC [M]  drivers/i2c/busses/i2c-piix4.o
  CC [M]  drivers/gpu/drm/nouveau/dispnv04/i2c/sil164_drv.o
  CC [M]  drivers/scsi/bfa/bfa_core.o
  CC [M]  drivers/net/wireless/intel/iwlwifi/iwl-devtrace.o
  LD [M]  drivers/scsi/qla2xxx/qla2xxx.o
  CC [M]  fs/smb/client/cifsacl.o
  CC [M]  drivers/net/ethernet/dec/tulip/media.o
  CC [M]  drivers/net/ethernet/dec/tulip/timer.o
  CC [M]  net/sunrpc/sunrpc_syms.o
  CC [M]  drivers/gpu/drm/nouveau/nvif/object.o
  CC [M]  drivers/gpu/drm/amd/amdgpu/gmc_v12_0.o
  CC [M]  drivers/gpu/drm/i915/i915_deps.o
  CC [M]  drivers/i2c/busses/i2c-designware-common.o
  CC [M]  drivers/scsi/lpfc/lpfc_scsi.o
  CC [M]  drivers/gpu/drm/i915/i915_gem.o
  CC [M]  drivers/gpu/drm/amd/amdgpu/mmhub_v4_2_0.o
  CC [M]  drivers/gpu/drm/nouveau/nvif/client.o
  CC [M]  drivers/net/ethernet/dec/tulip/tulip_core.o
  CC [M]  drivers/scsi/bfa/bfa_svc.o
  CC [M]  drivers/media/common/videobuf2/frame_vector.o
  CC [M]  drivers/media/common/videobuf2/vb2-trace.o
  CC [M]  fs/smb/client/fs_context.o
  CC [M]  net/sunrpc/cache.o
  CC [M]  drivers/gpu/drm/nouveau/nvif/conn.o
  CC [M]  drivers/i2c/busses/i2c-designware-master.o
  CC [M]  drivers/scsi/lpfc/lpfc_attr.o
  CC [M]  drivers/gpu/drm/i915/i915_gem_evict.o
  CC [M]  drivers/gpu/drm/nouveau/nvif/device.o
  CC [M]  drivers/media/common/videobuf2/videobuf2-memops.o
  CC [M]  drivers/gpu/drm/amd/amdgpu/gfxhub_v12_1.o
  CC [M]  drivers/net/wireless/intel/iwlwifi/mvm/fw.o
  CC [M]  drivers/net/ethernet/dec/tulip/21142.o
  CC [M]  drivers/i2c/busses/i2c-designware-platdrv.o
  CC [M]  drivers/gpu/drm/nouveau/nvif/disp.o
  CC [M]  fs/smb/client/dns_resolve.o
  CC [M]  drivers/media/common/videobuf2/videobuf2-v4l2.o
  CC [M]  drivers/gpu/drm/i915/i915_gem_gtt.o
  CC [M]  drivers/net/ethernet/dec/tulip/pnic.o
  CC [M]  drivers/gpu/drm/nouveau/nvif/driver.o
  CC [M]  drivers/gpu/drm/nouveau/nvif/event.o
  LD [M]  drivers/i2c/busses/i2c-designware-core.o
  LD [M]  drivers/i2c/busses/i2c-designware-platform.o
  AR      drivers/i2c/muxes/built-in.a
  CC [M]  drivers/i2c/i2c-smbus.o
  LD [M]  drivers/scsi/bfa/bfa.o
  CC [M]  drivers/net/wireless/intel/iwlwifi/mvm/mac80211.o
  CC [M]  net/sunrpc/rpc_pipe.o
  CC [M]  drivers/gpu/drm/i915/i915_gem_ww.o
  CC [M]  drivers/gpu/drm/i915/i915_query.o
  CC [M]  drivers/net/ethernet/dec/tulip/pnic2.o
  ASN.1   fs/smb/client/cifs_spnego_negtokeninit.asn1.[ch]
  CC [M]  fs/smb/client/namespace.o
  CC [M]  fs/smb/client/reparse.o
  CC [M]  drivers/gpu/drm/amd/amdgpu/gmc_v12_1.o
  CC [M]  drivers/gpu/drm/nouveau/nvif/fifo.o
  CC [M]  drivers/media/common/videobuf2/videobuf2-vmalloc.o
  CC [M]  drivers/i2c/i2c-dev.o
  CC [M]  drivers/net/dummy.o
  LD [M]  drivers/net/ethernet/dec/tulip/tulip.o
  AR      drivers/net/ethernet/dec/built-in.a
  AR      drivers/net/ethernet/dlink/built-in.a
  CC [M]  drivers/net/ethernet/dlink/dl2k.o
  CC [M]  drivers/gpu/drm/nouveau/nvif/head.o
  CC [M]  drivers/gpu/drm/i915/i915_request.o
  CC [M]  drivers/gpu/drm/i915/i915_scheduler.o
  CC [M]  drivers/scsi/lpfc/lpfc_vport.o
  CC [M]  drivers/gpu/drm/amd/amdgpu/umc_v6_0.o
  CC [M]  net/sunrpc/sysfs.o
  CC [M]  drivers/gpu/drm/nouveau/nvif/mem.o
  AR      drivers/i2c/built-in.a
  CC [M]  drivers/gpu/drm/nouveau/nvif/mmu.o
  CC      drivers/pps/pps.o
  LD [M]  drivers/media/common/videobuf2/videobuf2-common.o
  CC [M]  drivers/media/common/uvc.o
  CC [M]  fs/smb/client/xattr.o
  CC [M]  drivers/net/wireless/intel/iwlwifi/mvm/nvm.o
  CC [M]  drivers/net/ethernet/dlink/sundance.o
  CC      drivers/pps/kapi.o
  CC [M]  drivers/gpu/drm/amd/amdgpu/umc_v6_1.o
  CC [M]  drivers/gpu/drm/nouveau/nvif/outp.o
  CC [M]  drivers/gpu/drm/amd/amdgpu/umc_v6_7.o
  AR      drivers/media/common/built-in.a
  CC [M]  drivers/scsi/lpfc/lpfc_debugfs.o
  AR      drivers/media/platform/allegro-dvt/built-in.a
  AR      drivers/media/platform/amd/isp4/built-in.a
  CC [M]  drivers/gpu/drm/i915/i915_trace_points.o
  AR      drivers/media/platform/amd/built-in.a
  AR      drivers/media/platform/amlogic/c3/isp/built-in.a
  AR      drivers/media/platform/amlogic/c3/mipi-adapter/built-in.a
  AR      drivers/media/platform/amlogic/c3/mipi-csi2/built-in.a
  AR      drivers/media/platform/amlogic/c3/built-in.a
  AR      drivers/media/platform/amlogic/meson-ge2d/built-in.a
  AR      drivers/media/platform/amlogic/built-in.a
  AR      drivers/media/platform/amphion/built-in.a
  AR      drivers/media/platform/arm/mali-c55/built-in.a
  AR      drivers/media/platform/arm/built-in.a
  CC [M]  net/sunrpc/svc_xprt.o
  AR      drivers/media/platform/aspeed/built-in.a
  AR      drivers/media/platform/atmel/built-in.a
  AR      drivers/media/platform/broadcom/built-in.a
  AR      drivers/media/platform/cadence/built-in.a
  AR      drivers/media/platform/chips-media/coda/built-in.a
  AR      drivers/media/platform/chips-media/wave5/built-in.a
  AR      drivers/media/platform/chips-media/built-in.a
  AR      drivers/media/platform/imagination/built-in.a
  AR      drivers/media/platform/intel/built-in.a
  CC      drivers/pps/sysfs.o
  AR      drivers/media/platform/marvell/built-in.a
  AR      drivers/media/platform/mediatek/jpeg/built-in.a
  AR      drivers/media/platform/mediatek/mdp/built-in.a
  AR      drivers/media/platform/mediatek/vcodec/common/built-in.a
  CC [M]  drivers/gpu/drm/i915/i915_ttm_buddy_manager.o
  AR      drivers/media/platform/mediatek/vcodec/encoder/built-in.a
  AR      drivers/media/platform/mediatek/vcodec/decoder/built-in.a
  AR      drivers/media/platform/mediatek/vcodec/built-in.a
  AR      drivers/media/platform/mediatek/vpu/built-in.a
  AR      drivers/media/platform/mediatek/mdp3/built-in.a
  AR      drivers/media/platform/mediatek/built-in.a
  AR      drivers/media/platform/microchip/built-in.a
  AR      drivers/media/platform/nuvoton/built-in.a
  AR      drivers/media/platform/nvidia/tegra-vde/built-in.a
  AR      drivers/media/platform/nvidia/built-in.a
  CC [M]  drivers/gpu/drm/nouveau/nvif/timer.o
  AR      drivers/media/platform/nxp/dw100/built-in.a
  AR      drivers/media/platform/nxp/imx-jpeg/built-in.a
  AR      drivers/media/platform/nxp/imx8-isi/built-in.a
  AR      drivers/media/platform/nxp/built-in.a
  CC [M]  drivers/net/wireless/intel/iwlwifi/mvm/ops.o
  AR      drivers/media/platform/qcom/camss/built-in.a
  AR      drivers/media/platform/qcom/iris/built-in.a
  AR      drivers/media/platform/qcom/venus/built-in.a
  AR      drivers/media/platform/qcom/built-in.a
  AR      drivers/pps/clients/built-in.a
  AR      drivers/pps/built-in.a
  CC [M]  fs/smb/client/cifs_spnego.o
  AR      drivers/media/platform/raspberrypi/pisp_be/built-in.a
  AR      drivers/media/platform/renesas/rcar-isp/built-in.a
  AR      drivers/media/platform/raspberrypi/rp1-cfe/built-in.a
  AR      drivers/media/platform/raspberrypi/built-in.a
  AR      drivers/media/platform/renesas/rcar-vin/built-in.a
  AR      drivers/media/platform/renesas/rzg2l-cru/built-in.a
  CC      drivers/ptp/ptp_clock.o
  AR      drivers/media/platform/renesas/rzv2h-ivc/built-in.a
  AR      drivers/media/platform/renesas/vsp1/built-in.a
  AR      drivers/media/platform/renesas/built-in.a
  CC      drivers/power/supply/power_supply_core.o
  AR      drivers/media/platform/rockchip/rga/built-in.a
  CC [M]  drivers/gpu/drm/amd/amdgpu/umc_v8_7.o
  AR      drivers/media/platform/rockchip/rkcif/built-in.a
  AR      drivers/media/platform/rockchip/rkisp1/built-in.a
  AR      drivers/net/ethernet/emulex/built-in.a
  AR      drivers/media/platform/rockchip/rkvdec/built-in.a
  AR      drivers/media/platform/rockchip/built-in.a
  CC [M]  drivers/net/ethernet/emulex/benet/be_main.o
  AR      drivers/media/platform/samsung/exynos-gsc/built-in.a
  AR      drivers/media/platform/samsung/exynos4-is/built-in.a
  AR      drivers/media/platform/samsung/s3c-camif/built-in.a
  AR      drivers/media/platform/samsung/s5p-g2d/built-in.a
  AR      drivers/media/platform/samsung/s5p-jpeg/built-in.a
  AR      drivers/media/platform/samsung/s5p-mfc/built-in.a
  AR      drivers/media/platform/st/sti/bdisp/built-in.a
  AR      drivers/media/platform/samsung/built-in.a
  AR      drivers/media/platform/st/sti/delta/built-in.a
  AR      drivers/media/platform/st/sti/hva/built-in.a
  AR      drivers/media/platform/st/stm32/built-in.a
  AR      drivers/media/platform/st/built-in.a
  CC      drivers/hwmon/hwmon.o
  AR      drivers/media/platform/sunxi/sun4i-csi/built-in.a
  AR      drivers/media/platform/sunxi/sun6i-csi/built-in.a
  AR      drivers/media/platform/sunxi/sun6i-mipi-csi2/built-in.a
  AR      drivers/media/platform/sunxi/sun8i-a83t-mipi-csi2/built-in.a
  CC [M]  drivers/gpu/drm/nouveau/nvif/vmm.o
  AR      drivers/media/platform/sunxi/sun8i-di/built-in.a
  AR      drivers/media/platform/sunxi/sun8i-rotate/built-in.a
  AR      drivers/media/platform/sunxi/built-in.a
  AR      drivers/media/platform/synopsys/hdmirx/built-in.a
  AR      drivers/media/platform/synopsys/built-in.a
  AR      drivers/media/platform/ti/am437x/built-in.a
  AR      drivers/media/platform/ti/cal/built-in.a
  AR      drivers/media/platform/ti/vpe/built-in.a
  AR      drivers/media/platform/ti/davinci/built-in.a
  AR      drivers/media/platform/ti/j721e-csi2rx/built-in.a
  AR      drivers/media/platform/ti/omap/built-in.a
  AR      drivers/media/platform/ti/omap3isp/built-in.a
  AR      drivers/media/platform/ti/built-in.a
  AR      drivers/media/platform/verisilicon/built-in.a
  AR      drivers/media/platform/via/built-in.a
  AR      drivers/media/platform/xilinx/built-in.a
  AR      drivers/media/platform/built-in.a
  CC [M]  drivers/gpu/drm/i915/i915_vma.o
  AR      drivers/media/pci/ttpci/built-in.a
  AR      drivers/media/pci/b2c2/built-in.a
  AR      drivers/media/pci/pluto2/built-in.a
  AR      drivers/media/pci/dm1105/built-in.a
  AR      drivers/media/pci/pt1/built-in.a
  AR      drivers/media/pci/pt3/built-in.a
  AR      drivers/media/pci/mantis/built-in.a
  AR      drivers/media/pci/ngene/built-in.a
  AR      drivers/media/pci/ddbridge/built-in.a
  AR      drivers/media/pci/saa7146/built-in.a
  AR      drivers/media/pci/smipcie/built-in.a
  AR      drivers/media/pci/netup_unidvb/built-in.a
  AR      drivers/media/pci/intel/ipu3/built-in.a
  AR      drivers/media/pci/intel/ivsc/built-in.a
  AR      drivers/media/pci/intel/built-in.a
  AR      drivers/media/pci/built-in.a
  CC [M]  drivers/gpu/drm/nouveau/nvif/chan.o
  CC [M]  drivers/gpu/drm/amd/amdgpu/umc_v8_10.o
  CC [M]  fs/smb/client/dfs_cache.o
  AR      drivers/media/usb/b2c2/built-in.a
  AR      drivers/media/usb/dvb-usb/built-in.a
  AR      drivers/media/usb/dvb-usb-v2/built-in.a
  AR      drivers/media/usb/s2255/built-in.a
  CC      drivers/power/supply/power_supply_sysfs.o
  AR      drivers/media/usb/siano/built-in.a
  AR      drivers/media/usb/ttusb-budget/built-in.a
  AR      drivers/media/usb/ttusb-dec/built-in.a
  CC [M]  drivers/media/usb/gspca/gspca.o
  CC      drivers/ptp/ptp_chardev.o
  CC [M]  drivers/net/wireless/intel/iwlwifi/mvm/phy-ctxt.o
  CC [M]  drivers/gpu/drm/nouveau/nvif/chan506f.o
  CC [M]  drivers/scsi/lpfc/lpfc_bsg.o
  CC [M]  drivers/hwmon/coretemp.o
  CC [M]  net/sunrpc/xprtmultipath.o
  CC      drivers/power/supply/power_supply_leds.o
  CC [M]  drivers/gpu/drm/amd/amdgpu/umc_v12_0.o
  CC      drivers/ptp/ptp_sysfs.o
  CC [M]  drivers/gpu/drm/nouveau/nvif/chan906f.o
  CC [M]  drivers/gpu/drm/i915/i915_vma_resource.o
  CC      drivers/power/supply/power_supply_hwmon.o
  CC [M]  drivers/net/wireless/intel/iwlwifi/mvm/mac-ctxt.o
  CC [M]  drivers/hwmon/dell-smm-hwmon.o
  CC [M]  drivers/media/usb/gspca/autogain_functions.o
  CC [M]  fs/smb/client/dfs.o
  CC [M]  net/sunrpc/netlink.o
  CC [M]  drivers/gpu/drm/nouveau/nvif/chanc36f.o
  CC      drivers/ptp/ptp_vclock.o
  AR      drivers/power/supply/built-in.a
  AR      drivers/power/built-in.a
  CC [M]  fs/smb/client/smb2maperror.o
  CC [M]  drivers/net/ethernet/emulex/benet/be_cmds.o
  CC [M]  drivers/hwmon/fam15h_power.o
  CC [M]  drivers/gpu/drm/amd/amdgpu/umc_v8_14.o
  CC [M]  drivers/gpu/drm/i915/gt/uc/intel_gsc_fw.o
  CC [M]  net/sunrpc/debugfs.o
  CC [M]  drivers/gpu/drm/nouveau/nvif/user.o
  LD [M]  drivers/media/usb/gspca/gspca_main.o
  CC [M]  drivers/media/usb/uvc/uvc_driver.o
  CC [M]  drivers/ptp/ptp_kvm_x86.o
  CC [M]  drivers/hwmon/k8temp.o
  CC [M]  fs/autofs/init.o
  CC [M]  fs/smb/client/cifs_spnego_negtokeninit.asn1.o
  CC [M]  fs/smb/client/asn1.o
  CC [M]  drivers/gpu/drm/nouveau/nvif/userc361.o
  CC [M]  drivers/net/wireless/intel/iwlwifi/mvm/utils.o
  CC [M]  drivers/scsi/lpfc/lpfc_nvme.o
  CC [M]  drivers/gpu/drm/amd/amdgpu/amdgpu_irq.o
  CC [M]  drivers/ptp/ptp_kvm_common.o
  CC [M]  drivers/gpu/drm/i915/gt/uc/intel_gsc_proxy.o
  CC [M]  net/sunrpc/backchannel_rqst.o
  CC [M]  drivers/hwmon/k10temp.o
  CC [M]  fs/autofs/inode.o
  CC [M]  drivers/gpu/drm/nouveau/nvkm/core/client.o
  CC [M]  drivers/ptp/ptp_vmclock.o
  LD [M]  fs/smb/client/cifs.o
  AR      drivers/hwmon/built-in.a
  CC      drivers/thermal/thermal_core.o
  CC [M]  drivers/gpu/drm/i915/gt/uc/intel_gsc_uc.o
  CC [M]  fs/autofs/root.o
  CC [M]  drivers/gpu/drm/nouveau/nvkm/core/engine.o
  CC [M]  drivers/gpu/drm/nouveau/nvkm/core/enum.o
  CC [M]  drivers/media/usb/uvc/uvc_queue.o
  CC [M]  drivers/gpu/drm/amd/amdgpu/amdgpu_ih.o
  AR      drivers/ptp/built-in.a
  LD [M]  drivers/ptp/ptp_kvm.o
  CC [M]  drivers/gpu/drm/nouveau/nvkm/core/event.o
  CC [M]  drivers/scsi/lpfc/lpfc_nvmet.o
  CC [M]  drivers/net/wireless/intel/iwlwifi/mvm/rx.o
  CC [M]  net/sunrpc/stats.o
  CC [M]  net/sunrpc/sysctl.o
  CC [M]  net/sunrpc/auth_gss/auth_gss.o
  CC [M]  drivers/gpu/drm/i915/gt/uc/intel_gsc_uc_debugfs.o
  CC [M]  drivers/net/ethernet/emulex/benet/be_ethtool.o
  CC [M]  fs/autofs/symlink.o
  CC [M]  drivers/media/usb/uvc/uvc_v4l2.o
  CC [M]  drivers/gpu/drm/nouveau/nvkm/core/firmware.o
  CC [M]  drivers/gpu/drm/amd/amdgpu/iceland_ih.o
  CC      drivers/thermal/thermal_sysfs.o
  CC [M]  fs/autofs/waitq.o
  CC [M]  drivers/gpu/drm/i915/gt/uc/intel_gsc_uc_heci_cmd_submit.o
  CC [M]  drivers/gpu/drm/nouveau/nvkm/core/gpuobj.o
  CC [M]  drivers/net/wireless/intel/iwlwifi/mvm/rxmq.o
  CC [M]  drivers/gpu/drm/amd/amdgpu/tonga_ih.o
  CC [M]  drivers/media/usb/uvc/uvc_video.o
  CC [M]  drivers/media/usb/uvc/uvc_ctrl.o
  CC [M]  drivers/scsi/lpfc/lpfc_vmid.o
  CC [M]  drivers/net/ethernet/emulex/benet/be_roce.o
  CC [M]  drivers/gpu/drm/nouveau/nvkm/core/intr.o
  CC      drivers/thermal/thermal_trip.o
  CC [M]  fs/autofs/expire.o
  CC [M]  fs/autofs/dev-ioctl.o
  CC [M]  net/sunrpc/auth_gss/gss_mech_switch.o
  CC [M]  drivers/gpu/drm/i915/gt/uc/intel_guc.o
  CC [M]  drivers/gpu/drm/amd/amdgpu/cz_ih.o
  LD [M]  drivers/scsi/lpfc/lpfc.o
  CC [M]  drivers/gpu/drm/nouveau/nvkm/core/ioctl.o
  CC      drivers/thermal/thermal_helpers.o
  CC [M]  drivers/net/ifb.o
  CC [M]  drivers/scsi/mpt3sas/mpt3sas_base.o
  LD [M]  fs/autofs/autofs4.o
  CC [M]  fs/f2fs/dir.o
  CC [M]  fs/btrfs/super.o
  CC [M]  drivers/media/usb/uvc/uvc_status.o
  LD [M]  drivers/net/ethernet/emulex/benet/be2net.o
  CC [M]  drivers/net/wireless/intel/iwlwifi/mvm/tx.o
  CC [M]  drivers/gpu/drm/nouveau/nvkm/core/memory.o
  AR      drivers/net/ethernet/engleder/built-in.a
  AR      drivers/net/ethernet/ezchip/built-in.a
  CC [M]  drivers/gpu/drm/amd/amdgpu/vega10_ih.o
  AR      drivers/net/ethernet/fungible/built-in.a
  CC      drivers/thermal/thermal_thresholds.o
  AR      drivers/net/ethernet/google/built-in.a
  AR      drivers/net/ethernet/hisilicon/built-in.a
  AR      drivers/net/ethernet/intel/libie/built-in.a
  CC [M]  drivers/net/ethernet/intel/libie/rx.o
  CC [M]  drivers/gpu/drm/i915/gt/uc/intel_guc_ads.o
  CC [M]  drivers/gpu/drm/i915/gt/uc/intel_guc_capture.o
  CC [M]  net/sunrpc/auth_gss/svcauth_gss.o
  CC [M]  drivers/media/usb/uvc/uvc_isight.o
  CC      drivers/thermal/thermal_netlink.o
  CC [M]  drivers/gpu/drm/nouveau/nvkm/core/mm.o
  CC [M]  fs/f2fs/file.o
  CC [M]  drivers/gpu/drm/amd/amdgpu/vega20_ih.o
  CC [M]  drivers/media/usb/uvc/uvc_debugfs.o
  CC [M]  drivers/net/ethernet/intel/libie/adminq.o
  CC [M]  fs/ceph/super.o
  CC [M]  drivers/gpu/drm/nouveau/nvkm/core/object.o
  CC [M]  drivers/gpu/drm/i915/gt/uc/intel_guc_ct.o
  CC [M]  drivers/net/wireless/intel/iwlwifi/mvm/binding.o
  CC [M]  drivers/net/ethernet/intel/libie/fwlog.o
  CC [M]  drivers/media/usb/uvc/uvc_metadata.o
  CC      drivers/thermal/thermal_hwmon.o
  CC [M]  drivers/gpu/drm/amd/amdgpu/navi10_ih.o
  CC [M]  drivers/gpu/drm/nouveau/nvkm/core/oproxy.o
  CC [M]  net/sunrpc/auth_gss/gss_rpc_upcall.o
  CC [M]  drivers/scsi/mpt3sas/mpt3sas_config.o
  CC [M]  drivers/media/usb/uvc/uvc_entity.o
  CC [M]  drivers/gpu/drm/i915/gt/uc/intel_guc_debugfs.o
  CC [M]  drivers/net/wireless/intel/iwlwifi/mvm/quota.o
  CC      drivers/thermal/gov_step_wise.o
  CC [M]  drivers/gpu/drm/nouveau/nvkm/core/option.o
  LD [M]  drivers/net/ethernet/intel/libie/libie.o
  LD [M]  drivers/net/ethernet/intel/libie/libie_adminq.o
  LD [M]  drivers/net/ethernet/intel/libie/libie_fwlog.o
  CC [M]  drivers/net/ethernet/intel/e100.o
  CC [M]  fs/ceph/inode.o
  CC [M]  drivers/gpu/drm/amd/amdgpu/ih_v6_0.o
  CC      drivers/thermal/gov_user_space.o
  LD [M]  drivers/media/usb/uvc/uvcvideo.o
  AR      drivers/media/usb/built-in.a
  CC [M]  net/sunrpc/auth_gss/gss_rpc_xdr.o
  AR      drivers/media/mmc/siano/built-in.a
  AR      drivers/media/mmc/built-in.a
  CC [M]  drivers/gpu/drm/i915/gt/uc/intel_guc_fw.o
  AR      drivers/media/firewire/built-in.a
  AR      drivers/media/spi/built-in.a
  AR      drivers/media/test-drivers/built-in.a
  CC [M]  drivers/gpu/drm/nouveau/nvkm/core/ramht.o
  CC [M]  drivers/media/mc/mc-device.o
  CC [M]  drivers/net/wireless/intel/iwlwifi/mvm/sta.o
  AR      drivers/thermal/broadcom/built-in.a
  AR      drivers/thermal/renesas/built-in.a
  AR      drivers/thermal/samsung/built-in.a
  CC [M]  drivers/scsi/mpt3sas/mpt3sas_scsih.o
  CC      drivers/thermal/intel/intel_tcc.o
  CC      drivers/thermal/intel/therm_throt.o
  CC [M]  drivers/gpu/drm/nouveau/nvkm/core/subdev.o
  CC [M]  drivers/gpu/drm/amd/amdgpu/ih_v6_1.o
  CC [M]  drivers/gpu/drm/i915/gt/uc/intel_guc_hwconfig.o
  CC [M]  drivers/net/ethernet/intel/libeth/rx.o
  CC [M]  net/sunrpc/auth_gss/trace.o
  CC [M]  drivers/media/mc/mc-devnode.o
  CC [M]  fs/f2fs/inode.o
  CC [M]  fs/ceph/dir.o
  CC [M]  drivers/gpu/drm/nouveau/nvkm/core/uevent.o
  CC [M]  drivers/gpu/drm/i915/gt/uc/intel_guc_log.o
  CC [M]  drivers/media/mc/mc-entity.o
  CC [M]  drivers/gpu/drm/amd/amdgpu/ih_v7_0.o
  CC [M]  drivers/thermal/intel/x86_pkg_temp_thermal.o
  CC [M]  drivers/gpu/drm/nouveau/nvkm/nvfw/fw.o
  CC [M]  drivers/net/ethernet/intel/libeth/tx.o
  AR      drivers/thermal/intel/built-in.a
  AR      drivers/thermal/st/built-in.a
  AR      drivers/thermal/qcom/built-in.a
  AR      drivers/thermal/tegra/built-in.a
  CC [M]  drivers/gpu/drm/i915/gt/uc/intel_guc_log_debugfs.o
  AR      drivers/thermal/mediatek/built-in.a
  AR      drivers/thermal/spacemit/built-in.a
  AR      drivers/thermal/built-in.a
  CC [M]  drivers/gpu/drm/nouveau/nvkm/nvfw/hs.o
  CC [M]  drivers/net/wireless/intel/iwlwifi/mvm/sf.o
  CC [M]  fs/f2fs/namei.o
  CC [M]  fs/f2fs/hash.o
  CC [M]  drivers/media/mc/mc-request.o
  CC [M]  net/sunrpc/auth_gss/gss_krb5_mech.o
  CC [M]  drivers/gpu/drm/amd/amdgpu/amdgpu_psp.o
  CC [M]  fs/ceph/file.o
  CC [M]  fs/btrfs/ctree.o
  CC [M]  drivers/gpu/drm/nouveau/nvkm/nvfw/ls.o
  CC [M]  drivers/gpu/drm/i915/gt/uc/intel_guc_rc.o
  CC [M]  drivers/gpu/drm/i915/gt/uc/intel_guc_slpc.o
  LD [M]  drivers/net/ethernet/intel/libeth/libeth.o
  CC [M]  drivers/net/ethernet/intel/e1000/e1000_main.o
  CC [M]  drivers/media/mc/mc-dev-allocator.o
  CC [M]  drivers/net/wireless/intel/iwlwifi/mvm/scan.o
  CC [M]  net/sunrpc/auth_gss/gss_krb5_seal.o
  CC [M]  drivers/gpu/drm/nouveau/nvkm/nvfw/acr.o
  CC [M]  fs/f2fs/super.o
  CC [M]  fs/f2fs/inline.o
  CC [M]  drivers/scsi/mpt3sas/mpt3sas_transport.o
  LD [M]  drivers/media/mc/mc.o
  CC [M]  drivers/gpu/drm/i915/gt/uc/intel_guc_submission.o
  CC [M]  drivers/media/v4l2-core/v4l2-async.o
  CC [M]  drivers/gpu/drm/nouveau/nvkm/nvfw/flcn.o
  CC [M]  net/sunrpc/auth_gss/gss_krb5_unseal.o
  CC [M]  drivers/gpu/drm/amd/amdgpu/psp_v3_1.o
  CC [M]  fs/ceph/locks.o
  CC [M]  drivers/gpu/drm/nouveau/nvkm/falcon/base.o
  CC [M]  drivers/scsi/mpt3sas/mpt3sas_ctl.o
  CC [M]  drivers/scsi/mpt3sas/mpt3sas_trigger_diag.o
  CC [M]  drivers/media/v4l2-core/v4l2-fwnode.o
  CC [M]  drivers/gpu/drm/amd/amdgpu/psp_v10_0.o
  CC [M]  net/sunrpc/auth_gss/gss_krb5_wrap.o
  CC [M]  fs/btrfs/extent-tree.o
  CC [M]  drivers/net/wireless/intel/iwlwifi/mvm/time-event.o
  CC [M]  fs/ceph/addr.o
  CC [M]  drivers/net/ethernet/intel/e1000/e1000_hw.o
  CC [M]  drivers/net/wireless/intel/iwlwifi/mvm/rs.o
  CC [M]  drivers/gpu/drm/nouveau/nvkm/falcon/cmdq.o
  CC [M]  drivers/gpu/drm/amd/amdgpu/psp_v11_0.o
  CC [M]  net/sunrpc/auth_gss/gss_krb5_crypto.o
  CC [M]  drivers/media/v4l2-core/v4l2-dv-timings.o
  CC [M]  drivers/gpu/drm/nouveau/nvkm/falcon/fw.o
  CC [M]  drivers/gpu/drm/nouveau/nvkm/falcon/msgq.o
  CC [M]  drivers/gpu/drm/i915/gt/uc/intel_huc.o
  CC [M]  drivers/gpu/drm/amd/amdgpu/psp_v11_0_8.o
  CC [M]  drivers/scsi/mpt3sas/mpt3sas_warpdrive.o
  LD [M]  net/sunrpc/auth_gss/auth_rpcgss.o
  LD [M]  net/sunrpc/auth_gss/rpcsec_gss_krb5.o
  CC [M]  net/sunrpc/xprtrdma/transport.o
  CC [M]  net/sunrpc/xprtrdma/rpc_rdma.o
  CC [M]  drivers/gpu/drm/nouveau/nvkm/falcon/qmgr.o
  CC [M]  drivers/media/v4l2-core/v4l2-dev.o
  CC [M]  drivers/gpu/drm/i915/gt/uc/intel_huc_debugfs.o
  CC [M]  drivers/scsi/mpt3sas/mpt3sas_debugfs.o
  CC [M]  drivers/gpu/drm/amd/amdgpu/psp_v12_0.o
  CC [M]  drivers/net/ethernet/intel/e1000/e1000_ethtool.o
  CC [M]  fs/ceph/ioctl.o
  CC [M]  drivers/net/wireless/intel/iwlwifi/mvm/rs-fw.o
  CC [M]  drivers/gpu/drm/nouveau/nvkm/falcon/v1.o
  CC [M]  drivers/gpu/drm/i915/gt/uc/intel_huc_fw.o
  LD [M]  drivers/scsi/mpt3sas/mpt3sas.o
  CC [M]  drivers/scsi/mpi3mr/mpi3mr_os.o
  CC [M]  fs/btrfs/print-tree.o
  CC [M]  drivers/gpu/drm/nouveau/nvkm/falcon/gm200.o
  CC [M]  drivers/gpu/drm/amd/amdgpu/psp_v13_0.o
  CC [M]  drivers/gpu/drm/amd/amdgpu/psp_v13_0_4.o
  CC [M]  fs/ceph/export.o
  CC [M]  net/sunrpc/xprtrdma/verbs.o
  CC [M]  drivers/media/v4l2-core/v4l2-ioctl.o
  CC [M]  drivers/gpu/drm/i915/gt/uc/intel_uc.o
  CC [M]  fs/f2fs/checkpoint.o
  CC [M]  drivers/net/wireless/intel/iwlwifi/mvm/power.o
  CC [M]  drivers/gpu/drm/nouveau/nvkm/falcon/gp102.o
  CC [M]  drivers/net/ethernet/intel/e1000/e1000_param.o
  CC [M]  fs/btrfs/root-tree.o
  CC [M]  fs/btrfs/dir-item.o
  CC [M]  fs/ceph/caps.o
  CC [M]  drivers/gpu/drm/amd/amdgpu/psp_v14_0.o
  CC [M]  drivers/gpu/drm/nouveau/nvkm/falcon/tu102.o
  CC [M]  drivers/gpu/drm/i915/gt/uc/intel_uc_debugfs.o
  CC [M]  net/sunrpc/xprtrdma/frwr_ops.o
  CC [M]  drivers/gpu/drm/nouveau/nvkm/falcon/ga100.o
  CC [M]  fs/btrfs/file-item.o
  LD [M]  drivers/net/ethernet/intel/e1000/e1000.o
  CC [M]  drivers/net/ethernet/intel/e1000e/82571.o
  CC [M]  drivers/net/wireless/intel/iwlwifi/mvm/coex.o
  CC [M]  drivers/net/ethernet/intel/e1000e/ich8lan.o
  CC [M]  drivers/gpu/drm/amd/amdgpu/psp_v15_0.o
  CC [M]  drivers/scsi/mpi3mr/mpi3mr_fw.o
  CC [M]  drivers/gpu/drm/i915/gt/uc/intel_uc_fw.o
  CC [M]  fs/f2fs/gc.o
  CC [M]  drivers/gpu/drm/nouveau/nvkm/falcon/ga102.o
  CC [M]  drivers/media/v4l2-core/v4l2-device.o
  CC [M]  drivers/gpu/drm/amd/amdgpu/psp_v15_0_8.o
  CC [M]  fs/btrfs/inode-item.o
  CC [M]  fs/btrfs/disk-io.o
  CC [M]  net/sunrpc/xprtrdma/ib_client.o
  CC [M]  drivers/net/wireless/intel/iwlwifi/mvm/tt.o
  CC [M]  drivers/gpu/drm/nouveau/nvkm/subdev/acr/base.o
  CC [M]  drivers/gpu/drm/i915/gt/intel_gsc.o
  CC [M]  drivers/media/v4l2-core/v4l2-fh.o
  CC [M]  drivers/gpu/drm/amd/amdgpu/dce_v10_0.o
  CC [M]  fs/ceph/snap.o
  CC [M]  drivers/net/ethernet/intel/e1000e/80003es2lan.o
  CC [M]  fs/ceph/xattr.o
  CC [M]  drivers/gpu/drm/nouveau/nvkm/subdev/acr/lsfw.o
  CC [M]  net/sunrpc/xprtrdma/svc_rdma.o
  CC [M]  drivers/gpu/drm/i915/i915_hwmon.o
  CC [M]  drivers/scsi/mpi3mr/mpi3mr_app.o
  CC [M]  drivers/net/wireless/intel/iwlwifi/mvm/offloading.o
  CC [M]  drivers/media/v4l2-core/v4l2-event.o
  CC [M]  fs/f2fs/data.o
  CC [M]  drivers/gpu/drm/nouveau/nvkm/subdev/acr/gm200.o
  CC [M]  drivers/net/ethernet/intel/e1000e/mac.o
  CC [M]  net/sunrpc/xprtrdma/svc_rdma_backchannel.o
  CC [M]  drivers/net/ethernet/intel/e1000e/manage.o
  CC [M]  fs/ceph/quota.o
  CC [M]  drivers/gpu/drm/i915/display/hsw_ips.o
  CC [M]  drivers/media/v4l2-core/v4l2-subdev.o
  CC [M]  fs/btrfs/transaction.o
  CC [M]  drivers/gpu/drm/amd/amdgpu/amdgpu_vkms.o
  CC [M]  drivers/net/wireless/intel/iwlwifi/mvm/tdls.o
  CC [M]  drivers/gpu/drm/nouveau/nvkm/subdev/acr/gm20b.o
  CC [M]  fs/ceph/io.o
  CC [M]  drivers/scsi/mpi3mr/mpi3mr_transport.o
  CC [M]  fs/ceph/mds_client.o
  CC [M]  drivers/gpu/drm/i915/display/i9xx_display_sr.o
  CC [M]  drivers/net/ethernet/intel/e1000e/nvm.o
  CC [M]  drivers/gpu/drm/nouveau/nvkm/subdev/acr/gp102.o
  CC [M]  net/sunrpc/xprtrdma/svc_rdma_transport.o
  CC [M]  drivers/gpu/drm/amd/amdgpu/amdgpu_gfx.o
  CC [M]  drivers/gpu/drm/i915/display/i9xx_plane.o
  CC [M]  drivers/gpu/drm/i915/display/i9xx_wm.o
  CC [M]  drivers/net/wireless/intel/iwlwifi/mvm/ftm-responder.o
  CC [M]  drivers/media/v4l2-core/v4l2-common.o
  CC [M]  drivers/gpu/drm/nouveau/nvkm/subdev/acr/gp108.o
  CC [M]  fs/btrfs/inode.o
  CC [M]  drivers/net/ethernet/intel/e1000e/phy.o
  LD [M]  drivers/scsi/mpi3mr/mpi3mr.o
  CC [M]  drivers/scsi/mvsas/mv_init.o
  CC [M]  net/sunrpc/xprtrdma/svc_rdma_sendto.o
  CC [M]  drivers/gpu/drm/nouveau/nvkm/subdev/acr/gv100.o
  CC [M]  drivers/scsi/cxgbi/libcxgbi.o
  CC [M]  fs/f2fs/node.o
  CC [M]  drivers/gpu/drm/amd/amdgpu/amdgpu_rlc.o
  CC [M]  drivers/net/wireless/intel/iwlwifi/mvm/ftm-initiator.o
  CC [M]  drivers/scsi/mvsas/mv_sas.o
  CC [M]  drivers/media/v4l2-core/v4l2-ctrls-core.o
  CC [M]  drivers/gpu/drm/nouveau/nvkm/subdev/acr/gp10b.o
  CC [M]  drivers/gpu/drm/amd/amdgpu/gfx_v8_0.o
  CC [M]  drivers/gpu/drm/i915/display/intel_alpm.o
  CC [M]  drivers/net/ethernet/intel/e1000e/param.o
  CC [M]  drivers/gpu/drm/nouveau/nvkm/subdev/acr/tu102.o
  CC [M]  net/sunrpc/xprtrdma/svc_rdma_recvfrom.o
  CC [M]  drivers/scsi/mvsas/mv_64xx.o
  CC [M]  drivers/net/wireless/intel/iwlwifi/mvm/rfi.o
  CC [M]  drivers/gpu/drm/nouveau/nvkm/subdev/acr/ga100.o
  CC [M]  drivers/gpu/drm/i915/display/intel_atomic.o
  CC [M]  drivers/media/v4l2-core/v4l2-ctrls-api.o
  CC [M]  drivers/net/ethernet/intel/e1000e/ethtool.o
  CC [M]  fs/ceph/mdsmap.o
  CC [M]  drivers/net/wireless/intel/iwlwifi/mvm/mld-key.o
  CC [M]  drivers/scsi/mvsas/mv_94xx.o
  CC [M]  drivers/gpu/drm/nouveau/nvkm/subdev/acr/ga102.o
  CC [M]  net/sunrpc/xprtrdma/svc_rdma_rw.o
  CC [M]  drivers/gpu/drm/i915/display/intel_audio.o
  CC [M]  drivers/scsi/cxgbi/cxgb3i/cxgb3i.o
  CC [M]  fs/f2fs/segment.o
  CC [M]  drivers/gpu/drm/amd/amdgpu/gfx_v9_0.o
  CC [M]  drivers/gpu/drm/nouveau/nvkm/subdev/bar/base.o
  CC [M]  fs/ceph/strings.o
  CC [M]  fs/btrfs/file.o
  CC [M]  drivers/media/v4l2-core/v4l2-ctrls-request.o
  CC [M]  drivers/net/wireless/intel/iwlwifi/mvm/mld-mac.o
  LD [M]  drivers/scsi/mvsas/mvsas.o
  CC [M]  drivers/net/wireless/intel/iwlwifi/mvm/link.o
  CC [M]  drivers/net/ethernet/intel/e1000e/netdev.o
  CC [M]  fs/ceph/ceph_frag.o
  CC [M]  drivers/gpu/drm/nouveau/nvkm/subdev/bar/nv50.o
  CC [M]  drivers/gpu/drm/i915/display/intel_bios.o
  CC [M]  fs/ceph/debugfs.o
  CC [M]  drivers/media/v4l2-core/v4l2-ctrls-defs.o
  CC [M]  net/sunrpc/xprtrdma/svc_rdma_pcl.o
  CC [M]  drivers/scsi/cxgbi/cxgb4i/cxgb4i.o
  CC [M]  drivers/media/v4l2-core/v4l2-compat-ioctl32.o
  CC [M]  drivers/gpu/drm/nouveau/nvkm/subdev/bar/g84.o
  CC [M]  drivers/net/wireless/intel/iwlwifi/mvm/mld-sta.o
  CC [M]  fs/ceph/util.o
  CC [M]  drivers/gpu/drm/nouveau/nvkm/subdev/bar/gf100.o
  CC [M]  drivers/gpu/drm/nouveau/nvkm/subdev/bar/gk20a.o
  CC [M]  drivers/media/v4l2-core/v4l2-mc.o
  CC [M]  net/sunrpc/xprtrdma/module.o
  CC [M]  fs/btrfs/defrag.o
  CC [M]  fs/ceph/metric.o
  CC [M]  net/sunrpc/xprtrdma/backchannel.o
  CC [M]  drivers/gpu/drm/i915/display/intel_bo.o
  CC [M]  drivers/gpu/drm/nouveau/nvkm/subdev/bar/gm107.o
  CC [M]  drivers/net/wireless/intel/iwlwifi/mvm/mld-mac80211.o
  CC [M]  drivers/scsi/bnx2i/bnx2i_init.o
  CC [M]  fs/ceph/subvolume_metrics.o
  CC [M]  drivers/gpu/drm/amd/amdgpu/gfx_v9_4.o
  CC [M]  drivers/gpu/drm/i915/display/intel_bw.o
  CC [M]  drivers/media/v4l2-core/v4l2-trace.o
  CC [M]  drivers/gpu/drm/nouveau/nvkm/subdev/bar/gm20b.o
  CC [M]  drivers/net/ethernet/intel/igb/igb_main.o
  CC [M]  fs/btrfs/extent_map.o
  CC [M]  drivers/net/wireless/intel/iwlwifi/mvm/ptp.o
  CC [M]  drivers/scsi/bnx2i/bnx2i_hwi.o
  CC [M]  fs/ceph/cache.o
  CC [M]  drivers/gpu/drm/nouveau/nvkm/subdev/bar/tu102.o
  CC [M]  fs/f2fs/recovery.o
  CC [M]  drivers/gpu/drm/amd/amdgpu/gfx_v9_4_2.o
  CC [M]  drivers/net/ethernet/intel/e1000e/ptp.o
  CC [M]  drivers/gpu/drm/i915/display/intel_casf.o
  CC [M]  drivers/media/v4l2-core/v4l2-i2c.o
  CC [M]  drivers/gpu/drm/nouveau/nvkm/subdev/bios/base.o
  CC [M]  fs/ceph/acl.o
  CC [M]  fs/btrfs/sysfs.o
  CC [M]  drivers/net/wireless/intel/iwlwifi/mvm/time-sync.o
  CC [M]  drivers/scsi/bnx2i/bnx2i_iscsi.o
  CC [M]  fs/f2fs/shrinker.o
  CC [M]  drivers/gpu/drm/i915/display/intel_cdclk.o
  CC [M]  drivers/gpu/drm/nouveau/nvkm/subdev/bios/bit.o
  LD [M]  drivers/net/ethernet/intel/e1000e/e1000e.o
  CC [M]  drivers/gpu/drm/nouveau/nvkm/subdev/bios/boost.o
  LD [M]  drivers/media/v4l2-core/videodev.o
  CC [M]  drivers/gpu/drm/amd/amdgpu/gfx_v9_4_3.o
  CC [M]  drivers/media/dvb-core/dvbdev.o
  LD [M]  fs/ceph/ceph.o
  CC [M]  drivers/media/dvb-core/dmxdev.o
  CC [M]  fs/f2fs/extent_cache.o
  CC [M]  fs/f2fs/sysfs.o
  CC [M]  drivers/net/wireless/intel/iwlwifi/mvm/led.o
  CC [M]  drivers/gpu/drm/nouveau/nvkm/subdev/bios/conn.o
  CC [M]  drivers/scsi/bnx2i/bnx2i_sysfs.o
  CC [M]  fs/btrfs/accessors.o
  CC [M]  drivers/gpu/drm/nouveau/nvkm/subdev/bios/cstep.o
  CC [M]  fs/btrfs/xattr.o
  CC [M]  drivers/media/dvb-core/dvb_demux.o
  LD [M]  net/sunrpc/xprtrdma/rpcrdma.o
  CC [M]  drivers/media/dvb-core/dvb_ca_en50221.o
  LD [M]  drivers/scsi/bnx2i/bnx2i.o
  CC [M]  drivers/net/wireless/intel/iwlwifi/mvm/d3.o
  LD [M]  net/sunrpc/sunrpc.o
  CC [M]  fs/f2fs/debug.o
  CC [M]  drivers/scsi/be2iscsi/be_iscsi.o
  CC [M]  drivers/gpu/drm/i915/display/intel_cmtg.o
  LD [M]  drivers/net/wireless/intel/iwlwifi/iwlwifi.o
  CC [M]  net/sctp/sm_statetable.o
  CC [M]  fs/f2fs/xattr.o
  CC [M]  drivers/gpu/drm/nouveau/nvkm/subdev/bios/dcb.o
  CC [M]  drivers/net/ethernet/intel/igb/igb_ethtool.o
  CC [M]  drivers/gpu/drm/i915/display/intel_color.o
  CC [M]  drivers/gpu/drm/i915/display/intel_colorop.o
  CC [M]  fs/btrfs/ordered-data.o
  CC [M]  drivers/scsi/be2iscsi/be_main.o
  CC [M]  drivers/gpu/drm/nouveau/nvkm/subdev/bios/disp.o
  CC [M]  net/sctp/sm_statefuns.o
  CC [M]  drivers/gpu/drm/nouveau/nvkm/subdev/bios/dp.o
  CC [M]  drivers/media/dvb-core/dvb_frontend.o
  CC [M]  drivers/media/dvb-core/dvb_net.o
  CC [M]  fs/f2fs/acl.o
  CC [M]  fs/btrfs/extent_io.o
  CC [M]  drivers/gpu/drm/nouveau/nvkm/subdev/bios/extdev.o
  CC [M]  drivers/gpu/drm/amd/amdgpu/gfx_v10_0.o
  CC [M]  fs/f2fs/iostat.o
  LD [M]  drivers/net/wireless/intel/iwlwifi/mvm/iwlmvm.o
  CC [M]  drivers/gpu/drm/nouveau/nvkm/subdev/bios/fan.o
  CC [M]  drivers/media/cec/core/cec-core.o
  CC [M]  drivers/net/ethernet/intel/igb/e1000_82575.o
  AR      drivers/net/wireless/intersil/built-in.a
  AR      drivers/net/wireless/marvell/built-in.a
  AR      drivers/net/wireless/mediatek/built-in.a
  AR      drivers/net/wireless/microchip/built-in.a
  AR      drivers/net/wireless/purelifi/built-in.a
  AR      drivers/net/wireless/quantenna/built-in.a
  AR      drivers/net/wireless/ralink/built-in.a
  AR      drivers/net/wireless/realtek/built-in.a
  AR      drivers/net/wireless/rsi/built-in.a
  CC [M]  drivers/net/wireless/rsi/rsi_91x_main.o
  CC [M]  drivers/media/dvb-core/dvb_ringbuffer.o
  CC [M]  drivers/scsi/be2iscsi/be_mgmt.o
  CC [M]  drivers/gpu/drm/nouveau/nvkm/subdev/bios/gpio.o
  LD [M]  fs/f2fs/f2fs.o
  CC [M]  drivers/media/cec/core/cec-adap.o
  CC [M]  drivers/net/ethernet/intel/igb/e1000_mac.o
  CC [M]  drivers/media/cec/core/cec-api.o
  CC [M]  drivers/gpu/drm/nouveau/nvkm/subdev/bios/i2c.o
  LD [M]  drivers/media/dvb-core/dvb-core.o
  CC [M]  net/sctp/sm_sideeffect.o
  AR      drivers/net/ethernet/i825xx/built-in.a
  CC [M]  net/mac80211/main.o
  CC [M]  drivers/net/wireless/rsi/rsi_91x_core.o
  CC [M]  drivers/gpu/drm/i915/display/intel_color_pipeline.o
  CC [M]  drivers/scsi/be2iscsi/be_cmds.o
  CC [M]  drivers/gpu/drm/nouveau/nvkm/subdev/bios/iccsense.o
  CC [M]  drivers/gpu/drm/i915/display/intel_combo_phy.o
  CC [M]  drivers/gpu/drm/i915/display/intel_connector.o
  CC [M]  fs/btrfs/volumes.o
  CC [M]  drivers/media/cec/core/cec-notifier.o
  CC [M]  drivers/net/ethernet/intel/igb/e1000_nvm.o
  CC [M]  drivers/gpu/drm/nouveau/nvkm/subdev/bios/image.o
  CC [M]  drivers/net/wireless/rsi/rsi_91x_mac80211.o
  CC [M]  drivers/net/wireless/rsi/rsi_91x_mgmt.o
  CC [M]  drivers/gpu/drm/amd/amdgpu/imu_v11_0.o
  CC [M]  drivers/gpu/drm/i915/display/intel_crtc.o
  CC [M]  net/sctp/protocol.o
  CC [M]  drivers/gpu/drm/nouveau/nvkm/subdev/bios/init.o
  CC [M]  net/mac80211/status.o
  LD [M]  drivers/media/cec/core/cec.o
  LD [M]  drivers/scsi/be2iscsi/be2iscsi.o
  CC [M]  drivers/scsi/esas2r/esas2r_log.o
  AR      drivers/media/built-in.a
  CC [M]  drivers/net/ethernet/intel/igc/igc_main.o
  CC [M]  drivers/net/ethernet/intel/igb/e1000_phy.o
  CC [M]  drivers/gpu/drm/amd/amdgpu/gfx_v11_0.o
  CC [M]  drivers/net/wireless/rsi/rsi_91x_hal.o
  CC [M]  drivers/gpu/drm/i915/display/intel_crtc_state_dump.o
  CC [M]  drivers/scsi/esas2r/esas2r_disc.o
  CC [M]  drivers/gpu/drm/i915/display/intel_cursor.o
  CC [M]  net/sctp/endpointola.o
  CC [M]  drivers/gpu/drm/i915/display/intel_dbuf_bw.o
  CC [M]  drivers/net/wireless/rsi/rsi_91x_ps.o
  CC [M]  drivers/scsi/esas2r/esas2r_flash.o
  CC [M]  drivers/net/ethernet/intel/igb/e1000_mbx.o
  CC [M]  drivers/net/ethernet/intel/igb/e1000_i210.o
  CC [M]  drivers/gpu/drm/nouveau/nvkm/subdev/bios/mxm.o
  CC [M]  drivers/gpu/drm/i915/display/intel_de.o
  CC [M]  net/sctp/associola.o
  CC [M]  net/mac80211/driver-ops.o
  CC [M]  drivers/gpu/drm/i915/display/intel_display_clock_gating.o
  CC [M]  drivers/net/wireless/rsi/rsi_91x_coex.o
  CC [M]  drivers/scsi/esas2r/esas2r_init.o
  CC [M]  net/sctp/transport.o
  CC [M]  drivers/gpu/drm/nouveau/nvkm/subdev/bios/npde.o
  CC [M]  drivers/net/ethernet/intel/igb/igb_ptp.o
  CC [M]  drivers/net/ethernet/intel/igb/igb_hwmon.o
  CC [M]  fs/btrfs/async-thread.o
  CC [M]  drivers/gpu/drm/i915/display/intel_display.o
  CC [M]  drivers/net/wireless/rsi/rsi_91x_debugfs.o
  CC [M]  drivers/gpu/drm/nouveau/nvkm/subdev/bios/pcir.o
  CC [M]  drivers/scsi/esas2r/esas2r_int.o
  CC [M]  drivers/scsi/esas2r/esas2r_io.o
  CC      drivers/watchdog/watchdog_core.o
  CC [M]  fs/btrfs/ioctl.o
  CC [M]  drivers/net/ethernet/intel/igc/igc_mac.o
  CC [M]  net/mac80211/sta_info.o
  CC [M]  net/sctp/chunk.o
  CC [M]  drivers/gpu/drm/nouveau/nvkm/subdev/bios/perf.o
  CC [M]  drivers/net/ethernet/intel/igb/igb_xsk.o
  CC [M]  drivers/net/wireless/rsi/rsi_91x_sdio.o
  CC [M]  drivers/net/wireless/rsi/rsi_91x_sdio_ops.o
  CC [M]  drivers/gpu/drm/amd/amdgpu/gfx_v11_0_3.o
  CC [M]  drivers/scsi/esas2r/esas2r_ioctl.o
  CC [M]  drivers/net/ethernet/intel/igc/igc_i225.o
  CC [M]  drivers/gpu/drm/nouveau/nvkm/subdev/bios/pll.o
  CC      drivers/watchdog/watchdog_dev.o
  CC [M]  net/sctp/sm_make_chunk.o
  CC [M]  drivers/gpu/drm/amd/amdgpu/imu_v11_0_3.o
  CC [M]  net/sctp/ulpevent.o
  CC [M]  drivers/net/wireless/rsi/rsi_91x_usb.o
  CC [M]  drivers/net/ethernet/intel/igc/igc_base.o
  LD [M]  drivers/net/ethernet/intel/igb/igb.o
  CC [M]  drivers/gpu/drm/nouveau/nvkm/subdev/bios/pmu.o
  CC [M]  drivers/gpu/drm/nouveau/nvkm/subdev/bios/power_budget.o
  CC [M]  drivers/scsi/esas2r/esas2r_targdb.o
  CC [M]  drivers/watchdog/iTCO_wdt.o
  CC [M]  drivers/gpu/drm/amd/amdgpu/gfx_v12_0.o
  CC [M]  drivers/scsi/esas2r/esas2r_vda.o
  CC [M]  drivers/gpu/drm/amd/amdgpu/gfx_v12_1.o
  CC [M]  drivers/gpu/drm/nouveau/nvkm/subdev/bios/ramcfg.o
  CC      drivers/scsi/scsi_sysfs.o
  CC [M]  drivers/net/ethernet/intel/igc/igc_nvm.o
  CC [M]  drivers/net/wireless/rsi/rsi_91x_usb_ops.o
  CC [M]  drivers/watchdog/softdog.o
  CC [M]  fs/btrfs/locking.o
  CC [M]  net/sctp/inqueue.o
  CC [M]  drivers/scsi/esas2r/esas2r_main.o
  CC [M]  drivers/gpu/drm/nouveau/nvkm/subdev/bios/rammap.o
  AR      drivers/watchdog/built-in.a
  CC [M]  drivers/gpu/drm/nouveau/nvkm/subdev/bios/shadow.o
  CC [M]  drivers/net/ethernet/intel/igc/igc_phy.o
  LD [M]  drivers/net/wireless/rsi/rsi_91x.o
  LD [M]  drivers/net/wireless/rsi/rsi_sdio.o
  LD [M]  drivers/net/wireless/rsi/rsi_usb.o
  AR      drivers/net/wireless/silabs/built-in.a
  AR      drivers/net/wireless/st/built-in.a
  AR      drivers/net/wireless/ti/built-in.a
  AR      drivers/net/wireless/zydas/built-in.a
  AR      drivers/net/wireless/virtual/built-in.a
  AR      drivers/net/wireless/built-in.a
  CC [M]  drivers/net/ethernet/intel/igc/igc_diag.o
  CC [M]  net/mac80211/wep.o
  CC [M]  drivers/gpu/drm/i915/display/intel_display_conversion.o
  CC [M]  fs/btrfs/orphan.o
  CC [M]  fs/btrfs/export.o
  CC [M]  fs/btrfs/tree-log.o
  CC [M]  drivers/gpu/drm/nouveau/nvkm/subdev/bios/shadowacpi.o
  CC [M]  net/sctp/outqueue.o
  CC [M]  drivers/gpu/drm/i915/display/intel_display_driver.o
  LD [M]  drivers/scsi/esas2r/esas2r.o
  AR      drivers/scsi/built-in.a
  CC [M]  drivers/net/macvlan.o
  AR      drivers/gpu/drm/built-in.a
  CC [M]  drivers/gpu/drm/i915/display/intel_display_irq.o
  CC [M]  drivers/gpu/drm/i915/display/intel_display_params.o
  CC [M]  drivers/net/ethernet/intel/igc/igc_ethtool.o
  CC [M]  drivers/gpu/drm/nouveau/nvkm/subdev/bios/shadowof.o
  CC [M]  drivers/gpu/drm/nouveau/nvkm/subdev/bios/shadowpci.o
  CC [M]  net/mac80211/aead_api.o
  CC [M]  net/mac80211/wpa.o
  CC [M]  net/mac80211/scan.o
  CC [M]  net/mac80211/offchannel.o
  CC [M]  net/mac80211/ht.o
  CC [M]  net/sctp/ulpqueue.o
  CC [M]  drivers/gpu/drm/nouveau/nvkm/subdev/bios/shadowramin.o
  CC [M]  drivers/gpu/drm/nouveau/nvkm/subdev/bios/shadowrom.o
  CC [M]  drivers/gpu/drm/amd/amdgpu/imu_v12_0.o
  CC [M]  drivers/net/macvtap.o
  CC [M]  drivers/net/ethernet/intel/igc/igc_ptp.o
  CC [M]  drivers/net/ethernet/intel/igc/igc_dump.o
  CC [M]  drivers/gpu/drm/nouveau/nvkm/subdev/bios/timing.o
  CC [M]  drivers/gpu/drm/i915/display/intel_display_power.o
  CC      drivers/md/dm-uevent.o
  CC [M]  net/sctp/tsnmap.o
  CC [M]  drivers/gpu/drm/nouveau/nvkm/subdev/bios/therm.o
  CC [M]  net/sctp/bind_addr.o
  CC [M]  drivers/gpu/drm/nouveau/nvkm/subdev/bios/vmap.o
  CC [M]  drivers/gpu/drm/amd/amdgpu/imu_v12_1.o
  CC [M]  fs/btrfs/free-space-cache.o
  CC [M]  fs/btrfs/zlib.o
  CC [M]  drivers/net/ethernet/intel/igc/igc_tsn.o
  CC      drivers/md/dm-zone.o
  CC [M]  drivers/net/ethernet/intel/igbvf/vf.o
  CC [M]  net/mac80211/agg-tx.o
  CC [M]  net/mac80211/agg-rx.o
  CC [M]  drivers/gpu/drm/nouveau/nvkm/subdev/bios/volt.o
  CC [M]  drivers/gpu/drm/nouveau/nvkm/subdev/bios/vpstate.o
  CC [M]  drivers/gpu/drm/i915/display/intel_display_power_map.o
  CC [M]  net/sctp/socket.o
  CC [M]  drivers/gpu/drm/amd/amdgpu/amdgpu_sdma.o
  CC [M]  drivers/net/ethernet/intel/igbvf/mbx.o
  CC      drivers/md/dm-ima.o
  CC [M]  drivers/net/ethernet/intel/igc/igc_xdp.o
  CC [M]  drivers/net/ethernet/intel/igbvf/ethtool.o
  CC [M]  drivers/net/ethernet/intel/igbvf/netdev.o
  CC [M]  drivers/gpu/drm/nouveau/nvkm/subdev/bios/xpio.o
  CC [M]  net/mac80211/vht.o
  CC [M]  drivers/gpu/drm/i915/display/intel_display_power_well.o
  CC [M]  drivers/gpu/drm/amd/amdgpu/sdma_v2_4.o
  CC [M]  drivers/gpu/drm/nouveau/nvkm/subdev/bios/M0203.o
  CC [M]  drivers/gpu/drm/nouveau/nvkm/subdev/bios/M0205.o
  CC [M]  drivers/gpu/drm/nouveau/nvkm/subdev/bios/M0209.o
  LD [M]  drivers/net/ethernet/intel/igc/igc.o
  CC      drivers/md/dm.o
  CC [M]  fs/btrfs/lzo.o
  CC [M]  drivers/gpu/drm/nouveau/nvkm/subdev/bios/P0260.o
  CC [M]  drivers/net/ethernet/intel/ixgbe/ixgbe_main.o
  CC [M]  drivers/net/ethernet/intel/ixgbe/ixgbe_common.o
  CC [M]  drivers/net/mii.o
  CC [M]  drivers/net/mdio.o
  CC [M]  drivers/gpu/drm/nouveau/nvkm/subdev/bus/base.o
  LD [M]  drivers/net/ethernet/intel/igbvf/igbvf.o
  AR      drivers/accessibility/braille/built-in.a
  CC [M]  drivers/accessibility/speakup/speakup_soft.o
  CC [M]  drivers/gpu/drm/amd/amdgpu/sdma_v3_0.o
  CC [M]  fs/btrfs/zstd.o
  CC [M]  drivers/gpu/drm/i915/display/intel_display_reset.o
  CC [M]  drivers/gpu/drm/nouveau/nvkm/subdev/bus/hwsq.o
  CC [M]  net/mac80211/he.o
  CC [M]  drivers/accessibility/speakup/buffers.o
  CC [M]  drivers/gpu/drm/nouveau/nvkm/subdev/bus/nv04.o
  CC [M]  drivers/gpu/drm/nouveau/nvkm/subdev/bus/nv31.o
  CC [M]  drivers/gpu/drm/i915/display/intel_display_rpm.o
  CC [M]  fs/btrfs/compression.o
  CC      drivers/md/dm-table.o
  CC [M]  net/dns_resolver/dns_key.o
  CC [M]  drivers/accessibility/speakup/devsynth.o
  CC [M]  drivers/gpu/drm/amd/amdgpu/sdma_v4_0.o
  CC [M]  drivers/accessibility/speakup/i18n.o
  CC [M]  drivers/gpu/drm/amd/amdgpu/sdma_v4_4.o
  CC [M]  drivers/gpu/drm/i915/display/intel_display_rps.o
  CC [M]  drivers/gpu/drm/nouveau/nvkm/subdev/bus/nv50.o
  CC [M]  net/dns_resolver/dns_query.o
  CC [M]  drivers/gpu/drm/nouveau/nvkm/subdev/bus/g94.o
  CC [M]  drivers/accessibility/speakup/fakekey.o
  CC [M]  net/mac80211/s1g.o
  CC [M]  net/sctp/primitive.o
  HOSTCC  drivers/accessibility/speakup/makemapdata.o
  CC [M]  drivers/gpu/drm/i915/display/intel_display_snapshot.o
  CC [M]  drivers/gpu/drm/nouveau/nvkm/subdev/bus/gf100.o
  CC [M]  drivers/gpu/drm/i915/display/intel_display_utils.o
  CC [M]  drivers/net/ethernet/intel/ixgbevf/vf.o
  LD [M]  net/dns_resolver/dns_resolver.o
  CC [M]  drivers/net/ethernet/intel/ixgbevf/mbx.o
  CC [M]  fs/btrfs/delayed-ref.o
  CC [M]  drivers/accessibility/speakup/keyhelp.o
  CC      drivers/md/dm-target.o
  CC [M]  drivers/gpu/drm/amd/amdgpu/sdma_v4_4_2.o
  CC [M]  net/ceph/ceph_common.o
  CC [M]  drivers/gpu/drm/i915/display/intel_display_wa.o
  CC [M]  drivers/gpu/drm/nouveau/nvkm/subdev/clk/base.o
  CC [M]  drivers/accessibility/speakup/kobjects.o
  CC [M]  net/sctp/output.o
  CC [M]  net/sctp/input.o
  CC [M]  drivers/net/ethernet/intel/ixgbevf/ethtool.o
  CC [M]  net/mac80211/ibss.o
  CC      drivers/md/dm-linear.o
  CC [M]  drivers/gpu/drm/i915/display/intel_dmc.o
  CC [M]  fs/btrfs/relocation.o
  CC [M]  drivers/gpu/drm/nouveau/nvkm/subdev/clk/nv04.o
  CC [M]  drivers/accessibility/speakup/selection.o
  CC [M]  net/ceph/messenger.o
  CC      drivers/md/dm-stripe.o
  CC [M]  drivers/net/ethernet/intel/ixgbe/ixgbe_ethtool.o
  CC [M]  drivers/gpu/drm/amd/amdgpu/sdma_v5_0.o
  CC [M]  drivers/gpu/drm/amd/amdgpu/sdma_v5_2.o
  CC [M]  drivers/net/ethernet/intel/ixgbevf/ixgbevf_main.o
  CC [M]  drivers/gpu/drm/nouveau/nvkm/subdev/clk/nv40.o
  CC [M]  drivers/accessibility/speakup/spk_ttyio.o
  CC [M]  drivers/gpu/drm/i915/display/intel_dmc_wl.o
  CC [M]  net/sctp/debug.o
  CC      drivers/md/dm-ioctl.o
  CC [M]  net/mac80211/iface.o
  CC [M]  drivers/gpu/drm/nouveau/nvkm/subdev/clk/nv50.o
  CC [M]  drivers/accessibility/speakup/synth.o
  CC [M]  drivers/gpu/drm/i915/display/intel_dpio_phy.o
  CC [M]  net/sctp/stream.o
  CC [M]  net/sctp/auth.o
  CC [M]  drivers/gpu/drm/amd/amdgpu/sdma_v6_0.o
  CC [M]  drivers/gpu/drm/nouveau/nvkm/subdev/clk/g84.o
  CC [M]  drivers/accessibility/speakup/thread.o
  CC      drivers/md/dm-io.o
  CC [M]  net/ceph/msgpool.o
  CC [M]  drivers/net/ethernet/intel/ixgbe/ixgbe_82599.o
  CC [M]  fs/btrfs/delayed-inode.o
  CC [M]  drivers/gpu/drm/i915/display/intel_dpll.o
  CC [M]  drivers/gpu/drm/nouveau/nvkm/subdev/clk/gt215.o
  CC [M]  drivers/gpu/drm/nouveau/nvkm/subdev/clk/mcp77.o
  CC [M]  drivers/accessibility/speakup/varhandlers.o
  CC [M]  net/sctp/offload.o
  CC [M]  net/ceph/buffer.o
  CC [M]  drivers/net/ethernet/intel/ixgbevf/ipsec.o
  CC [M]  net/mac80211/link.o
  CC      drivers/md/dm-kcopyd.o
  HOSTLD  drivers/accessibility/speakup/makemapdata
  CC [M]  drivers/gpu/drm/amd/amdgpu/sdma_v7_0.o
  CC [M]  net/mac80211/rate.o
  CC [M]  drivers/gpu/drm/nouveau/nvkm/subdev/clk/gf100.o
  CC [M]  drivers/net/ethernet/intel/ixgbe/ixgbe_82598.o
  CC [M]  net/sctp/stream_sched.o
  MKMAP   drivers/accessibility/speakup/mapdata.h
  HOSTCC  drivers/accessibility/speakup/genmap.o
  CC [M]  net/ceph/pagelist.o
  HOSTLD  drivers/accessibility/speakup/genmap
  CC [M]  fs/btrfs/scrub.o
  CC [M]  drivers/gpu/drm/i915/display/intel_dpll_mgr.o
  LD [M]  drivers/net/ethernet/intel/ixgbevf/ixgbevf.o
  CC      drivers/md/dm-sysfs.o
  CC [M]  drivers/gpu/drm/nouveau/nvkm/subdev/clk/gk104.o
  GENMAP  drivers/accessibility/speakup/speakupmap.h
  CC [M]  drivers/accessibility/speakup/main.o
  CC [M]  drivers/gpu/drm/nouveau/nvkm/subdev/clk/gk20a.o
  CC [M]  drivers/net/ethernet/intel/ixgbe/ixgbe_phy.o
  CC [M]  net/ceph/mon_client.o
  CC [M]  net/sctp/stream_sched_prio.o
  CC      drivers/md/dm-stats.o
  CC [M]  net/mac80211/tkip.o
  CC [M]  drivers/gpu/drm/amd/amdgpu/sdma_v7_1.o
  CC      drivers/edac/edac_mc.o
  CC [M]  drivers/gpu/drm/nouveau/nvkm/subdev/clk/gm20b.o
  CC      drivers/opp/core.o
  LD [M]  drivers/accessibility/speakup/speakup.o
  CC [M]  net/sctp/stream_sched_rr.o
  AR      drivers/accessibility/built-in.a
  CC [M]  fs/erofs/super.o
  CC [M]  drivers/net/ethernet/intel/ixgbe/ixgbe_sriov.o
  CC      drivers/md/dm-rq.o
  CC [M]  net/ceph/decode.o
  CC [M]  drivers/gpu/drm/nouveau/nvkm/subdev/clk/gp10b.o
  CC [M]  fs/btrfs/backref.o
  CC      drivers/edac/edac_device.o
  CC [M]  drivers/gpu/drm/i915/display/intel_dpt.o
  CC [M]  drivers/gpu/drm/amd/amdgpu/amdgpu_mes.o
  CC [M]  net/sctp/stream_sched_fc.o
  CC [M]  drivers/gpu/drm/nouveau/nvkm/subdev/clk/gk20a_devfreq.o
  CC [M]  net/ceph/cls_lock_client.o
  CC [M]  net/mac80211/aes_cmac.o
  CC      drivers/md/dm-io-rewind.o
  CC      drivers/opp/cpu.o
  CC [M]  fs/erofs/inode.o
  CC [M]  drivers/gpu/drm/i915/display/intel_dram.o
  CC      drivers/edac/edac_mc_sysfs.o
  CC [M]  drivers/net/ethernet/intel/ixgbe/ixgbe_mbx.o
  CC      drivers/md/dm-builtin.o
  CC [M]  drivers/gpu/drm/nouveau/nvkm/subdev/clk/pllnv04.o
  CC [M]  net/sctp/stream_interleave.o
  CC [M]  net/mac80211/aes_gmac.o
  CC      drivers/opp/debugfs.o
  CC [M]  drivers/gpu/drm/amd/amdgpu/mes_v11_0.o
  CC [M]  fs/erofs/data.o
  CC      drivers/edac/edac_module.o
  CC [M]  net/ceph/osd_client.o
  CC [M]  fs/btrfs/ulist.o
  CC [M]  drivers/gpu/drm/i915/display/intel_drrs.o
  AR      drivers/opp/built-in.a
  CC [M]  drivers/gpu/drm/i915/display/intel_dsb.o
  CC [M]  drivers/gpu/drm/nouveau/nvkm/subdev/clk/pllgt215.o
  CC [M]  drivers/net/ethernet/intel/ixgbe/ixgbe_x540.o
  CC      drivers/md/dm-bufio.o
  CC [M]  fs/btrfs/qgroup.o
  CC [M]  net/mac80211/fils_aead.o
  CC [M]  fs/erofs/namei.o
  CC      drivers/edac/edac_device_sysfs.o
  CC [M]  drivers/gpu/drm/nouveau/nvkm/subdev/devinit/base.o
  CC [M]  net/sctp/proc.o
  CC [M]  net/sctp/sysctl.o
  CC [M]  drivers/gpu/drm/amd/amdgpu/mes_v12_0.o
  CC [M]  drivers/net/ethernet/intel/ixgbe/ixgbe_x550.o
  CC [M]  fs/erofs/dir.o
  CC [M]  net/mac80211/cfg.o
  CC      drivers/edac/wq.o
  CC [M]  drivers/gpu/drm/i915/display/intel_fb.o
  CC [M]  drivers/gpu/drm/nouveau/nvkm/subdev/devinit/nv04.o
  CC [M]  fs/erofs/sysfs.o
  CC      drivers/md/dm-verity-fec.o
  CC      drivers/edac/edac_pci.o
  CC [M]  net/sctp/ipv6.o
  CC [M]  fs/erofs/xattr.o
  CC [M]  drivers/gpu/drm/nouveau/nvkm/subdev/devinit/nv05.o
  LD [M]  drivers/gpu/drm/drm_shmem_helper.o
  CC [M]  fs/erofs/decompressor.o
  CC [M]  drivers/gpu/drm/amd/amdgpu/mes_v12_1.o
  CC      drivers/md/dm-verity-target.o
  CC [M]  drivers/net/ethernet/intel/ixgbe/ixgbe_lib.o
  CC      drivers/edac/edac_pci_sysfs.o
  CC [M]  fs/btrfs/send.o
  CC [M]  drivers/gpu/drm/nouveau/nvkm/subdev/devinit/nv10.o
  CC [M]  drivers/net/ethernet/intel/i40e/i40e_main.o
  CC [M]  drivers/gpu/drm/i915/display/intel_fbc.o
  CC [M]  net/sctp/diag.o
  CC [M]  fs/erofs/zmap.o
  CC [M]  net/ceph/osdmap.o
  CC [M]  drivers/edac/mce_amd.o
  CC [M]  drivers/gpu/drm/nouveau/nvkm/subdev/devinit/nv1a.o
  CC [M]  drivers/net/ethernet/intel/ixgbe/ixgbe_ptp.o
  CC [M]  drivers/md/md-linear.o
  CC [M]  fs/erofs/zdata.o
  LD [M]  net/sctp/sctp.o
  CC [M]  drivers/gpu/drm/nouveau/nvkm/subdev/devinit/nv20.o
  LD [M]  net/sctp/sctp_diag.o
  CC [M]  drivers/gpu/drm/nouveau/nvkm/subdev/devinit/nv50.o
  CC [M]  drivers/edac/i5100_edac.o
  CC [M]  drivers/gpu/drm/amd/amdgpu/mes_userqueue.o
  CC [M]  drivers/md/raid0.o
  CC [M]  drivers/gpu/drm/i915/display/intel_fdi.o
  CC [M]  drivers/net/ethernet/intel/ixgbe/ixgbe_xsk.o
  CC [M]  drivers/net/ethernet/intel/ixgbe/ixgbe_e610.o
  CC [M]  net/mac80211/ethtool.o
  CC [M]  drivers/gpu/drm/nouveau/nvkm/subdev/devinit/g84.o
  CC [M]  fs/erofs/zutil.o
  CC [M]  drivers/edac/i5400_edac.o
  CC [M]  drivers/md/raid1.o
  CC [M]  drivers/gpu/drm/amd/amdgpu/amdgpu_uvd.o
  CC [M]  drivers/gpu/drm/nouveau/nvkm/subdev/devinit/g98.o
  CC [M]  fs/erofs/fileio.o
  CC [M]  net/ceph/crush/crush.o
  CC [M]  drivers/edac/i7300_edac.o
  CC [M]  drivers/gpu/drm/i915/display/intel_fifo_underrun.o
  CC [M]  drivers/gpu/drm/i915/display/intel_flipq.o
  CC [M]  fs/btrfs/dev-replace.o
  CC [M]  net/ceph/crush/mapper.o
  CC [M]  net/mac80211/rx.o
  CC [M]  drivers/gpu/drm/nouveau/nvkm/subdev/devinit/gt215.o
  LD [M]  fs/erofs/erofs.o
  CC [M]  drivers/gpu/drm/nouveau/nvkm/subdev/devinit/mcp89.o
  CC [M]  drivers/gpu/drm/amd/amdgpu/uvd_v5_0.o
  CC [M]  drivers/net/ethernet/intel/ixgbe/devlink/devlink.o
  CC [M]  net/ceph/crush/hash.o
  CC [M]  drivers/edac/i7core_edac.o
  CC [M]  net/ceph/striper.o
  CC [M]  net/ceph/debugfs.o
  CC [M]  net/ceph/auth.o
  CC [M]  drivers/gpu/drm/i915/display/intel_frontbuffer.o
  CC [M]  drivers/gpu/drm/nouveau/nvkm/subdev/devinit/gf100.o
  CC [M]  fs/btrfs/raid56.o
  CC [M]  fs/btrfs/uuid-tree.o
  CC [M]  drivers/net/ethernet/intel/ixgbe/ixgbe_fw_update.o
  CC [M]  drivers/gpu/drm/nouveau/nvkm/subdev/devinit/gm107.o
  CC [M]  net/ceph/auth_none.o
  CC [M]  drivers/gpu/drm/amd/amdgpu/uvd_v6_0.o
  CC [M]  drivers/md/raid10.o
  CC [M]  drivers/gpu/drm/i915/display/intel_global_state.o
  CC [M]  drivers/edac/sb_edac.o
  CC [M]  drivers/edac/e752x_edac.o
  CC [M]  net/ceph/crypto.o
  CC [M]  drivers/gpu/drm/nouveau/nvkm/subdev/devinit/gm200.o
  CC [M]  drivers/net/ethernet/intel/ixgbe/devlink/region.o
  CC [M]  net/ceph/armor.o
  CC [M]  drivers/net/ethernet/intel/ixgbe/ixgbe_dcb.o
  CC [M]  drivers/gpu/drm/i915/display/intel_hdcp.o
  CC [M]  net/ceph/auth_x.o
  CC [M]  net/ceph/ceph_strings.o
  CC [M]  drivers/gpu/drm/amd/amdgpu/uvd_v7_0.o
  CC [M]  fs/btrfs/props.o
  CC [M]  drivers/gpu/drm/nouveau/nvkm/subdev/devinit/gv100.o
  CC [M]  drivers/edac/i82975x_edac.o
  CC [M]  drivers/gpu/drm/nouveau/nvkm/subdev/devinit/tu102.o
  CC [M]  drivers/net/ethernet/intel/ixgbe/ixgbe_dcb_82598.o
  CC [M]  drivers/gpu/drm/nouveau/nvkm/subdev/devinit/ga100.o
  CC [M]  drivers/net/netconsole.o
  CC [M]  drivers/net/ethernet/intel/i40e/i40e_ethtool.o
  CC [M]  drivers/edac/i3000_edac.o
  CC [M]  net/mac80211/spectmgmt.o
  CC [M]  net/ceph/ceph_hash.o
  CC [M]  fs/btrfs/free-space-tree.o
  CC [M]  net/ceph/pagevec.o
  CC [M]  drivers/gpu/drm/nouveau/nvkm/subdev/devinit/r535.o
  CC [M]  drivers/net/ethernet/intel/ixgbe/ixgbe_dcb_82599.o
  CC [M]  drivers/gpu/drm/i915/display/intel_hdcp_gsc_message.o
  CC [M]  drivers/gpu/drm/amd/amdgpu/amdgpu_vce.o
  CC [M]  drivers/edac/i3200_edac.o
  CC [M]  drivers/gpu/drm/amd/amdgpu/vce_v3_0.o
  CC [M]  drivers/gpu/drm/nouveau/nvkm/subdev/fault/base.o
  CC [M]  drivers/md/raid5.o
  CC [M]  net/mac80211/tx.o
  CC [M]  net/ceph/snapshot.o
  CC [M]  net/ceph/string_table.o
  CC [M]  drivers/edac/x38_edac.o
  CC [M]  fs/btrfs/tree-checker.o
  CC [M]  drivers/net/ethernet/intel/ixgbe/ixgbe_dcb_nl.o
  CC [M]  drivers/gpu/drm/nouveau/nvkm/subdev/fault/user.o
  CC [M]  drivers/gpu/drm/i915/display/intel_hotplug.o
  CC [M]  drivers/net/ethernet/intel/ixgbe/ixgbe_sysfs.o
  CC [M]  fs/btrfs/space-info.o
  CC [M]  drivers/gpu/drm/amd/amdgpu/vce_v4_0.o
  CC [M]  net/ceph/messenger_v1.o
  CC [M]  drivers/edac/amd64_edac.o
  CC [M]  drivers/gpu/drm/nouveau/nvkm/subdev/fault/gp100.o
  CC [M]  drivers/net/ethernet/intel/i40e/i40e_adminq.o
  CC [M]  drivers/net/ethernet/intel/i40e/i40e_common.o
  CC [M]  drivers/net/ethernet/intel/ixgbe/ixgbe_debugfs.o
  CC [M]  drivers/gpu/drm/nouveau/nvkm/subdev/fault/gp10b.o
  CC [M]  drivers/gpu/drm/i915/display/intel_hotplug_irq.o
  CC [M]  drivers/gpu/drm/amd/amdgpu/amdgpu_vcn.o
  CC [M]  drivers/gpu/drm/nouveau/nvkm/subdev/fault/gv100.o
  CC [M]  fs/btrfs/block-rsv.o
  CC [M]  net/ceph/messenger_v2.o
  CC [M]  drivers/gpu/drm/i915/display/intel_hti.o
  CC [M]  drivers/gpu/drm/nouveau/nvkm/subdev/fault/tu102.o
  CC [M]  drivers/edac/skx_base.o
  CC [M]  drivers/net/ethernet/intel/ixgbe/ixgbe_fcoe.o
  CC [M]  drivers/gpu/drm/nouveau/nvkm/subdev/fb/base.o
  CC [M]  drivers/edac/skx_common.o
  CC [M]  drivers/gpu/drm/i915/display/intel_initial_plane.o
  CC [M]  drivers/gpu/drm/nouveau/nvkm/subdev/fb/nv04.o
  CC [M]  drivers/gpu/drm/nouveau/nvkm/subdev/fb/nv10.o
  CC [M]  fs/btrfs/delalloc-space.o
  CC [M]  drivers/gpu/drm/amd/amdgpu/vcn_sw_ring.o
  CC [M]  drivers/net/ethernet/intel/i40e/i40e_hmc.o
  CC [M]  drivers/net/ethernet/intel/i40e/i40e_lan_hmc.o
  CC [M]  drivers/net/ethernet/intel/ixgbe/ixgbe_ipsec.o
  CC [M]  drivers/net/ethernet/intel/i40e/i40e_nvm.o
  CC [M]  drivers/net/tun.o
  CC [M]  drivers/gpu/drm/nouveau/nvkm/subdev/fb/nv1a.o
  CC [M]  drivers/gpu/drm/nouveau/nvkm/subdev/fb/nv20.o
  CC [M]  drivers/gpu/drm/i915/display/intel_link_bw.o
  AR      drivers/edac/built-in.a
  LD [M]  drivers/edac/edac_mce_amd.o
  LD [M]  drivers/edac/skx_edac.o
  LD [M]  drivers/edac/skx_edac_common.o
  CC [M]  drivers/gpu/drm/nouveau/nvkm/subdev/fb/nv25.o
  CC [M]  fs/btrfs/block-group.o
  CC [M]  drivers/gpu/drm/amd/amdgpu/vcn_v1_0.o
  CC [M]  fs/btrfs/discard.o
  CC      drivers/cpufreq/cpufreq.o
  CC [M]  net/mac80211/key.o
  CC [M]  drivers/gpu/drm/nouveau/nvkm/subdev/fb/nv30.o
  LD [M]  net/ceph/libceph.o
  CC [M]  drivers/net/ethernet/intel/i40e/i40e_debugfs.o
  CC [M]  drivers/gpu/drm/i915/display/intel_load_detect.o
  LD [M]  drivers/gpu/drm/drm_suballoc_helper.o
  CC [M]  drivers/gpu/drm/nouveau/nvkm/subdev/fb/nv35.o
  LD [M]  drivers/net/ethernet/intel/ixgbe/ixgbe.o
  CC [M]  drivers/gpu/drm/nouveau/nvkm/subdev/fb/nv36.o
  CC [M]  drivers/md/raid5-cache.o
  CC [M]  drivers/net/ethernet/intel/iavf/iavf_main.o
  CC [M]  net/mac80211/util.o
  CC [M]  net/mac80211/parse.o
  CC [M]  drivers/gpu/drm/i915/display/intel_lpe_audio.o
  CC [M]  drivers/gpu/drm/nouveau/nvkm/subdev/fb/nv40.o
  CC [M]  drivers/gpu/drm/amd/amdgpu/vcn_v2_0.o
  CC [M]  drivers/net/ethernet/intel/i40e/i40e_diag.o
  CC [M]  fs/btrfs/reflink.o
  CC [M]  drivers/gpu/drm/i915/display/intel_mchbar.o
  CC [M]  drivers/gpu/drm/nouveau/nvkm/subdev/fb/nv41.o
  CC      drivers/cpufreq/freq_table.o
  CC [M]  drivers/net/tap.o
  CC [M]  drivers/net/ethernet/intel/i40e/i40e_txrx.o
  CC      drivers/cpufreq/cpufreq_stats.o
  CC [M]  drivers/gpu/drm/i915/display/intel_modeset_lock.o
  CC      drivers/cpufreq/cpufreq_performance.o
  CC [M]  drivers/gpu/drm/nouveau/nvkm/subdev/fb/nv44.o
  CC [M]  drivers/md/raid5-ppl.o
  AR      drivers/net/ethernet/microsoft/built-in.a
  AR      drivers/net/ethernet/litex/built-in.a
  CC [M]  drivers/net/ethernet/microsoft/mana/gdma_main.o
  CC [M]  drivers/net/ethernet/microsoft/mana/shm_channel.o
  CC [M]  fs/btrfs/subpage.o
  CC      drivers/cpufreq/cpufreq_governor.o
  CC [M]  drivers/gpu/drm/i915/display/intel_modeset_setup.o
  CC [M]  drivers/gpu/drm/nouveau/nvkm/subdev/fb/nv46.o
  CC      drivers/cpufreq/cpufreq_governor_attr_set.o
  CC [M]  drivers/net/ethernet/intel/iavf/iavf_ethtool.o
  CC [M]  drivers/net/ethernet/intel/iavf/iavf_virtchnl.o
  CC [M]  drivers/md/md.o
  CC [M]  drivers/gpu/drm/nouveau/nvkm/subdev/fb/nv47.o
  CC [M]  drivers/gpu/drm/i915/display/intel_modeset_verify.o
  CC      drivers/cpufreq/amd-pstate.o
  CC [M]  drivers/net/geneve.o
  CC [M]  net/mac80211/wme.o
  CC [M]  fs/btrfs/tree-mod-log.o
  CC [M]  drivers/gpu/drm/amd/amdgpu/vcn_v2_5.o
  CC [M]  drivers/gpu/drm/nouveau/nvkm/subdev/fb/nv49.o
  CC [M]  drivers/net/ethernet/intel/i40e/i40e_ptp.o
  CC [M]  drivers/net/ethernet/microsoft/mana/hw_channel.o
  CC [M]  drivers/gpu/drm/i915/display/intel_overlay.o
  CC [M]  drivers/gpu/drm/i915/display/intel_parent.o
  CC [M]  drivers/gpu/drm/nouveau/nvkm/subdev/fb/nv4e.o
  CC [M]  fs/btrfs/extent-io-tree.o
  CC [M]  net/mac80211/chan.o
  CC [M]  drivers/net/ethernet/intel/iavf/iavf_fdir.o
  CC [M]  drivers/net/ethernet/microsoft/mana/mana_en.o
  CC [M]  drivers/net/ethernet/microsoft/mana/mana_ethtool.o
  CC [M]  drivers/net/ethernet/intel/i40e/i40e_ddp.o
  CC [M]  drivers/gpu/drm/nouveau/nvkm/subdev/fb/nv50.o
  CC [M]  drivers/gpu/drm/i915/display/intel_pch.o
  CC      drivers/cpufreq/amd-pstate-trace.o
  CC [M]  drivers/net/vrf.o
  CC [M]  drivers/gpu/drm/nouveau/nvkm/subdev/fb/g84.o
  CC [M]  drivers/net/ethernet/intel/iavf/iavf_adv_rss.o
  CC [M]  drivers/gpu/drm/i915/display/intel_pch_display.o
  CC      drivers/cpufreq/intel_pstate.o
  CC [M]  fs/btrfs/fs.o
  CC [M]  drivers/gpu/drm/i915/display/intel_pch_refclk.o
  CC [M]  drivers/net/ethernet/intel/i40e/i40e_client.o
  CC [M]  drivers/gpu/drm/nouveau/nvkm/subdev/fb/gt215.o
  CC [M]  drivers/gpu/drm/amd/amdgpu/vcn_v3_0.o
  CC [M]  fs/btrfs/messages.o
  CC [M]  drivers/net/ethernet/intel/iavf/iavf_txrx.o
  CC [M]  drivers/net/ethernet/intel/iavf/iavf_common.o
  CC [M]  drivers/gpu/drm/i915/display/intel_plane.o
  CC [M]  drivers/gpu/drm/nouveau/nvkm/subdev/fb/mcp77.o
  CC [M]  fs/btrfs/bio.o
  CC [M]  net/mac80211/ap.o
  CC [M]  fs/btrfs/lru_cache.o
  CC [M]  drivers/net/ethernet/microsoft/mana/mana_bpf.o
  CC [M]  drivers/md/md-bitmap.o
  CC [M]  drivers/net/ethernet/intel/iavf/iavf_adminq.o
  CC [M]  drivers/cpufreq/cpufreq_powersave.o
  CC [M]  drivers/net/ethernet/intel/i40e/i40e_virtchnl_pf.o
  CC      drivers/cpuidle/cpuidle.o
  CC [M]  drivers/gpu/drm/nouveau/nvkm/subdev/fb/mcp89.o
  LD [M]  drivers/net/ethernet/microsoft/mana/mana.o
  CC [M]  drivers/gpu/drm/nouveau/nvkm/subdev/fb/gf100.o
  CC [M]  drivers/cpufreq/cpufreq_userspace.o
  CC [M]  fs/btrfs/raid-stripe-tree.o
  CC [M]  drivers/gpu/drm/i915/display/intel_pmdemand.o
  CC [M]  drivers/cpufreq/cpufreq_ondemand.o
  CC [M]  net/mac80211/trace.o
  CC [M]  drivers/cpufreq/cpufreq_conservative.o
  CC [M]  drivers/net/ethernet/intel/fm10k/fm10k_main.o
  CC [M]  drivers/net/ethernet/intel/iavf/iavf_ptp.o
  CC [M]  drivers/gpu/drm/nouveau/nvkm/subdev/fb/gf108.o
  CC      drivers/cpuidle/driver.o
  CC [M]  drivers/gpu/drm/nouveau/nvkm/subdev/fb/gk104.o
  CC [M]  drivers/md/dm-bio-prison-v1.o
  CC [M]  fs/btrfs/fiemap.o
  CC [M]  drivers/cpufreq/acpi-cpufreq.o
  CC [M]  fs/btrfs/direct-io.o
  CC [M]  drivers/gpu/drm/amd/amdgpu/vcn_v4_0.o
  CC [M]  drivers/gpu/drm/i915/display/intel_psr.o
  CC      drivers/cpuidle/governor.o
  LD [M]  drivers/net/ethernet/intel/iavf/iavf.o
  CC [M]  drivers/md/dm-bio-prison-v2.o
  CC [M]  drivers/gpu/drm/nouveau/nvkm/subdev/fb/gk110.o
  CC [M]  drivers/gpu/drm/amd/amdgpu/vcn_v4_0_3.o
  AR      drivers/mmc/host/built-in.a
  CC      drivers/cpuidle/sysfs.o
  CC [M]  drivers/mmc/host/sdhci.o
  CC [M]  drivers/net/ethernet/intel/fm10k/fm10k_common.o
  CC [M]  drivers/cpufreq/pcc-cpufreq.o
  CC [M]  drivers/net/ethernet/intel/i40e/i40e_xsk.o
  CC [M]  fs/btrfs/acl.o
  CC [M]  drivers/gpu/drm/nouveau/nvkm/subdev/fb/gk20a.o
  CC      drivers/cpuidle/governors/ladder.o
  CC [M]  drivers/md/dm-crypt.o
  CC [M]  drivers/cpufreq/amd_freq_sensitivity.o
  CC [M]  drivers/net/ethernet/intel/fm10k/fm10k_pci.o
  CC      drivers/cpuidle/governors/menu.o
  CC [M]  fs/btrfs/zoned.o
  CC [M]  drivers/gpu/drm/nouveau/nvkm/subdev/fb/gm107.o
  AR      drivers/cpufreq/built-in.a
  CC [M]  drivers/gpu/drm/nouveau/nvkm/subdev/fb/gm200.o
  CC      drivers/cpuidle/governors/haltpoll.o
  CC [M]  drivers/net/ethernet/intel/i40e/i40e_devlink.o
  CC [M]  drivers/gpu/drm/nouveau/nvkm/subdev/fb/gm20b.o
  AR      drivers/ufs/built-in.a
  CC [M]  drivers/ufs/core/ufshcd.o
  AR      drivers/cpuidle/governors/built-in.a
  CC      drivers/cpuidle/poll_state.o
  CC [M]  drivers/gpu/drm/i915/display/intel_quirks.o
  CC      drivers/cpuidle/cpuidle-haltpoll.o
  CC [M]  drivers/net/ethernet/intel/fm10k/fm10k_netdev.o
  CC [M]  drivers/net/ethernet/intel/fm10k/fm10k_ethtool.o
  CC [M]  drivers/mmc/host/sdhci-uhs2.o
  AR      drivers/cpuidle/built-in.a
  AR      fs/built-in.a
  AR      drivers/net/ethernet/marvell/octeon_ep/built-in.a
  AR      drivers/net/ethernet/marvell/octeon_ep_vf/built-in.a
  AR      drivers/net/ethernet/marvell/octeontx2/built-in.a
  AR      drivers/net/ethernet/marvell/prestera/built-in.a
  CC [M]  drivers/net/ethernet/marvell/skge.o
  CC [M]  drivers/gpu/drm/nouveau/nvkm/subdev/fb/gp100.o
  CC [M]  drivers/gpu/drm/i915/display/intel_rom.o
  CC [M]  drivers/md/dm-delay.o
  LD [M]  fs/btrfs/btrfs.o
  CC [M]  drivers/net/ethernet/intel/i40e/i40e_dcb.o
  CC [M]  drivers/gpu/drm/amd/amdgpu/vcn_v4_0_5.o
  CC [M]  drivers/gpu/drm/nouveau/nvkm/subdev/fb/gp102.o
  CC [M]  drivers/gpu/drm/amd/amdgpu/vcn_v5_0_0.o
  CC [M]  drivers/net/ethernet/intel/fm10k/fm10k_pf.o
  CC [M]  drivers/md/dm-flakey.o
  CC [M]  drivers/gpu/drm/i915/display/intel_sbi.o
  CC [M]  drivers/gpu/drm/i915/display/intel_sprite.o
  CC [M]  drivers/mmc/host/sdhci-pci-core.o
  CC [M]  drivers/gpu/drm/nouveau/nvkm/subdev/fb/gp10b.o
  CC [M]  drivers/ufs/core/ufs-sysfs.o
  CC [M]  drivers/net/ethernet/intel/i40e/i40e_dcb_nl.o
  CC [M]  drivers/md/dm-path-selector.o
  CC [M]  drivers/net/ethernet/marvell/sky2.o
  CC [M]  drivers/gpu/drm/nouveau/nvkm/subdev/fb/gv100.o
  CC [M]  drivers/net/ethernet/intel/fm10k/fm10k_vf.o
  CC [M]  drivers/mmc/host/sdhci-pci-o2micro.o
  CC [M]  drivers/gpu/drm/nouveau/nvkm/subdev/fb/tu102.o
  CC [M]  drivers/md/dm-mpath.o
  CC [M]  drivers/net/ethernet/intel/fm10k/fm10k_mbx.o
  CC [M]  drivers/gpu/drm/i915/display/intel_sprite_uapi.o
  CC [M]  net/openvswitch/actions.o
  LD [M]  drivers/net/ethernet/intel/i40e/i40e.o
  CC [M]  drivers/mmc/host/sdhci-pci-arasan.o
  CC [M]  drivers/gpu/drm/nouveau/nvkm/subdev/fb/ga100.o
  AR      net/built-in.a
  CC [M]  net/nsh/nsh.o
  CC [M]  drivers/net/vsockmon.o
  CC [M]  drivers/gpu/drm/i915/display/intel_tc.o
  CC [M]  drivers/gpu/drm/amd/amdgpu/vcn_v5_0_1.o
  CC [M]  drivers/mmc/host/sdhci-pci-dwc-mshc.o
  CC [M]  drivers/net/ethernet/intel/fm10k/fm10k_iov.o
  CC [M]  drivers/gpu/drm/nouveau/nvkm/subdev/fb/ga102.o
  CC [M]  drivers/md/dm-ps-round-robin.o
  CC [M]  drivers/gpu/drm/amd/amdgpu/vcn_v5_0_2.o
  CC [M]  drivers/ufs/core/ufs-mcq.o
  CC [M]  drivers/mmc/host/sdhci-pci-gli.o
  CC [M]  drivers/mmc/host/sdhci-acpi.o
  CC [M]  drivers/md/dm-ps-queue-length.o
  CC [M]  net/openvswitch/datapath.o
  AR      drivers/net/ethernet/marvell/built-in.a
  CC [M]  drivers/ufs/host/ufshcd-pci.o
  CC [M]  drivers/gpu/drm/nouveau/nvkm/subdev/fb/gh100.o
  CC [M]  drivers/net/ethernet/intel/fm10k/fm10k_tlv.o
  CC [M]  drivers/gpu/drm/i915/display/intel_vblank.o
  CC [M]  drivers/ufs/core/ufs-txeq.o
  CC [M]  drivers/md/dm-ps-service-time.o
  CC [M]  drivers/md/dm-ps-historical-service-time.o
  CC [M]  drivers/gpu/drm/nouveau/nvkm/subdev/fb/gb100.o
  CC [M]  net/mac80211/mlme.o
  CC [M]  drivers/mmc/host/cqhci-core.o
  CC [M]  drivers/ufs/host/ufshcd-pltfrm.o
  CC [M]  drivers/net/ethernet/intel/fm10k/fm10k_debugfs.o
  CC      drivers/firmware/dmi_scan.o
  CC [M]  drivers/gpu/drm/i915/display/intel_vga.o
  CC [M]  drivers/md/dm-ps-io-affinity.o
  CC [M]  drivers/gpu/drm/nouveau/nvkm/subdev/fb/gb202.o
  CC [M]  drivers/gpu/drm/nouveau/nvkm/subdev/fb/r535.o
  CC [M]  drivers/ufs/core/ufs-debugfs.o
  CC [M]  drivers/gpu/drm/amd/amdgpu/amdgpu_jpeg.o
  CC [M]  drivers/net/ethernet/intel/fm10k/fm10k_dcbnl.o
  CC [M]  drivers/gpu/drm/nouveau/nvkm/subdev/fb/ram.o
  CC [M]  drivers/md/dm-snap.o
  CC [M]  net/openvswitch/dp_notify.o
  LD [M]  drivers/mmc/host/sdhci-pci.o
  CC [M]  drivers/gpu/drm/i915/display/intel_wm.o
  LD [M]  drivers/mmc/host/cqhci.o
  CC [M]  drivers/mmc/core/core.o
  CC      drivers/firmware/dmi-id.o
  AR      drivers/mmc/built-in.a
  CC [M]  drivers/gpu/drm/nouveau/nvkm/subdev/fb/ramnv04.o
  CC [M]  drivers/md/dm-exception-store.o
  LD [M]  drivers/ufs/core/ufshcd-core.o
  CC [M]  drivers/mmc/core/bus.o
  CC [M]  drivers/mmc/core/host.o
  LD [M]  drivers/net/ethernet/intel/fm10k/fm10k.o
  AR      drivers/net/ethernet/intel/built-in.a
  CC      drivers/firmware/memmap.o
  AR      drivers/net/ethernet/mellanox/built-in.a
  CC [M]  drivers/net/ethernet/mellanox/mlx4/alloc.o
  CC [M]  drivers/gpu/drm/i915/display/skl_prefill.o
  CC [M]  drivers/gpu/drm/amd/amdgpu/jpeg_v1_0.o
  CC [M]  drivers/gpu/drm/nouveau/nvkm/subdev/fb/ramnv10.o
  CC [M]  net/openvswitch/flow.o
  CC [M]  drivers/net/ethernet/mellanox/mlx4/catas.o
  CC [M]  drivers/net/ethernet/mellanox/mlx4/cmd.o
  CC      drivers/firmware/sysfb.o
  CC [M]  drivers/md/dm-snap-transient.o
  CC [M]  drivers/gpu/drm/i915/display/skl_scaler.o
  CC [M]  net/mac80211/tdls.o
  CC [M]  drivers/gpu/drm/nouveau/nvkm/subdev/fb/ramnv1a.o
  CC [M]  drivers/gpu/drm/nouveau/nvkm/subdev/fb/ramnv20.o
  CC [M]  drivers/md/dm-snap-persistent.o
  CC [M]  drivers/mmc/core/mmc.o
  CC [M]  drivers/gpu/drm/amd/amdgpu/jpeg_v2_0.o
  AR      drivers/firmware/arm_ffa/built-in.a
  AR      drivers/net/ethernet/meta/built-in.a
  AR      drivers/crypto/stm32/built-in.a
  AR      drivers/crypto/inside-secure/eip93/built-in.a
  CC [M]  drivers/gpu/drm/i915/display/skl_universal_plane.o
  AR      drivers/crypto/inside-secure/built-in.a
  AR      drivers/crypto/xilinx/built-in.a
  AR      drivers/crypto/hisilicon/built-in.a
  AR      drivers/firmware/arm_scmi/built-in.a
  AR      drivers/crypto/intel/keembay/built-in.a
  AR      drivers/firmware/broadcom/built-in.a
  AR      drivers/crypto/intel/ixp4xx/built-in.a
  AR      drivers/crypto/intel/built-in.a
  AR      drivers/firmware/cirrus/test/built-in.a
  AR      drivers/crypto/starfive/built-in.a
  AR      drivers/firmware/cirrus/built-in.a
  AR      drivers/crypto/cavium/built-in.a
  AR      drivers/firmware/meson/built-in.a
  AR      drivers/firmware/microchip/built-in.a
  AR      drivers/crypto/ti/built-in.a
  CC      drivers/firmware/efi/efi.o
  CC [M]  drivers/crypto/virtio/virtio_crypto_skcipher_algs.o
  CC [M]  drivers/gpu/drm/nouveau/nvkm/subdev/fb/ramnv40.o
  CC [M]  net/openvswitch/flow_netlink.o
  CC [M]  drivers/md/dm-raid1.o
  CC [M]  drivers/md/dm-log.o
  CC [M]  drivers/gpu/drm/nouveau/nvkm/subdev/fb/ramnv41.o
  CC [M]  drivers/crypto/virtio/virtio_crypto_akcipher_algs.o
  CC [M]  drivers/gpu/drm/amd/amdgpu/jpeg_v2_5.o
  CC [M]  drivers/mmc/core/mmc_ops.o
  CC      drivers/firmware/efi/vars.o
  CC [M]  net/mac80211/ocb.o
  CC [M]  drivers/gpu/drm/nouveau/nvkm/subdev/fb/ramnv44.o
  CC [M]  drivers/net/ethernet/mellanox/mlx4/cq.o
  CC [M]  drivers/crypto/virtio/virtio_crypto_mgr.o
  CC [M]  drivers/md/dm-region-hash.o
  CC [M]  net/mac80211/airtime.o
  CC      drivers/firmware/efi/reboot.o
  CC [M]  drivers/crypto/virtio/virtio_crypto_core.o
  CC [M]  drivers/gpu/drm/amd/amdgpu/jpeg_v3_0.o
  CC [M]  drivers/mmc/core/sd.o
  CC [M]  drivers/gpu/drm/nouveau/nvkm/subdev/fb/ramnv49.o
  CC      drivers/firmware/efi/memattr.o
  CC [M]  drivers/md/dm-zero.o
  CC      drivers/firmware/efi/tpm.o
  CC [M]  drivers/gpu/drm/i915/display/skl_watermark.o
  CC [M]  drivers/net/ethernet/mellanox/mlx4/eq.o
  CC [M]  drivers/gpu/drm/nouveau/nvkm/subdev/fb/ramnv4e.o
  LD [M]  drivers/crypto/virtio/virtio_crypto.o
  CC [M]  drivers/gpu/drm/nouveau/nvkm/subdev/fb/ramnv50.o
  AR      drivers/crypto/built-in.a
  CC [M]  net/openvswitch/flow_table.o
  CC [M]  net/openvswitch/meter.o
  CC [M]  net/openvswitch/openvswitch_trace.o
  CC [M]  drivers/md/dm-raid.o
  CC [M]  drivers/gpu/drm/amd/amdgpu/jpeg_v4_0.o
  CC [M]  drivers/mmc/core/sd_ops.o
  CC [M]  net/mac80211/eht.o
  CC      drivers/firmware/efi/memmap.o
  CC [M]  net/mac80211/uhr.o
  CC [M]  drivers/mmc/core/sdio.o
  CC [M]  net/mac80211/nan.o
  CC      drivers/firmware/efi/esrt.o
  CC [M]  net/openvswitch/vport.o
  CC [M]  drivers/gpu/drm/amd/amdgpu/jpeg_v4_0_3.o
  CC [M]  drivers/gpu/drm/nouveau/nvkm/subdev/fb/ramgt215.o
  CC [M]  drivers/net/ethernet/mellanox/mlx4/fw.o
  CC [M]  drivers/net/ethernet/mellanox/mlx4/fw_qos.o
  CC      drivers/firmware/efi/efi-pstore.o
  AR      drivers/net/ethernet/microchip/built-in.a
  CC [M]  net/openvswitch/vport-internal_dev.o
  CC [M]  drivers/mmc/core/sdio_ops.o
  CC [M]  drivers/md/dm-thin.o
  CC      drivers/firmware/efi/cper.o
  CC [M]  drivers/gpu/drm/i915/display/vlv_clock.o
  CC [M]  drivers/mmc/core/sdio_bus.o
  CC [M]  net/mac80211/led.o
  CC [M]  drivers/gpu/drm/amd/amdgpu/jpeg_v4_0_5.o
  CC [M]  net/openvswitch/vport-netdev.o
  CC [M]  drivers/gpu/drm/amd/amdgpu/jpeg_v5_0_0.o
  CC [M]  drivers/gpu/drm/amd/amdgpu/jpeg_v5_0_1.o
  CC [M]  drivers/gpu/drm/amd/amdgpu/jpeg_v5_0_2.o
  CC [M]  drivers/gpu/drm/i915/display/vlv_sideband.o
  CC [M]  drivers/mmc/core/sdio_cis.o
  CC [M]  drivers/gpu/drm/nouveau/nvkm/subdev/fb/rammcp77.o
  CC      drivers/firmware/efi/cper_cxl.o
  CC [M]  drivers/net/ethernet/mellanox/mlx4/icm.o
  CC [M]  drivers/md/dm-thin-metadata.o
  CC [M]  drivers/mmc/core/sdio_io.o
  CC      drivers/firmware/efi/runtime-wrappers.o
  CC [M]  net/mac80211/pm.o
  CC [M]  drivers/mmc/core/sdio_irq.o
  CC [M]  drivers/gpu/drm/nouveau/nvkm/subdev/fb/ramgf100.o
  CC [M]  drivers/gpu/drm/i915/display/intel_acpi.o
  CC [M]  drivers/gpu/drm/nouveau/nvkm/subdev/fb/ramgf108.o
  AR      drivers/firmware/imx/built-in.a
  CC [M]  drivers/gpu/drm/amd/amdgpu/jpeg_v5_3_0.o
  CC [M]  drivers/gpu/drm/nouveau/nvkm/subdev/fb/ramgk104.o
  CC [M]  net/openvswitch/conntrack.o
  CC [M]  drivers/net/ethernet/mellanox/mlx4/intf.o
  CC      drivers/firmware/efi/sysfb_efi.o
  CC [M]  drivers/md/persistent-data/dm-array.o
  CC [M]  drivers/net/ethernet/mellanox/mlx4/main.o
  CC [M]  drivers/net/ethernet/mellanox/mlx4/mcg.o
  CC [M]  drivers/mmc/core/sd_uhs2.o
  CC [M]  drivers/gpu/drm/i915/display/intel_opregion.o
  CC [M]  drivers/gpu/drm/amd/amdgpu/amdgpu_vpe.o
  CC      drivers/firmware/efi/earlycon.o
  CC [M]  drivers/mmc/core/slot-gpio.o
  CC [M]  drivers/md/persistent-data/dm-bitset.o
  CC [M]  drivers/md/persistent-data/dm-block-manager.o
  CC [M]  net/mac80211/rc80211_minstrel_ht.o
  CC [M]  net/mac80211/wbrf.o
  CC [M]  drivers/gpu/drm/i915/display/intel_fbdev.o
  CC [M]  net/openvswitch/vport-vxlan.o
  CC      drivers/firmware/efi/cper-x86.o
  AR      drivers/net/ethernet/mucse/built-in.a
  CC [M]  drivers/md/persistent-data/dm-space-map-common.o
  CC [M]  drivers/gpu/drm/amd/amdgpu/vpe_v6_1.o
  CC [M]  drivers/gpu/drm/amd/amdgpu/vpe_v2_0.o
  CC [M]  drivers/mmc/core/regulator.o
  CC [M]  drivers/gpu/drm/amd/amdgpu/amdgpu_umsch_mm.o
  CC      drivers/firmware/efi/unaccepted_memory.o
  CC [M]  drivers/net/ethernet/mellanox/mlx4/mr.o
  CC [M]  drivers/gpu/drm/i915/display/intel_display_debugfs.o
  CC [M]  net/openvswitch/vport-geneve.o
  CC [M]  drivers/md/persistent-data/dm-space-map-disk.o
  CC      drivers/firmware/efi/libstub/alignedmem.o
  CC      drivers/firmware/efi/libstub/bitmap.o
  CC [M]  drivers/mmc/core/debugfs.o
  AR      drivers/firmware/efi/built-in.a
  CC [M]  drivers/mmc/core/block.o
  CC [M]  drivers/gpu/drm/nouveau/nvkm/subdev/fb/ramgm107.o
  CC [M]  drivers/gpu/drm/nouveau/nvkm/subdev/fb/ramgm200.o
  CC [M]  drivers/gpu/drm/i915/display/intel_display_debugfs_params.o
  CC [M]  drivers/gpu/drm/amd/amdgpu/umsch_mm_v4_0.o
  LD [M]  net/mac80211/mac80211.o
  CC      drivers/firmware/efi/libstub/efi-stub-helper.o
  CC [M]  drivers/md/persistent-data/dm-space-map-metadata.o
  CC [M]  drivers/net/ethernet/mellanox/mlx4/pd.o
  CC      drivers/firmware/efi/libstub/file.o
  CC      drivers/clocksource/acpi_pm.o
  CC [M]  net/openvswitch/vport-gre.o
  CC [M]  drivers/gpu/drm/i915/display/intel_pipe_crc.o
  CC [M]  drivers/gpu/drm/i915/display/dvo_ch7017.o
  CC [M]  drivers/gpu/drm/nouveau/nvkm/subdev/fb/ramgp100.o
  CC [M]  drivers/md/persistent-data/dm-transaction-manager.o
  CC      drivers/dca/dca-core.o
  CC      drivers/firmware/efi/libstub/find.o
  CC      drivers/firmware/efi/libstub/gop.o
  CC [M]  drivers/gpu/drm/amd/amdgpu/athub_v1_0.o
  AR      drivers/firmware/psci/built-in.a
  CC      drivers/clocksource/i8253.o
  AR      drivers/firmware/qcom/built-in.a
  AR      drivers/hid/built-in.a
  CC [M]  drivers/hid/hid-core.o
  CC [M]  drivers/gpu/drm/nouveau/nvkm/subdev/fb/ramgp102.o
  CC [M]  drivers/mmc/core/queue.o
  CC      drivers/dca/dca-sysfs.o
  LD [M]  net/openvswitch/openvswitch.o
  CC      drivers/firmware/efi/libstub/lib-cmdline.o
  CC [M]  drivers/net/ethernet/mellanox/mlx4/port.o
  CC [M]  drivers/md/persistent-data/dm-btree.o
  CC      drivers/firmware/efi/libstub/lib-ctype.o
  CC [M]  drivers/gpu/drm/i915/display/dvo_ch7xxx.o
  CC      drivers/firmware/efi/libstub/mem.o
  CC      drivers/firmware/efi/libstub/pci.o
  CC [M]  drivers/net/ethernet/mellanox/mlx4/profile.o
  CC      drivers/clocksource/dw_apb_timer.o
  CC [M]  drivers/gpu/drm/amd/amdgpu/athub_v2_0.o
  AR      drivers/dca/built-in.a
  CC      drivers/clocksource/hyperv_timer.o
  CC [M]  drivers/gpu/drm/nouveau/nvkm/subdev/fb/sddr2.o
  AR      drivers/net/ethernet/myricom/built-in.a
  CC [M]  drivers/net/ethernet/myricom/myri10ge/myri10ge.o
  LD [M]  drivers/mmc/core/mmc_core.o
  CC      drivers/firmware/efi/libstub/printk.o
  LD [M]  drivers/mmc/core/mmc_block.o
  CC [M]  drivers/gpu/drm/nouveau/nvkm/subdev/fb/sddr3.o
  CC [M]  drivers/gpu/drm/nouveau/nvkm/subdev/fb/gddr3.o
  CC [M]  drivers/gpu/drm/i915/display/dvo_ivch.o
  CC [M]  drivers/gpu/drm/i915/display/dvo_ns2501.o
  CC [M]  drivers/md/persistent-data/dm-btree-remove.o
  CC [M]  drivers/gpu/drm/i915/display/dvo_sil164.o
  CC      drivers/firmware/efi/libstub/random.o
  CC [M]  drivers/gpu/drm/amd/amdgpu/athub_v2_1.o
  AR      drivers/clocksource/built-in.a
  CC      drivers/firmware/efi/libstub/randomalloc.o
  CC      drivers/firmware/efi/libstub/secureboot.o
  CC [M]  drivers/gpu/drm/nouveau/nvkm/subdev/fb/gddr5.o
  CC [M]  drivers/hid/hid-input.o
  CC [M]  drivers/hid/hid-quirks.o
  AR      drivers/net/ethernet/nvidia/built-in.a
  CC [M]  drivers/net/ethernet/nvidia/forcedeth.o
  AR      drivers/net/ethernet/qlogic/built-in.a
  CC [M]  drivers/net/ethernet/qlogic/netxen/netxen_nic_hw.o
  CC      drivers/firmware/efi/libstub/skip_spaces.o
  AR      drivers/net/ethernet/qualcomm/emac/built-in.a
  AR      drivers/net/ethernet/qualcomm/built-in.a
  AR      drivers/md/built-in.a
  CC      drivers/firmware/efi/libstub/smbios.o
  LD [M]  drivers/md/linear.o
  CC [M]  drivers/gpu/drm/i915/display/dvo_tfp410.o
  CC [M]  drivers/net/ethernet/qlogic/qed/qed_chain.o
  CC [M]  drivers/net/ethernet/mellanox/mlx4/qp.o
  CC [M]  drivers/md/persistent-data/dm-btree-spine.o
  CC [M]  drivers/gpu/drm/amd/amdgpu/athub_v3_0.o
  CC [M]  drivers/gpu/drm/nouveau/nvkm/subdev/fuse/base.o
  CC      drivers/firmware/efi/libstub/tpm.o
  CC [M]  drivers/gpu/drm/amd/amdgpu/athub_v4_1_0.o
  LD [M]  drivers/md/persistent-data/dm-persistent-data.o
  LD [M]  drivers/md/raid456.o
  LD [M]  drivers/md/md-mod.o
  CC [M]  drivers/gpu/drm/i915/display/g4x_dp.o
  LD [M]  drivers/md/dm-bio-prison.o
  LD [M]  drivers/md/dm-multipath.o
  LD [M]  drivers/md/dm-round-robin.o
  LD [M]  drivers/md/dm-queue-length.o
  LD [M]  drivers/md/dm-service-time.o
  LD [M]  drivers/md/dm-historical-service-time.o
  CC [M]  drivers/gpu/drm/nouveau/nvkm/subdev/fuse/nv50.o
  LD [M]  drivers/md/dm-io-affinity.o
  LD [M]  drivers/md/dm-snapshot.o
  LD [M]  drivers/md/dm-mirror.o
  CC      drivers/firmware/efi/libstub/unaccepted_memory.o
  LD [M]  drivers/md/dm-thin-pool.o
  CC [M]  drivers/net/ethernet/qlogic/qed/qed_cxt.o
  CC [M]  drivers/net/ethernet/mellanox/mlx4/reset.o
  CC [M]  drivers/net/ethernet/mellanox/mlx4/sense.o
  CC [M]  drivers/gpu/drm/amd/amdgpu/smuio_v9_0.o
  CC [M]  drivers/gpu/drm/amd/amdgpu/smuio_v11_0.o
  CC [M]  drivers/gpu/drm/nouveau/nvkm/subdev/fuse/gf100.o
  CC      drivers/firmware/efi/libstub/vsprintf.o
  CC [M]  drivers/net/ethernet/qlogic/netxen/netxen_nic_main.o
  CC [M]  drivers/net/ethernet/qlogic/netxen/netxen_nic_init.o
  CC [M]  drivers/hid/hid-debug.o
  CC      drivers/firmware/efi/libstub/x86-5lvl.o
  CC [M]  drivers/hid/hidraw.o
  CC [M]  drivers/net/ethernet/mellanox/mlx4/srq.o
  CC [M]  drivers/net/ethernet/mellanox/mlx4/resource_tracker.o
  CC [M]  drivers/gpu/drm/nouveau/nvkm/subdev/fuse/gm107.o
  CC [M]  drivers/gpu/drm/amd/amdgpu/smuio_v11_0_6.o
  CC [M]  drivers/gpu/drm/i915/display/g4x_hdmi.o
  CC      drivers/firmware/efi/libstub/x86-stub.o
  CC [M]  drivers/net/ethernet/mellanox/mlx4/crdump.o
  CC [M]  drivers/net/ethernet/qlogic/qed/qed_dcbx.o
  CC [M]  drivers/gpu/drm/nouveau/nvkm/subdev/gpio/base.o
  CC [M]  drivers/gpu/drm/nouveau/nvkm/subdev/gpio/nv10.o
  CC [M]  drivers/gpu/drm/nouveau/nvkm/subdev/gpio/nv50.o
  CC [M]  drivers/hid/hid-generic.o
  CC [M]  drivers/gpu/drm/amd/amdgpu/smuio_v13_0.o
  STUBCPY drivers/firmware/efi/libstub/alignedmem.stub.o
  STUBCPY drivers/firmware/efi/libstub/bitmap.stub.o
  STUBCPY drivers/firmware/efi/libstub/efi-stub-helper.stub.o
  STUBCPY drivers/firmware/efi/libstub/file.stub.o
  STUBCPY drivers/firmware/efi/libstub/find.stub.o
  STUBCPY drivers/firmware/efi/libstub/gop.stub.o
  STUBCPY drivers/firmware/efi/libstub/lib-cmdline.stub.o
  STUBCPY drivers/firmware/efi/libstub/lib-ctype.stub.o
  STUBCPY drivers/firmware/efi/libstub/mem.stub.o
  STUBCPY drivers/firmware/efi/libstub/pci.stub.o
  STUBCPY drivers/firmware/efi/libstub/printk.stub.o
  STUBCPY drivers/firmware/efi/libstub/random.stub.o
  STUBCPY drivers/firmware/efi/libstub/randomalloc.stub.o
  STUBCPY drivers/firmware/efi/libstub/secureboot.stub.o
  STUBCPY drivers/firmware/efi/libstub/skip_spaces.stub.o
  CC [M]  drivers/net/ethernet/mellanox/mlx5/core/main.o
  STUBCPY drivers/firmware/efi/libstub/smbios.stub.o
  STUBCPY drivers/firmware/efi/libstub/tpm.stub.o
  STUBCPY drivers/firmware/efi/libstub/unaccepted_memory.stub.o
  STUBCPY drivers/firmware/efi/libstub/vsprintf.stub.o
  STUBCPY drivers/firmware/efi/libstub/x86-5lvl.stub.o
  STUBCPY drivers/firmware/efi/libstub/x86-stub.stub.o
  AR      drivers/firmware/efi/libstub/lib.a
  AR      drivers/firmware/samsung/built-in.a
  AR      drivers/firmware/smccc/built-in.a
  CC [M]  drivers/gpu/drm/i915/display/icl_dsi.o
  AR      drivers/firmware/tegra/built-in.a
  AR      drivers/firmware/xilinx/built-in.a
  AR      drivers/firmware/built-in.a
  CC [M]  drivers/net/ethernet/qlogic/netxen/netxen_nic_ethtool.o
  CC [M]  drivers/net/ethernet/mellanox/mlxsw/core.o
  AR      drivers/net/ethernet/realtek/built-in.a
  CC [M]  drivers/net/ethernet/realtek/8139cp.o
  CC [M]  drivers/net/ethernet/realtek/8139too.o
  CC [M]  drivers/gpu/drm/nouveau/nvkm/subdev/gpio/g94.o
  CC [M]  drivers/gpu/drm/amd/amdgpu/smuio_v13_0_3.o
  CC [M]  drivers/hid/hid-a4tech.o
  CC [M]  drivers/hid/hid-apple.o
  CC [M]  drivers/net/ethernet/qlogic/qed/qed_debug.o
  CC [M]  drivers/gpu/drm/nouveau/nvkm/subdev/gpio/gf119.o
  CC [M]  drivers/net/ethernet/qlogic/qed/qed_dev.o
  CC [M]  drivers/gpu/drm/amd/amdgpu/smuio_v13_0_6.o
  CC [M]  drivers/net/ethernet/qlogic/netxen/netxen_nic_ctx.o
  CC [M]  drivers/hid/hid-belkin.o
  CC [M]  drivers/net/ethernet/mellanox/mlx4/en_main.o
  CC [M]  drivers/gpu/drm/nouveau/nvkm/subdev/gpio/gk104.o
  CC [M]  drivers/gpu/drm/nouveau/nvkm/subdev/gpio/ga102.o
  CC [M]  drivers/net/ethernet/realtek/r8169_main.o
  CC [M]  drivers/gpu/drm/i915/display/intel_backlight.o
  CC [M]  drivers/gpu/drm/amd/amdgpu/smuio_v14_0_2.o
  CC [M]  drivers/hid/hid-cherry.o
  CC [M]  drivers/net/ethernet/mellanox/mlxsw/core_acl_flex_keys.o
  LD [M]  drivers/net/ethernet/qlogic/netxen/netxen_nic.o
  CC [M]  drivers/net/ethernet/mellanox/mlxsw/core_acl_flex_actions.o
  CC [M]  drivers/gpu/drm/nouveau/nvkm/subdev/fsp/base.o
  CC [M]  drivers/net/ethernet/mellanox/mlx4/en_tx.o
  CC [M]  drivers/net/ethernet/mellanox/mlx5/core/cmd.o
  CC [M]  drivers/hid/hid-ezkey.o
  CC [M]  drivers/net/ethernet/qlogic/qed/qed_devlink.o
  CC [M]  drivers/gpu/drm/amd/amdgpu/smuio_v15_0_0.o
  CC [M]  drivers/net/ethernet/qlogic/qed/qed_hw.o
  CC [M]  drivers/gpu/drm/nouveau/nvkm/subdev/fsp/gh100.o
  CC [M]  drivers/hid/hid-hyperv.o
  CC [M]  drivers/gpu/drm/i915/display/intel_crt.o
  CC [M]  drivers/gpu/drm/i915/display/intel_cx0_phy.o
  AR      drivers/net/ethernet/renesas/built-in.a
  CC [M]  drivers/net/ethernet/qlogic/qed/qed_init_fw_funcs.o
  CC [M]  drivers/gpu/drm/amd/amdgpu/smuio_v15_0_8.o
  CC [M]  drivers/net/ethernet/mellanox/mlxsw/core_env.o
  CC [M]  drivers/gpu/drm/nouveau/nvkm/subdev/fsp/gb100.o
  CC [M]  drivers/net/ethernet/mellanox/mlxsw/core_linecards.o
  CC [M]  drivers/net/ethernet/mellanox/mlx4/en_rx.o
  CC [M]  drivers/hid/hid-lg.o
  CC [M]  drivers/gpu/drm/nouveau/nvkm/subdev/fsp/gb202.o
  CC [M]  drivers/gpu/drm/amd/amdgpu/amdgpu_reset.o
  CC [M]  drivers/net/ethernet/mellanox/mlxsw/core_linecard_dev.o
  CC [M]  drivers/net/ethernet/qlogic/qed/qed_init_ops.o
  CC [M]  drivers/net/ethernet/realtek/r8169_firmware.o
  CC [M]  drivers/net/ethernet/mellanox/mlxsw/core_hwmon.o
  CC [M]  drivers/gpu/drm/nouveau/nvkm/subdev/gsp/base.o
  CC [M]  drivers/net/ethernet/mellanox/mlx5/core/debugfs.o
  CC [M]  drivers/net/ethernet/realtek/r8169_phy_config.o
  CC [M]  drivers/hid/hid-lg-g15.o
  CC [M]  drivers/gpu/drm/amd/amdgpu/mca_v3_0.o
  CC [M]  drivers/net/ethernet/mellanox/mlx4/en_ethtool.o
  CC [M]  drivers/net/ethernet/mellanox/mlx4/en_port.o
  CC [M]  drivers/gpu/drm/i915/display/intel_ddi.o
  CC [M]  drivers/net/ethernet/qlogic/qed/qed_int.o
  CC [M]  drivers/gpu/drm/nouveau/nvkm/subdev/gsp/fwsec.o
  AR      drivers/net/ethernet/rocker/built-in.a
  CC [M]  drivers/net/ethernet/rocker/rocker_main.o
  CC [M]  drivers/net/ethernet/rocker/rocker_tlv.o
  CC [M]  drivers/gpu/drm/amd/amdgpu/amdgpu_amdkfd.o
  CC [M]  drivers/hid/hid-logitech-dj.o
  CC [M]  drivers/net/ethernet/mellanox/mlxsw/core_thermal.o
  CC [M]  drivers/gpu/drm/nouveau/nvkm/subdev/gsp/gv100.o
  LD [M]  drivers/net/ethernet/realtek/r8169.o
  CC [M]  drivers/net/ethernet/mellanox/mlx5/core/fw.o
  CC [M]  drivers/net/ethernet/mellanox/mlx5/core/eq.o
  CC [M]  drivers/net/ethernet/mellanox/mlx5/core/uar.o
  CC [M]  drivers/net/ethernet/mellanox/mlx4/en_cq.o
  CC [M]  drivers/gpu/drm/nouveau/nvkm/subdev/gsp/tu102.o
  CC [M]  drivers/net/ethernet/qlogic/qed/qed_l2.o
  CC [M]  drivers/gpu/drm/nouveau/nvkm/subdev/gsp/tu116.o
  CC [M]  drivers/hid/hid-logitech-hidpp.o
  CC [M]  drivers/gpu/drm/amd/amdgpu/amdgpu_userq.o
  CC [M]  drivers/net/ethernet/mellanox/mlxsw/pci.o
  CC [M]  drivers/net/ethernet/rocker/rocker_ofdpa.o
  CC [M]  drivers/gpu/drm/nouveau/nvkm/subdev/gsp/ga100.o
  CC [M]  drivers/net/ethernet/qlogic/qed/qed_main.o
  CC [M]  drivers/net/ethernet/mellanox/mlx4/en_resources.o
  CC [M]  drivers/net/ethernet/mellanox/mlx4/en_netdev.o
  CC [M]  drivers/net/ethernet/mellanox/mlx4/en_selftest.o
  CC [M]  drivers/gpu/drm/i915/display/intel_ddi_buf_trans.o
  CC [M]  drivers/gpu/drm/nouveau/nvkm/subdev/gsp/ga102.o
  CC [M]  drivers/net/ethernet/mellanox/mlx5/core/pagealloc.o
  CC [M]  drivers/gpu/drm/amd/amdgpu/amdgpu_cgs.o
  CC [M]  drivers/net/ethernet/mellanox/mlx5/core/health.o
  CC [M]  drivers/hid/hid-microsoft.o
  CC [M]  drivers/hid/hid-monterey.o
  CC [M]  drivers/net/ethernet/mellanox/mlx4/en_clock.o
  LD [M]  drivers/net/ethernet/rocker/rocker.o
  CC [M]  drivers/gpu/drm/nouveau/nvkm/subdev/gsp/gh100.o
  CC [M]  drivers/gpu/drm/nouveau/nvkm/subdev/gsp/ad102.o
  CC [M]  drivers/gpu/drm/i915/display/intel_display_device.o
  CC [M]  drivers/net/ethernet/qlogic/qed/qed_mcp.o
  CC [M]  drivers/net/ethernet/qlogic/qed/qed_mng_tlv.o
  CC [M]  drivers/gpu/drm/amd/amdgpu/amdgpu_job.o
  CC [M]  drivers/hid/usbhid/hid-core.o
  CC [M]  drivers/hid/usbhid/hiddev.o
  CC [M]  drivers/gpu/drm/nouveau/nvkm/subdev/gsp/gb100.o
  CC [M]  drivers/gpu/drm/nouveau/nvkm/subdev/gsp/gb202.o
  CC [M]  drivers/gpu/drm/nouveau/nvkm/subdev/gsp/rm/client.o
  CC [M]  drivers/net/ethernet/mellanox/mlxsw/i2c.o
  CC [M]  drivers/net/ethernet/mellanox/mlx4/en_dcb_nl.o
  CC [M]  drivers/net/ethernet/mellanox/mlx5/core/mcg.o
  CC [M]  drivers/gpu/drm/i915/display/intel_display_trace.o
  CC [M]  drivers/gpu/drm/i915/display/intel_dkl_phy.o
  CC [M]  drivers/net/ethernet/mellanox/mlxfw/mlxfw_fsm.o
  CC [M]  drivers/gpu/drm/i915/display/intel_dp.o
  CC [M]  drivers/gpu/drm/nouveau/nvkm/subdev/gsp/rm/engine.o
  CC [M]  drivers/gpu/drm/amd/amdgpu/amdgpu_ioc32.o
  CC [M]  drivers/gpu/drm/nouveau/nvkm/subdev/gsp/rm/gr.o
  CC [M]  drivers/gpu/drm/i915/display/intel_dp_aux.o
  LD [M]  drivers/net/ethernet/mellanox/mlx4/mlx4_core.o
  LD [M]  drivers/net/ethernet/mellanox/mlx4/mlx4_en.o
  CC [M]  drivers/gpu/drm/i915/display/intel_dp_aux_backlight.o
  LD [M]  drivers/hid/usbhid/usbhid.o
  LD [M]  drivers/hid/hid.o
  LD [M]  drivers/hid/hid-logitech.o
  CC [M]  drivers/net/ethernet/qlogic/qed/qed_ptp.o
  CC [M]  drivers/gpu/drm/amd/amdgpu/amdgpu_acpi.o
  CC [M]  drivers/gpu/drm/i915/display/intel_dp_hdcp.o
  AR      drivers/platform/x86/amd/built-in.a
  AR      drivers/platform/x86/dell/built-in.a
  CC [M]  drivers/platform/x86/dell/dcdbas.o
  CC [M]  drivers/net/ethernet/mellanox/mlxsw/spectrum.o
  CC [M]  drivers/net/ethernet/mellanox/mlx5/core/cq.o
  CC [M]  drivers/gpu/drm/nouveau/nvkm/subdev/gsp/rm/nvdec.o
  CC [M]  drivers/net/ethernet/mellanox/mlxfw/mlxfw_mfa2_tlv_multi.o
  CC [M]  drivers/gpu/drm/nouveau/nvkm/subdev/gsp/rm/nvenc.o
  CC [M]  drivers/net/ethernet/mellanox/mlxfw/mlxfw_mfa2.o
  CC [M]  drivers/net/ethernet/qlogic/qed/qed_selftest.o
  CC [M]  drivers/platform/x86/dell/dell_rbu.o
  CC [M]  drivers/gpu/drm/nouveau/nvkm/subdev/gsp/rm/tu1xx.o
  AR      drivers/platform/surface/built-in.a
  CC [M]  drivers/platform/x86/dell/dell-pc.o
  CC [M]  drivers/net/ethernet/qlogic/qed/qed_sp_commands.o
  CC [M]  drivers/gpu/drm/amd/amdgpu/amdgpu_hmm.o
  CC [M]  drivers/gpu/drm/amd/amdgpu/../pm/swsmu/smu11/arcturus_ppt.o
  CC [M]  drivers/gpu/drm/nouveau/nvkm/subdev/gsp/rm/ga100.o
  CC [M]  drivers/gpu/drm/nouveau/nvkm/subdev/gsp/rm/ga1xx.o
  CC [M]  drivers/gpu/drm/nouveau/nvkm/subdev/gsp/rm/ad10x.o
  CC [M]  drivers/platform/x86/dell/dell-smbios-base.o
  LD [M]  drivers/net/ethernet/mellanox/mlxfw/mlxfw.o
  CC [M]  drivers/platform/x86/dell/dell-smbios-wmi.o
  CC [M]  drivers/net/ethernet/mellanox/mlx5/core/alloc.o
  CC [M]  drivers/platform/x86/dell/dell-smbios-smm.o
  CC [M]  drivers/net/ethernet/qlogic/qed/qed_spq.o
  CC [M]  drivers/gpu/drm/nouveau/nvkm/subdev/gsp/rm/gh100.o
  CC [M]  drivers/net/ethernet/qlogic/qede/qede_main.o
  CC [M]  drivers/net/ethernet/qlogic/qede/qede_fp.o
  CC [M]  drivers/net/ethernet/qlogic/qede/qede_filter.o
  CC [M]  drivers/net/ethernet/qlogic/qede/qede_ethtool.o
  CC [M]  drivers/net/ethernet/qlogic/qede/qede_ptp.o
  CC [M]  drivers/platform/x86/dell/dell-smo8800.o
  CC [M]  drivers/gpu/drm/amd/amdgpu/../pm/swsmu/smu11/navi10_ppt.o
  CC [M]  drivers/gpu/drm/i915/display/intel_dp_link_training.o
  CC [M]  drivers/gpu/drm/nouveau/nvkm/subdev/gsp/rm/gb10x.o
  CC [M]  drivers/platform/x86/dell/dell-lis3lv02d.o
  CC [M]  drivers/gpu/drm/nouveau/nvkm/subdev/gsp/rm/gb20x.o
  CC [M]  drivers/net/ethernet/qlogic/qed/qed_sriov.o
  CC [M]  drivers/net/ethernet/mellanox/mlx5/core/port.o
  CC [M]  drivers/net/ethernet/mellanox/mlx5/core/mr.o
  CC [M]  drivers/net/ethernet/mellanox/mlxsw/spectrum_buffers.o
  CC [M]  drivers/platform/x86/dell/dell-wmi-base.o
  CC [M]  drivers/net/ethernet/mellanox/mlx5/core/pd.o
  CC [M]  drivers/gpu/drm/nouveau/nvkm/subdev/gsp/rm/r535/rm.o
  CC [M]  drivers/gpu/drm/nouveau/nvkm/subdev/gsp/rm/r535/gsp.o
  CC [M]  drivers/gpu/drm/amd/amdgpu/../pm/swsmu/smu11/sienna_cichlid_ppt.o
  CC [M]  drivers/platform/x86/dell/dell-wmi-privacy.o
  CC [M]  drivers/platform/x86/dell/dell-wmi-aio.o
  CC [M]  drivers/net/ethernet/qlogic/qede/qede_dcbnl.o
  CC [M]  drivers/gpu/drm/i915/display/intel_dp_mst.o
  CC [M]  drivers/net/ethernet/mellanox/mlx5/core/transobj.o
  CC [M]  drivers/net/ethernet/mellanox/mlx5/core/vport.o
  CC [M]  drivers/platform/x86/dell/dell-wmi-descriptor.o
  CC [M]  drivers/platform/x86/dell/dell-wmi-ddv.o
  CC [M]  drivers/platform/x86/dell/dell-wmi-led.o
  LD [M]  drivers/net/ethernet/qlogic/qede/qede.o
  CC [M]  drivers/net/ethernet/mellanox/mlx5/core/sriov.o
  CC [M]  drivers/net/ethernet/mellanox/mlxsw/spectrum_switchdev.o
  CC [M]  drivers/gpu/drm/nouveau/nvkm/subdev/gsp/rm/r535/rpc.o
  CC      drivers/mailbox/mailbox.o
  CC      drivers/virt/vmgenid.o
  CC      drivers/hv/vmbus_drv.o
  CC [M]  drivers/platform/x86/dell/dell-wmi-sysman/sysman.o
  CC [M]  drivers/gpu/drm/amd/amdgpu/../pm/swsmu/smu11/vangogh_ppt.o
  CC [M]  drivers/gpu/drm/i915/display/intel_dp_test.o
  CC [M]  drivers/net/ethernet/qlogic/qed/qed_vf.o
  AR      drivers/virt/vboxguest/built-in.a
  CC      drivers/virt/coco/sev-guest/sev-guest.o
  CC      drivers/mailbox/pcc.o
  LD [M]  drivers/platform/x86/dell/dell-smbios.o
  CC [M]  drivers/net/ethernet/mellanox/mlx5/core/fs_cmd.o
  CC [M]  drivers/gpu/drm/nouveau/nvkm/subdev/gsp/rm/r535/ctrl.o
  CC [M]  drivers/platform/x86/dell/dell-wmi-sysman/enum-attributes.o
  CC [M]  drivers/gpu/drm/i915/display/intel_dsi.o
  AR      drivers/virt/coco/sev-guest/built-in.a
  CC      drivers/virt/coco/guest/report.o
  CC [M]  drivers/gpu/drm/nouveau/nvkm/subdev/gsp/rm/r535/alloc.o
  AR      drivers/mailbox/built-in.a
  AR      drivers/net/ethernet/samsung/built-in.a
  CC      drivers/devfreq/devfreq.o
  CC [M]  drivers/platform/x86/dell/dell-wmi-sysman/int-attributes.o
  LD [M]  drivers/net/ethernet/qlogic/qed/qed.o
  CC      drivers/hv/hv.o
  CC      drivers/powercap/powercap_sys.o
  CC [M]  drivers/powercap/intel_rapl_common.o
  CC [M]  drivers/powercap/intel_rapl_msr.o
  CC [M]  drivers/gpu/drm/amd/amdgpu/../pm/swsmu/smu11/cyan_skillfish_ppt.o
  CC [M]  drivers/gpu/drm/i915/display/intel_dsi_dcs_backlight.o
  CC [M]  drivers/gpu/drm/nouveau/nvkm/subdev/gsp/rm/r535/client.o
  AR      drivers/virt/coco/guest/built-in.a
  AR      drivers/virt/coco/built-in.a
  AR      drivers/virt/built-in.a
  CC [M]  drivers/gpu/drm/i915/display/intel_dsi_vbt.o
  CC [M]  drivers/platform/x86/dell/dell-wmi-sysman/string-attributes.o
  CC [M]  drivers/net/ethernet/mellanox/mlx5/core/fs_core.o
  CC [M]  drivers/net/ethernet/mellanox/mlxsw/spectrum_router.o
  CC      drivers/hv/connection.o
  CC [M]  drivers/platform/x86/dell/dell-wmi-sysman/passobj-attributes.o
  CC [M]  drivers/platform/x86/dell/dell-wmi-sysman/biosattr-interface.o
  CC [M]  drivers/platform/wmi/core.o
  CC [M]  drivers/gpu/drm/amd/amdgpu/../pm/swsmu/smu11/smu_v11_0.o
  CC [M]  drivers/gpu/drm/nouveau/nvkm/subdev/gsp/rm/r535/device.o
  CC [M]  drivers/platform/x86/dell/dell-wmi-sysman/passwordattr-interface.o
  CC [M]  drivers/devfreq/governor_simpleondemand.o
  AR      drivers/net/ethernet/vertexcom/built-in.a
  CC [M]  drivers/net/ethernet/mellanox/mlxsw/spectrum1_kvdl.o
  CC [M]  drivers/gpu/drm/i915/display/intel_dvo.o
  CC [M]  drivers/gpu/drm/nouveau/nvkm/subdev/gsp/rm/r535/bar.o
  LD [M]  drivers/platform/x86/dell/dell-wmi-sysman/dell-wmi-sysman.o
  AR      drivers/powercap/built-in.a
  CC [M]  drivers/gpu/drm/nouveau/nvkm/subdev/gsp/rm/r535/fbsr.o
  LD [M]  drivers/platform/x86/dell/dell-wmi.o
  AR      drivers/platform/x86/lenovo/built-in.a
  AR      drivers/platform/x86/intel/built-in.a
  CC [M]  drivers/platform/x86/intel/punit_ipc.o
  AR      drivers/perf/built-in.a
  CC      drivers/hv/channel.o
  CC      drivers/hv/channel_mgmt.o
  AR      drivers/devfreq/built-in.a
  CC      drivers/hv/ring_buffer.o
  CC [M]  drivers/platform/wmi/marshalling.o
  CC [M]  drivers/platform/wmi/string.o
  CC [M]  drivers/gpu/drm/amd/amdgpu/../pm/swsmu/smu12/renoir_ppt.o
  LD [M]  drivers/platform/x86/intel/intel-punit_ipc.o
  AR      drivers/platform/x86/uniwill/built-in.a
  CC      drivers/platform/x86/p2sb.o
  CC [M]  drivers/gpu/drm/i915/display/intel_encoder.o
  CC [M]  drivers/gpu/drm/nouveau/nvkm/subdev/gsp/rm/r535/vmm.o
  CC      drivers/hv/hv_trace.o
  CC      drivers/hv/hv_util.o
  CC [M]  drivers/net/ethernet/mellanox/mlx5/core/pci_irq.o
  LD [M]  drivers/platform/wmi/wmi.o
  CC      drivers/hv/hv_kvp.o
  CC [M]  drivers/net/ethernet/mellanox/mlx5/core/fs_counters.o
  AR      drivers/net/ethernet/wangxun/built-in.a
  CC [M]  drivers/net/ethernet/mellanox/mlxsw/spectrum2_kvdl.o
  CC [M]  drivers/gpu/drm/nouveau/nvkm/subdev/gsp/rm/r535/disp.o
  CC      drivers/platform/x86/intel_scu_ipc.o
  CC [M]  drivers/gpu/drm/i915/display/intel_gmbus.o
  CC [M]  drivers/net/ethernet/mellanox/mlx5/core/fs_ft_pool.o
  CC [M]  drivers/gpu/drm/amd/amdgpu/../pm/swsmu/smu12/smu_v12_0.o
  CC [M]  drivers/net/ethernet/mellanox/mlx5/core/rl.o
  CC      drivers/platform/x86/intel_scu_pcidrv.o
  CC [M]  drivers/gpu/drm/amd/amdgpu/../pm/swsmu/smu13/smu_v13_0.o
  CC [M]  drivers/gpu/drm/nouveau/nvkm/subdev/gsp/rm/r535/fifo.o
  CC      drivers/hv/hv_snapshot.o
  CC [M]  drivers/net/ethernet/mellanox/mlx5/core/lag/debugfs.o
  CC [M]  drivers/net/ethernet/mellanox/mlxsw/spectrum_kvdl.o
  CC [M]  drivers/gpu/drm/i915/display/intel_hdmi.o
  CC      drivers/platform/x86/intel_scu_ipcutil.o
  CC [M]  drivers/net/ethernet/mellanox/mlx5/core/lag/lag.o
  CC [M]  drivers/gpu/drm/i915/display/intel_lspcon.o
  CC [M]  drivers/gpu/drm/amd/amdgpu/../pm/swsmu/smu13/aldebaran_ppt.o
  CC      drivers/platform/x86/pmc_atom.o
  CC [M]  drivers/gpu/drm/nouveau/nvkm/subdev/gsp/rm/r535/ce.o
  CC      drivers/hv/hv_utils_transport.o
  CC [M]  drivers/gpu/drm/nouveau/nvkm/subdev/gsp/rm/r535/gr.o
  CC [M]  drivers/gpu/drm/nouveau/nvkm/subdev/gsp/rm/r535/nvdec.o
  AR      drivers/platform/x86/tuxedo/nb04/built-in.a
  AR      drivers/platform/x86/tuxedo/built-in.a
  CC [M]  drivers/gpu/drm/nouveau/nvkm/subdev/gsp/rm/r535/nvenc.o
  CC [M]  drivers/platform/x86/wmi-bmof.o
  CC [M]  drivers/platform/x86/mxm-wmi.o
  CC      drivers/ras/ras.o
  CC      drivers/ras/debugfs.o
  CC      drivers/ras/cec.o
  CC [M]  drivers/gpu/drm/amd/amdgpu/../pm/swsmu/smu13/yellow_carp_ppt.o
  CC [M]  drivers/net/ethernet/mellanox/mlx5/core/dev.o
  CC [M]  drivers/net/ethernet/mellanox/mlx5/core/events.o
  CC [M]  drivers/gpu/drm/nouveau/nvkm/subdev/gsp/rm/r535/nvjpg.o
  CC      drivers/hv/hv_balloon.o
  CC [M]  drivers/gpu/drm/i915/display/intel_lt_phy.o
  CC [M]  drivers/platform/x86/firmware_attributes_class.o
  CC [M]  drivers/gpu/drm/i915/display/intel_lvds.o
  CC [M]  drivers/gpu/drm/i915/display/intel_panel.o
  CC [M]  drivers/net/ethernet/mellanox/mlxsw/spectrum_acl_tcam.o
  CC [M]  drivers/gpu/drm/nouveau/nvkm/subdev/gsp/rm/r535/ofa.o
  AR      drivers/platform/x86/built-in.a
  AR      drivers/platform/built-in.a
  CC [M]  drivers/gpu/drm/nouveau/nvkm/subdev/gsp/rm/r570/rm.o
  AR      drivers/ras/amd/atl/built-in.a
  CC [M]  drivers/ras/amd/atl/access.o
  CC [M]  drivers/ras/amd/atl/core.o
  CC [M]  drivers/gpu/drm/amd/amdgpu/../pm/swsmu/smu13/smu_v13_0_0_ppt.o
  CC [M]  drivers/ras/amd/atl/dehash.o
  AR      drivers/net/ethernet/xilinx/built-in.a
  CC [M]  drivers/gpu/drm/amd/amdgpu/../pm/swsmu/smu13/smu_v13_0_4_ppt.o
  CC [M]  drivers/gpu/drm/amd/amdgpu/../pm/swsmu/smu13/smu_v13_0_5_ppt.o
  CC      drivers/hv/dxgkrnl/dxgmodule.o
  CC [M]  drivers/gpu/drm/i915/display/intel_pfit.o
  CC      drivers/hv/hv_common.o
  CC [M]  drivers/gpu/drm/nouveau/nvkm/subdev/gsp/rm/r570/gsp.o
  CC [M]  drivers/gpu/drm/nouveau/nvkm/subdev/gsp/rm/r570/client.o
  CC [M]  drivers/net/ethernet/mellanox/mlx5/core/wq.o
  CC [M]  drivers/net/ethernet/mellanox/mlx5/core/lib/gid.o
  CC [M]  drivers/ras/amd/atl/denormalize.o
  CC      drivers/hv/dxgkrnl/hmgr.o
  CC [M]  drivers/ras/amd/atl/map.o
  CC [M]  drivers/gpu/drm/nouveau/nvkm/subdev/gsp/rm/r570/fbsr.o
  AR      drivers/net/ethernet/pensando/built-in.a
  CC [M]  drivers/ras/amd/atl/system.o
  CC [M]  drivers/ras/amd/atl/umc.o
  CC [M]  drivers/ras/amd/atl/prm.o
  CC [M]  drivers/gpu/drm/amd/amdgpu/../pm/swsmu/smu13/smu_v13_0_7_ppt.o
  CC [M]  drivers/net/ethernet/mellanox/mlxsw/spectrum_acl_ctcam.o
  CC [M]  drivers/gpu/drm/i915/display/intel_pps.o
  CC      drivers/hv/dxgkrnl/misc.o
  CC [M]  drivers/net/ethernet/mellanox/mlx5/core/lib/devcom.o
  CC [M]  drivers/net/ethernet/mellanox/mlxsw/spectrum_acl_atcam.o
  CC [M]  drivers/net/ethernet/mellanox/mlxsw/spectrum_acl_erp.o
  CC [M]  drivers/net/ethernet/mellanox/mlxsw/spectrum1_acl_tcam.o
  CC [M]  drivers/gpu/drm/nouveau/nvkm/subdev/gsp/rm/r570/disp.o
  CC [M]  drivers/net/ethernet/mellanox/mlx5/core/lib/pci_vsc.o
  CC      drivers/hv/dxgkrnl/dxgadapter.o
  CC [M]  drivers/net/ethernet/mellanox/mlx5/core/lib/dm.o
  LD [M]  drivers/ras/amd/atl/amd_atl.o
  CC [M]  drivers/ras/amd/fmpm.o
  AR      drivers/hwtracing/intel_th/built-in.a
  CC [M]  drivers/gpu/drm/nouveau/nvkm/subdev/gsp/rm/r570/fifo.o
  AR      drivers/android/built-in.a
  CC      drivers/hv/dxgkrnl/ioctl.o
  CC      drivers/hv/dxgkrnl/dxgvmbus.o
  CC [M]  drivers/gpu/drm/i915/display/intel_qp_tables.o
  CC [M]  drivers/gpu/drm/i915/display/intel_sdvo.o
  CC [M]  drivers/gpu/drm/i915/display/intel_snps_hdmi_pll.o
  CC [M]  drivers/gpu/drm/amd/amdgpu/../pm/swsmu/smu13/smu_v13_0_6_ppt.o
  CC [M]  drivers/gpu/drm/amd/amdgpu/../pm/swsmu/smu13/smu_v13_0_12_ppt.o
  CC [M]  drivers/gpu/drm/nouveau/nvkm/subdev/gsp/rm/r570/gr.o
  CC      drivers/nvmem/core.o
  AR      drivers/ras/built-in.a
  AR      drivers/nvmem/layouts/built-in.a
  CC [M]  drivers/net/ethernet/mellanox/mlxsw/spectrum2_acl_tcam.o
  CC [M]  drivers/gpu/drm/amd/amdgpu/../pm/swsmu/smu14/smu_v14_0.o
  CC [M]  drivers/net/ethernet/mellanox/mlx5/core/lib/fs_ttc.o
  CC [M]  drivers/gpu/drm/amd/amdgpu/../pm/swsmu/smu14/smu_v14_0_0_ppt.o
  CC [M]  drivers/gpu/drm/nouveau/nvkm/subdev/gsp/rm/r570/ofa.o
  CC [M]  drivers/net/ethernet/jme.o
  CC      drivers/hv/dxgkrnl/dxgprocess.o
  AR      drivers/nvmem/built-in.a
  CC      drivers/hv/dxgkrnl/dxgsyncfile.o
  CC [M]  drivers/net/ethernet/mellanox/mlxsw/spectrum_acl_bloom_filter.o
  CC [M]  drivers/gpu/drm/nouveau/nvkm/subdev/i2c/base.o
  CC [M]  drivers/gpu/drm/nouveau/nvkm/subdev/i2c/nv04.o
  CC [M]  drivers/gpu/drm/i915/display/intel_snps_phy.o
  CC [M]  drivers/net/ethernet/mellanox/mlxsw/spectrum_acl.o
  CC [M]  drivers/net/ethernet/mellanox/mlx5/core/diag/fs_tracepoint.o
  CC [M]  drivers/gpu/drm/amd/amdgpu/../pm/swsmu/smu14/smu_v14_0_2_ppt.o
  CC [M]  drivers/net/ethernet/mellanox/mlx5/core/diag/fw_tracer.o
  CC [M]  drivers/gpu/drm/nouveau/nvkm/subdev/i2c/nv4e.o
  AR      drivers/hv/dxgkrnl/built-in.a
  AR      drivers/hv/built-in.a
  AR      drivers/resctrl/built-in.a
  CC [M]  drivers/net/ethernet/mellanox/mlx5/core/diag/crdump.o
  CC [M]  drivers/target/target_core_configfs.o
  CC [M]  drivers/uio/uio.o
  CC [M]  drivers/uio/uio_pci_generic.o
  CC [M]  drivers/uio/uio_hv_generic.o
  CC [M]  drivers/gpu/drm/nouveau/nvkm/subdev/i2c/nv50.o
  CC [M]  drivers/gpu/drm/nouveau/nvkm/subdev/i2c/g94.o
  CC [M]  drivers/gpu/drm/amd/amdgpu/../pm/swsmu/smu15/smu_v15_0.o
  CC [M]  drivers/gpu/drm/amd/amdgpu/../pm/swsmu/smu15/smu_v15_0_0_ppt.o
  CC [M]  drivers/target/target_core_device.o
  CC [M]  drivers/gpu/drm/amd/amdgpu/../pm/swsmu/smu15/smu_v15_0_8_ppt.o
  CC [M]  drivers/gpu/drm/amd/amdgpu/../pm/swsmu/amdgpu_smu.o
  CC [M]  drivers/net/ethernet/mellanox/mlxsw/spectrum_flow.o
  CC [M]  drivers/gpu/drm/nouveau/nvkm/subdev/i2c/gf117.o
  CC [M]  drivers/gpu/drm/nouveau/nvkm/subdev/i2c/gf119.o
  CC [M]  drivers/gpu/drm/nouveau/nvkm/subdev/i2c/gk104.o
  CC [M]  drivers/net/ethernet/mellanox/mlx5/core/devlink.o
  CC [M]  drivers/net/ethernet/mellanox/mlx5/core/sh_devlink.o
  CC [M]  drivers/net/ethernet/mellanox/mlx5/core/diag/rsc_dump.o
  CC [M]  drivers/gpu/drm/nouveau/nvkm/subdev/i2c/gk110.o
  CC [M]  drivers/gpu/drm/i915/display/intel_tv.o
  CC [M]  drivers/gpu/drm/nouveau/nvkm/subdev/i2c/gm200.o
  CC [M]  drivers/net/ethernet/mellanox/mlx5/core/diag/reporter_vnic.o
  CC [M]  drivers/net/ethernet/mellanox/mlx5/core/fw_reset.o
  CC [M]  drivers/net/ethernet/mellanox/mlxsw/spectrum_matchall.o
  CC [M]  drivers/net/ethernet/mellanox/mlxsw/spectrum_flower.o
  CC [M]  drivers/net/ethernet/mellanox/mlxsw/spectrum_cnt.o
  CC [M]  drivers/gpu/drm/nouveau/nvkm/subdev/i2c/pad.o
  CC [M]  drivers/net/ethernet/mellanox/mlx5/core/qos.o
  CC [M]  drivers/target/target_core_fabric_configfs.o
  CC [M]  drivers/gpu/drm/amd/amdgpu/../pm/swsmu/smu_cmn.o
  CC [M]  drivers/gpu/drm/amd/amdgpu/../pm/powerplay/smumgr/smumgr.o
  CC [M]  drivers/gpu/drm/i915/display/intel_vdsc.o
  CC [M]  drivers/gpu/drm/nouveau/nvkm/subdev/i2c/padnv04.o
  CC [M]  drivers/gpu/drm/amd/amdgpu/../pm/powerplay/smumgr/smu8_smumgr.o
  CC [M]  drivers/gpu/drm/amd/amdgpu/../pm/powerplay/smumgr/tonga_smumgr.o
  CC [M]  drivers/gpu/drm/amd/amdgpu/../pm/powerplay/smumgr/fiji_smumgr.o
  CC [M]  drivers/gpu/drm/amd/amdgpu/../pm/powerplay/smumgr/polaris10_smumgr.o
  CC [M]  drivers/target/target_core_fabric_lib.o
  CC [M]  drivers/net/ethernet/mellanox/mlxsw/spectrum_fid.o
  CC [M]  drivers/net/ethernet/mellanox/mlxsw/spectrum_ipip.o
  CC [M]  drivers/net/ethernet/mellanox/mlx5/core/lib/tout.o
  CC [M]  drivers/gpu/drm/nouveau/nvkm/subdev/i2c/padnv4e.o
  CC [M]  drivers/net/ethernet/mellanox/mlx5/core/lib/aso.o
  CC [M]  drivers/target/target_core_hba.o
  CC [M]  drivers/gpu/drm/nouveau/nvkm/subdev/i2c/padnv50.o
  CC [M]  drivers/gpu/drm/i915/display/intel_vrr.o
  CC [M]  drivers/gpu/drm/nouveau/nvkm/subdev/i2c/padg94.o
  CC [M]  drivers/vfio/vfio_main.o
  CC [M]  drivers/gpu/drm/i915/display/vlv_dsi.o
  CC [M]  drivers/gpu/drm/i915/display/vlv_dsi_pll.o
  CC [M]  drivers/gpu/drm/i915/i915_perf.o
  CC [M]  drivers/gpu/drm/i915/pxp/intel_pxp.o
  CC [M]  drivers/gpu/drm/nouveau/nvkm/subdev/i2c/padgf119.o
  CC [M]  drivers/target/target_core_pr.o
  CC [M]  drivers/net/ethernet/mellanox/mlx5/core/wc.o
  CC [M]  drivers/gpu/drm/amd/amdgpu/../pm/powerplay/smumgr/iceland_smumgr.o
  CC [M]  drivers/gpu/drm/amd/amdgpu/../pm/powerplay/smumgr/smu7_smumgr.o
  CC [M]  drivers/gpu/drm/amd/amdgpu/../pm/powerplay/smumgr/vega10_smumgr.o
  CC [M]  drivers/gpu/drm/nouveau/nvkm/subdev/i2c/padgm200.o
  CC [M]  drivers/net/ethernet/mellanox/mlxsw/spectrum_acl_flex_actions.o
  CC [M]  drivers/gpu/drm/nouveau/nvkm/subdev/i2c/bus.o
  CC [M]  drivers/net/ethernet/mellanox/mlxsw/spectrum_acl_flex_keys.o
  CC [M]  drivers/vfio/group.o
  CC [M]  drivers/target/target_core_alua.o
  CC [M]  drivers/net/ethernet/mellanox/mlxsw/spectrum1_mr_tcam.o
  CC [M]  drivers/gpu/drm/nouveau/nvkm/subdev/i2c/busnv04.o
  CC [M]  drivers/gpu/drm/i915/pxp/intel_pxp_huc.o
  CC [M]  drivers/bluetooth/bcm203x.o
  CC [M]  drivers/infiniband/core/packer.o
  CC [M]  drivers/net/ethernet/mellanox/mlx5/core/fs_pool.o
  CC [M]  drivers/gpu/drm/amd/amdgpu/../pm/powerplay/smumgr/smu10_smumgr.o
  CC [M]  drivers/net/ethernet/mellanox/mlx5/core/lib/nv_param.o
  CC [M]  drivers/vfio/container.o
  CC [M]  drivers/gpu/drm/nouveau/nvkm/subdev/i2c/busnv4e.o
  CC [M]  drivers/gpu/drm/nouveau/nvkm/subdev/i2c/busnv50.o
  CC [M]  drivers/gpu/drm/i915/pxp/intel_pxp_tee.o
  CC [M]  drivers/target/target_core_tmr.o
  CC [M]  drivers/bluetooth/btusb.o
  CC [M]  drivers/infiniband/core/ud_header.o
  CC [M]  drivers/net/ethernet/mellanox/mlxsw/spectrum2_mr_tcam.o
  CC [M]  drivers/vfio/virqfd.o
  CC [M]  drivers/gpu/drm/nouveau/nvkm/subdev/i2c/busgf119.o
  CC [M]  drivers/target/target_core_tpg.o
  CC [M]  drivers/gpu/drm/amd/amdgpu/../pm/powerplay/smumgr/ci_smumgr.o
  CC [M]  drivers/gpu/drm/amd/amdgpu/../pm/powerplay/smumgr/vega12_smumgr.o
  CC [M]  drivers/gpu/drm/nouveau/nvkm/subdev/i2c/bit.o
  CC [M]  drivers/net/ethernet/mellanox/mlx5/core/en/rqt.o
  CC [M]  drivers/gpu/drm/nouveau/nvkm/subdev/i2c/auxch.o
  CC [M]  drivers/gpu/drm/i915/i915_vgpu.o
  CC [M]  drivers/vfio/vfio_iommu_type1.o
  CC [M]  drivers/gpu/drm/nouveau/nvkm/subdev/i2c/auxg94.o
  CC [M]  drivers/infiniband/core/verbs.o
  CC [M]  drivers/net/ethernet/mellanox/mlxsw/spectrum_mr_tcam.o
  CC [M]  drivers/net/ethernet/mellanox/mlxsw/spectrum_mr.o
  LD [M]  drivers/gpu/drm/i915/i915.o
  CC [M]  drivers/gpu/drm/nouveau/nvkm/subdev/i2c/auxgf119.o
  CC [M]  drivers/net/ethernet/mellanox/mlx5/core/en/tir.o
  CC [M]  drivers/gpu/drm/amd/amdgpu/../pm/powerplay/smumgr/vegam_smumgr.o
  CC [M]  drivers/bluetooth/btsdio.o
  CC [M]  drivers/ssb/main.o
  CC [M]  drivers/target/target_core_transport.o
  CC [M]  drivers/gpu/drm/nouveau/nvkm/subdev/i2c/auxgm200.o
  CC [M]  drivers/gpu/drm/amd/amdgpu/../pm/powerplay/smumgr/smu9_smumgr.o
  CC [M]  drivers/gpu/drm/amd/amdgpu/../pm/powerplay/smumgr/vega20_smumgr.o
  CC [M]  drivers/bluetooth/btintel.o
  CC [M]  drivers/net/ethernet/mellanox/mlx5/core/en/rss.o
  CC [M]  drivers/gpu/drm/nouveau/nvkm/subdev/i2c/anx9805.o
  CC [M]  drivers/vfio/pci/vfio_pci_core.o
  CC [M]  drivers/vfio/pci/vfio_pci_intrs.o
  CC [M]  drivers/ssb/scan.o
  CC [M]  drivers/net/ethernet/mellanox/mlxsw/spectrum_qdisc.o
  CC [M]  drivers/net/ethernet/mellanox/mlxsw/spectrum_span.o
  CC [M]  drivers/vhost/net.o
  CC [M]  drivers/gpu/drm/amd/amdgpu/../pm/powerplay/hwmgr/hwmgr.o
  CC [M]  drivers/infiniband/core/cq.o
  CC [M]  drivers/ssb/sprom.o
  CC [M]  drivers/vfio/pci/vfio_pci_rdwr.o
  CC [M]  drivers/gpu/drm/nouveau/nvkm/subdev/iccsense/base.o
  CC [M]  drivers/net/ethernet/mellanox/mlx5/core/en/rx_res.o
  CC [M]  drivers/ssb/pci.o
  CC [M]  drivers/gpu/drm/amd/amdgpu/../pm/powerplay/hwmgr/processpptables.o
  CC [M]  drivers/bluetooth/btbcm.o
  CC [M]  drivers/vfio/pci/vfio_pci_config.o
  CC [M]  drivers/gpu/drm/nouveau/nvkm/subdev/iccsense/gf100.o
  CC [M]  drivers/ssb/pcihost_wrapper.o
  CC [M]  drivers/target/target_core_sbc.o
  CC [M]  drivers/target/target_core_spc.o
  CC [M]  drivers/vhost/vsock.o
  CC [M]  drivers/target/target_core_ua.o
  CC [M]  drivers/infiniband/core/rw.o
  CC [M]  drivers/net/ethernet/mellanox/mlxsw/spectrum_nve.o
  CC [M]  drivers/gpu/drm/nouveau/nvkm/subdev/instmem/base.o
  CC [M]  drivers/net/ethernet/mellanox/mlx5/core/en/channels.o
  CC [M]  drivers/net/ethernet/mellanox/mlx5/core/en_main.o
  CC [M]  drivers/ssb/driver_chipcommon.o
  CC [M]  drivers/gpu/drm/amd/amdgpu/../pm/powerplay/hwmgr/hardwaremanager.o
  CC [M]  drivers/bluetooth/btrtl.o
  CC [M]  drivers/vfio/pci/vfio_pci.o
  CC [M]  drivers/gpu/drm/nouveau/nvkm/subdev/instmem/nv04.o
  CC [M]  drivers/vhost/vhost.o
  CC [M]  drivers/net/bonding/bond_main.o
  CC [M]  drivers/target/target_core_rd.o
  CC [M]  drivers/ssb/driver_chipcommon_pmu.o
  CC [M]  drivers/vfio/pci/vfio_pci_igd.o
  CC [M]  drivers/gpu/drm/amd/amdgpu/../pm/powerplay/hwmgr/smu8_hwmgr.o
  CC [M]  drivers/gpu/drm/nouveau/nvkm/subdev/instmem/nv40.o
  CC [M]  drivers/vhost/iotlb.o
  CC [M]  drivers/target/target_core_stat.o
  CC [M]  drivers/infiniband/core/sysfs.o
  CC [M]  drivers/net/ethernet/mellanox/mlxsw/spectrum_nve_vxlan.o
  LD [M]  drivers/vfio/pci/vfio-pci-core.o
  LD [M]  drivers/vfio/pci/vfio-pci.o
  LD [M]  drivers/vfio/vfio.o
  CC [M]  drivers/net/ethernet/mellanox/mlxsw/spectrum_dpipe.o
  CC [M]  drivers/gpu/drm/nouveau/nvkm/subdev/instmem/nv50.o
  CC [M]  drivers/ssb/driver_pcicore.o
  CC [M]  drivers/bluetooth/btrsi.o
  CC [M]  drivers/infiniband/hw/mlx4/ah.o
  CC [M]  drivers/target/target_core_xcopy.o
  CC [M]  drivers/gpu/drm/amd/amdgpu/../pm/powerplay/hwmgr/pppcielanes.o
  CC [M]  drivers/gpu/drm/amd/amdgpu/../pm/powerplay/hwmgr/process_pptables_v1_0.o
  CC [M]  drivers/gpu/drm/nouveau/nvkm/subdev/instmem/gk20a.o
  LD [M]  drivers/vhost/vhost_net.o
  LD [M]  drivers/vhost/vhost_vsock.o
  LD [M]  drivers/vhost/vhost_iotlb.o
  CC [M]  drivers/infiniband/hw/mlx4/cq.o
  LD [M]  drivers/ssb/ssb.o
  CC [M]  drivers/infiniband/hw/mlx4/doorbell.o
  CC [M]  drivers/target/target_core_iblock.o
  CC [M]  drivers/target/target_core_file.o
  CC [M]  drivers/net/ethernet/mellanox/mlxsw/spectrum_trap.o
  CC [M]  drivers/net/ethernet/mellanox/mlxsw/spectrum_ethtool.o
  CC [M]  drivers/infiniband/core/device.o
  CC [M]  drivers/target/target_core_pscsi.o
  CC [M]  drivers/gpu/drm/nouveau/nvkm/subdev/instmem/gh100.o
  CC [M]  drivers/gpu/drm/amd/amdgpu/../pm/powerplay/hwmgr/ppatomctrl.o
  CC [M]  drivers/infiniband/ulp/ipoib/ipoib_main.o
  CC [M]  drivers/infiniband/ulp/ipoib/ipoib_ib.o
  CC [M]  drivers/infiniband/ulp/ipoib/ipoib_multicast.o
  CC [M]  drivers/infiniband/hw/mlx4/mad.o
  CC [M]  drivers/net/ethernet/mellanox/mlx5/core/en_common.o
  CC [M]  drivers/gpu/drm/nouveau/nvkm/subdev/ltc/base.o
  CC [M]  drivers/target/target_core_user.o
  CC [M]  drivers/net/bonding/bond_3ad.o
  CC [M]  drivers/net/ethernet/mellanox/mlx5/core/en_fs.o
  CC [M]  drivers/net/ethernet/mellanox/mlxsw/spectrum_policer.o
  CC [M]  drivers/gpu/drm/amd/amdgpu/../pm/powerplay/hwmgr/ppatomfwctrl.o
  CC [M]  drivers/gpu/drm/nouveau/nvkm/subdev/ltc/gf100.o
  CC [M]  drivers/infiniband/hw/mlx4/main.o
  CC [M]  drivers/infiniband/hw/mlx4/mr.o
  CC [M]  drivers/infiniband/ulp/ipoib/ipoib_verbs.o
  CC [M]  drivers/gpu/drm/nouveau/nvkm/subdev/ltc/gk104.o
  CC [M]  drivers/gpu/drm/nouveau/nvkm/subdev/ltc/gm107.o
  CC [M]  drivers/gpu/drm/nouveau/nvkm/subdev/ltc/gm200.o
  CC [M]  drivers/gpu/drm/amd/amdgpu/../pm/powerplay/hwmgr/smu7_hwmgr.o
  CC [M]  drivers/infiniband/core/cache.o
  CC [M]  drivers/net/ethernet/mellanox/mlxsw/spectrum_pgt.o
  CC [M]  drivers/net/bonding/bond_alb.o
  CC [M]  drivers/net/ethernet/mellanox/mlx5/core/en_ethtool.o
  CC [M]  drivers/gpu/drm/nouveau/nvkm/subdev/ltc/gp100.o
  CC [M]  drivers/target/loopback/tcm_loop.o
  CC [M]  drivers/infiniband/ulp/ipoib/ipoib_vlan.o
  CC [M]  drivers/iio/industrialio-core.o
  CC [M]  drivers/infiniband/hw/mlx4/qp.o
  CC [M]  drivers/infiniband/hw/mlx4/srq.o
  CC [M]  drivers/gpu/drm/nouveau/nvkm/subdev/ltc/gp102.o
  CC [M]  drivers/target/tcm_fc/tfc_cmd.o
  CC [M]  drivers/net/ethernet/mellanox/mlxsw/spectrum_port_range.o
  CC [M]  drivers/infiniband/ulp/ipoib/ipoib_ethtool.o
  CC [M]  drivers/infiniband/core/netlink.o
  CC [M]  drivers/net/bonding/bond_sysfs.o
  CC [M]  drivers/iio/industrialio-event.o
  CC [M]  drivers/iio/inkern.o
  CC [M]  drivers/gpu/drm/nouveau/nvkm/subdev/ltc/gp10b.o
  CC [M]  drivers/gpu/drm/nouveau/nvkm/subdev/ltc/ga102.o
  CC [M]  drivers/target/tcm_fc/tfc_conf.o
  CC [M]  drivers/gpu/drm/nouveau/nvkm/subdev/mc/base.o
  CC [M]  drivers/net/ethernet/mellanox/mlx5/core/en_tx.o
  CC [M]  drivers/net/ethernet/mellanox/mlx5/core/en_rx.o
  CC [M]  drivers/net/ethernet/mellanox/mlxsw/spectrum_dcb.o
  CC [M]  drivers/infiniband/ulp/ipoib/ipoib_netlink.o
  CC [M]  drivers/infiniband/ulp/ipoib/ipoib_fs.o
  CC [M]  drivers/net/bonding/bond_sysfs_slave.o
  CC [M]  drivers/iio/industrialio-buffer.o
  CC [M]  drivers/infiniband/core/roce_gid_mgmt.o
  CC [M]  drivers/target/tcm_fc/tfc_io.o
  CC [M]  drivers/gpu/drm/amd/amdgpu/../pm/powerplay/hwmgr/smu7_powertune.o
  CC [M]  drivers/gpu/drm/nouveau/nvkm/subdev/mc/nv04.o
  CC [M]  drivers/infiniband/hw/mlx4/mcg.o
  CC [M]  drivers/infiniband/core/mr_pool.o
  CC [M]  drivers/net/bonding/bond_debugfs.o
  CC [M]  drivers/gpu/drm/nouveau/nvkm/subdev/mc/nv11.o
  LD [M]  drivers/infiniband/ulp/ipoib/ib_ipoib.o
  CC [M]  drivers/gpu/drm/nouveau/nvkm/subdev/mc/nv17.o
  CC [M]  drivers/target/tcm_fc/tfc_sess.o
  CC [M]  drivers/net/ethernet/mellanox/mlxsw/spectrum_ptp.o
  CC [M]  drivers/gpu/drm/amd/amdgpu/../pm/powerplay/hwmgr/smu7_thermal.o
  CC [M]  drivers/gpu/drm/amd/amdgpu/../pm/powerplay/hwmgr/smu7_clockpowergating.o
  CC [M]  drivers/gpu/drm/amd/amdgpu/../pm/powerplay/hwmgr/vega10_processpptables.o
  CC [M]  drivers/gpu/drm/nouveau/nvkm/subdev/mc/nv44.o
  CC [M]  drivers/net/bonding/bond_netlink.o
  CC [M]  drivers/iio/industrialio-trigger.o
  CC [M]  drivers/net/ipvlan/ipvlan_core.o
  LD [M]  drivers/target/tcm_fc/tcm_fc.o
  CC [M]  drivers/target/iscsi/iscsi_target_parameters.o
  CC [M]  drivers/infiniband/core/addr.o
  CC [M]  drivers/infiniband/hw/mlx4/cm.o
  CC [M]  drivers/gpu/drm/nouveau/nvkm/subdev/mc/nv50.o
  CC [M]  drivers/infiniband/hw/mlx4/alias_GUID.o
  CC [M]  drivers/net/ethernet/mellanox/mlx5/core/en_dim.o
  CC [M]  drivers/net/ethernet/mellanox/mlx5/core/en_txrx.o
  CC [M]  drivers/iio/industrialio-acpi.o
  CC [M]  drivers/net/bonding/bond_options.o
  CC [M]  drivers/gpu/drm/amd/amdgpu/../pm/powerplay/hwmgr/vega10_hwmgr.o
  CC [M]  drivers/gpu/drm/nouveau/nvkm/subdev/mc/g84.o
  CC [M]  drivers/target/iscsi/iscsi_target_seq_pdu_list.o
  CC [M]  drivers/net/ethernet/mellanox/mlxsw/minimal.o
  CC [M]  drivers/iio/accel/st_accel_core.o
  CC [M]  drivers/net/ipvlan/ipvlan_main.o
  LD [M]  drivers/net/ethernet/mellanox/mlxsw/mlxsw_core.o
  CC [M]  drivers/net/wireguard/main.o
  CC [M]  drivers/target/iscsi/iscsi_target_auth.o
  CC [M]  drivers/gpu/drm/nouveau/nvkm/subdev/mc/g98.o
  CC [M]  drivers/infiniband/hw/mlx4/sysfs.o
  CC [M]  drivers/iio/accel/st_accel_buffer.o
  CC [M]  drivers/infiniband/core/sa_query.o
  CC [M]  drivers/net/ethernet/mellanox/mlx5/core/en/xdp.o
  CC [M]  drivers/target/iscsi/iscsi_target_datain_values.o
  CC [M]  drivers/gpu/drm/nouveau/nvkm/subdev/mc/gt215.o
  CC [M]  drivers/gpu/drm/nouveau/nvkm/subdev/mc/gf100.o
  CC [M]  drivers/net/bonding/bond_procfs.o
  CC [M]  drivers/net/wireguard/noise.o
  LD [M]  drivers/net/ethernet/mellanox/mlxsw/mlxsw_pci.o
  LD [M]  drivers/net/ethernet/mellanox/mlxsw/mlxsw_i2c.o
  LD [M]  drivers/net/ethernet/mellanox/mlxsw/mlxsw_spectrum.o
  CC [M]  drivers/iio/accel/st_accel_i2c.o
  LD [M]  drivers/net/ethernet/mellanox/mlxsw/mlxsw_minimal.o
  CC [M]  drivers/target/iscsi/iscsi_target_device.o
  CC [M]  drivers/target/iscsi/iscsi_target_erl0.o
  LD [M]  drivers/infiniband/hw/mlx4/mlx4_ib.o
  CC [M]  drivers/net/wireguard/device.o
  CC [M]  drivers/gpu/drm/nouveau/nvkm/subdev/mc/gk104.o
  CC [M]  drivers/infiniband/hw/mlx5/ah.o
  LD [M]  drivers/iio/accel/st_accel.o
  CC [M]  drivers/infiniband/hw/bnxt_re/main.o
  CC [M]  drivers/iio/buffer/industrialio-buffer-cb.o
  CC [M]  drivers/net/ipvlan/ipvlan_l3s.o
  CC [M]  drivers/target/iscsi/iscsi_target_erl1.o
  LD [M]  drivers/net/bonding/bonding.o
  CC [M]  drivers/target/iscsi/iscsi_target_erl2.o
  CC [M]  drivers/target/iscsi/iscsi_target_login.o
  CC [M]  drivers/gpu/drm/amd/amdgpu/../pm/powerplay/hwmgr/vega10_powertune.o
  CC [M]  drivers/gpu/drm/nouveau/nvkm/subdev/mc/gk20a.o
  CC [M]  drivers/net/ethernet/mellanox/mlx5/core/en_stats.o
  CC [M]  drivers/infiniband/core/multicast.o
  CC [M]  drivers/infiniband/core/mad.o
  CC [M]  drivers/iio/buffer/industrialio-triggered-buffer.o
  CC [M]  drivers/infiniband/hw/mlx5/cmd.o
  CC [M]  drivers/net/wireguard/peer.o
  CC [M]  drivers/net/wireguard/timers.o
  LD [M]  drivers/net/ipvlan/ipvlan.o
  CC [M]  drivers/net/wireguard/queueing.o
  CC [M]  drivers/gpu/drm/nouveau/nvkm/subdev/mc/gp100.o
  CC [M]  drivers/iio/buffer/kfifo_buf.o
  CC [M]  drivers/gpu/drm/amd/amdgpu/../pm/powerplay/hwmgr/vega10_thermal.o
  CC [M]  drivers/gpu/drm/nouveau/nvkm/subdev/mc/gp10b.o
  CC [M]  drivers/infiniband/hw/bnxt_re/ib_verbs.o
  CC [M]  drivers/gpu/drm/nouveau/nvkm/subdev/mc/ga100.o
  CC [M]  drivers/infiniband/core/smi.o
  CC [M]  drivers/infiniband/hw/mlx5/cong.o
  CC [M]  drivers/net/wireguard/send.o
  CC [M]  drivers/target/iscsi/iscsi_target_nego.o
  CC [M]  drivers/iio/common/st_sensors/st_sensors_i2c.o
  CC [M]  drivers/iio/common/st_sensors/st_sensors_core.o
  CC [M]  drivers/iio/common/st_sensors/st_sensors_buffer.o
  CC [M]  drivers/gpu/drm/nouveau/nvkm/subdev/mmu/base.o
  CC [M]  drivers/net/ethernet/mellanox/mlx5/core/en_selftest.o
  CC [M]  drivers/gpu/drm/nouveau/nvkm/subdev/mmu/nv04.o
  CC [M]  drivers/gpu/drm/amd/amdgpu/../pm/powerplay/hwmgr/smu10_hwmgr.o
  CC [M]  drivers/target/iscsi/iscsi_target_nodeattrib.o
  CC [M]  drivers/infiniband/hw/mlx5/counters.o
  CC [M]  drivers/net/wireguard/receive.o
  CC [M]  drivers/infiniband/core/agent.o
  CC [M]  drivers/iio/common/st_sensors/st_sensors_trigger.o
  LD [M]  drivers/target/target_core_mod.o
  CC [M]  drivers/gpu/drm/nouveau/nvkm/subdev/mmu/nv41.o
  CC [M]  drivers/gpu/drm/nouveau/nvkm/subdev/mmu/nv44.o
  CC [M]  drivers/net/ethernet/mellanox/mlx5/core/en/port.o
  CC [M]  drivers/net/wireguard/socket.o
  CC [M]  drivers/net/wireguard/peerlookup.o
  CC [M]  drivers/target/iscsi/iscsi_target_tmr.o
  CC [M]  drivers/net/wireguard/allowedips.o
  CC [M]  drivers/gpu/drm/nouveau/nvkm/subdev/mmu/nv50.o
  CC [M]  drivers/infiniband/core/mad_rmpp.o
  CC [M]  drivers/gpu/drm/amd/amdgpu/../pm/powerplay/hwmgr/pp_psm.o
  CC [M]  drivers/infiniband/hw/bnxt_re/qplib_res.o
  LD [M]  drivers/iio/common/st_sensors/st_sensors.o
  CC [M]  drivers/target/iscsi/iscsi_target_tpg.o
  CC [M]  drivers/iio/humidity/hts221_core.o
  CC [M]  drivers/iio/humidity/hts221_buffer.o
  CC [M]  drivers/infiniband/hw/mlx5/cq.o
  CC [M]  drivers/gpu/drm/nouveau/nvkm/subdev/mmu/g84.o
  CC [M]  drivers/infiniband/core/nldev.o
  CC [M]  drivers/net/ethernet/mellanox/mlx5/core/en/monitor_stats.o
  CC [M]  drivers/net/can/vcan.o
  CC [M]  drivers/target/iscsi/iscsi_target_util.o
  CC [M]  drivers/iio/humidity/hts221_i2c.o
  CC [M]  drivers/gpu/drm/amd/amdgpu/../pm/powerplay/hwmgr/vega12_processpptables.o
  CC [M]  drivers/net/wireguard/ratelimiter.o
  CC [M]  drivers/target/iscsi/iscsi_target.o
  CC [M]  drivers/gpu/drm/nouveau/nvkm/subdev/mmu/mcp77.o
  CC [M]  drivers/infiniband/hw/bnxt_re/qplib_rcfw.o
  CC [M]  drivers/net/can/dev/skb.o
  LD [M]  drivers/iio/humidity/hts221.o
  CC [M]  drivers/iio/pressure/st_pressure_core.o
  CC [M]  drivers/net/wireguard/cookie.o
  CC [M]  drivers/gpu/drm/amd/amdgpu/../pm/powerplay/hwmgr/vega12_hwmgr.o
  CC [M]  drivers/gpu/drm/nouveau/nvkm/subdev/mmu/gf100.o
  CC [M]  drivers/net/ethernet/mellanox/mlx5/core/en/health.o
  CC [M]  drivers/net/ethernet/mellanox/mlx5/core/en/reporter_tx.o
  CC [M]  drivers/infiniband/hw/mlx5/data_direct.o
  CC [M]  drivers/infiniband/hw/bnxt_re/qplib_sp.o
  CC [M]  drivers/net/wireguard/netlink.o
  CC [M]  drivers/iio/pressure/st_pressure_buffer.o
  CC [M]  drivers/gpu/drm/nouveau/nvkm/subdev/mmu/gk104.o
  CC [M]  drivers/infiniband/core/restrack.o
  CC [M]  drivers/net/can/dev/calc_bittiming.o
  CC [M]  drivers/net/can/dev/bittiming.o
  CC [M]  drivers/iio/pressure/st_pressure_i2c.o
  CC [M]  drivers/infiniband/hw/bnxt_re/qplib_fp.o
  CC [M]  drivers/gpu/drm/nouveau/nvkm/subdev/mmu/gk20a.o
  CC [M]  drivers/infiniband/hw/mlx5/dm.o
  CC [M]  drivers/infiniband/hw/mlx5/dmah.o
  CC [M]  drivers/gpu/drm/amd/amdgpu/../pm/powerplay/hwmgr/vega12_thermal.o
  CC [M]  drivers/net/ethernet/mellanox/mlx5/core/en/reporter_rx.o
  CC [M]  drivers/target/iscsi/iscsi_target_configfs.o
  CC [M]  drivers/net/wireguard/generated/netlink.o
  LD [M]  drivers/iio/pressure/st_pressure.o
  CC [M]  drivers/net/can/dev/dev.o
  LD [M]  drivers/iio/industrialio.o
  CC [M]  drivers/gpu/drm/nouveau/nvkm/subdev/mmu/gm200.o
  CC [M]  drivers/gpu/drm/nouveau/nvkm/subdev/mmu/gm20b.o
  CC [M]  drivers/gpu/drm/nouveau/nvkm/subdev/mmu/gp100.o
  LD [M]  drivers/net/wireguard/wireguard.o
  CC [M]  drivers/infiniband/core/counters.o
  CC [M]  drivers/gpu/drm/amd/amdgpu/../pm/powerplay/hwmgr/pp_overdriver.o
  CC [M]  drivers/gpu/drm/amd/amdgpu/../pm/powerplay/hwmgr/smu_helper.o
  CC [M]  drivers/infiniband/core/trace.o
  CC [M]  drivers/infiniband/hw/mlx5/doorbell.o
  CC [M]  drivers/gpu/drm/nouveau/nvkm/subdev/mmu/gp10b.o
  CC [M]  drivers/gpu/drm/nouveau/nvkm/subdev/mmu/gv100.o
  CC [M]  drivers/gpu/drm/nouveau/nvkm/subdev/mmu/tu102.o
  CC [M]  drivers/gpu/drm/amd/amdgpu/../pm/powerplay/hwmgr/vega20_processpptables.o
  CC [M]  drivers/net/ethernet/mellanox/mlx5/core/en/params.o
  CC [M]  drivers/net/can/dev/length.o
  CC [M]  drivers/net/ethernet/mellanox/mlx5/core/en/xsk/pool.o
  CC [M]  drivers/infiniband/hw/bnxt_re/hw_counters.o
  CC [M]  drivers/net/ethernet/mellanox/mlx5/core/en/xsk/setup.o
  CC [M]  drivers/target/iscsi/iscsi_target_stat.o
  CC [M]  drivers/gpu/drm/nouveau/nvkm/subdev/mmu/gh100.o
  CC [M]  drivers/gpu/drm/nouveau/nvkm/subdev/mmu/mem.o
  CC [M]  drivers/infiniband/hw/mlx5/fs.o
  CC [M]  drivers/infiniband/hw/mlx5/gsi.o
  CC [M]  drivers/gpu/drm/amd/amdgpu/../pm/powerplay/hwmgr/vega20_hwmgr.o
  CC [M]  drivers/target/iscsi/iscsi_target_transport.o
  CC [M]  drivers/infiniband/core/lag.o
  CC [M]  drivers/net/can/dev/netlink.o
  CC [M]  drivers/gpu/drm/nouveau/nvkm/subdev/mmu/memnv04.o
  CC [M]  drivers/gpu/drm/nouveau/nvkm/subdev/mmu/memnv50.o
  LD [M]  drivers/target/iscsi/iscsi_target_mod.o
  CC [M]  drivers/infiniband/core/iter.o
  CC [M]  drivers/infiniband/hw/bnxt_re/debugfs.o
  CC [M]  drivers/infiniband/hw/bnxt_re/uapi.o
  CC [M]  drivers/gpu/drm/nouveau/nvkm/subdev/mmu/memgf100.o
  CC [M]  drivers/net/ethernet/mellanox/mlx5/core/en/xsk/rx.o
  CC [M]  drivers/net/ethernet/mellanox/mlx5/core/en/xsk/tx.o
  CC [M]  drivers/net/ethernet/mellanox/mlx5/core/en/devlink.o
  CC [M]  drivers/infiniband/hw/mlx5/ib_virt.o
  CC [M]  drivers/infiniband/core/frmr_pools.o
  CC [M]  drivers/net/can/dev/rx-offload.o
  CC [M]  drivers/net/ethernet/mellanox/mlx5/core/en/ptp.o
  CC [M]  drivers/gpu/drm/nouveau/nvkm/subdev/mmu/vmm.o
  CC [M]  drivers/gpu/drm/nouveau/nvkm/subdev/mmu/vmmnv04.o
  LD [M]  drivers/infiniband/hw/bnxt_re/bnxt_re.o
  CC [M]  drivers/gpu/drm/amd/amdgpu/../pm/powerplay/hwmgr/vega20_powertune.o
  CC [M]  drivers/gpu/drm/amd/amdgpu/../pm/powerplay/hwmgr/vega20_thermal.o
  CC [M]  drivers/gpu/drm/amd/amdgpu/../pm/powerplay/hwmgr/common_baco.o
  CC [M]  drivers/gpu/drm/amd/amdgpu/../pm/powerplay/hwmgr/vega10_baco.o
  CC [M]  drivers/gpu/drm/amd/amdgpu/../pm/powerplay/hwmgr/vega20_baco.o
  CC [M]  drivers/infiniband/hw/mlx5/mad.o
  CC [M]  drivers/infiniband/core/security.o
  LD [M]  drivers/net/can/dev/can-dev.o
  CC [M]  drivers/net/ethernet/mellanox/mlx5/core/en/qos.o
  CC [M]  drivers/net/ethernet/mellanox/mlx5/core/en/htb.o
  CC [M]  drivers/net/can/usb/usb_8dev.o
  CC [M]  drivers/net/can/usb/ems_usb.o
  CC [M]  drivers/gpu/drm/nouveau/nvkm/subdev/mmu/vmmnv41.o
  CC [M]  drivers/gpu/drm/nouveau/nvkm/subdev/mmu/vmmnv44.o
  CC [M]  drivers/infiniband/hw/mlx5/main.o
  CC [M]  drivers/infiniband/hw/mlx5/mem.o
  CC [M]  drivers/infiniband/hw/mlx5/mr.o
  CC [M]  drivers/gpu/drm/amd/amdgpu/../pm/powerplay/hwmgr/vega12_baco.o
  CC [M]  drivers/gpu/drm/amd/amdgpu/../pm/powerplay/hwmgr/smu9_baco.o
  CC [M]  drivers/gpu/drm/nouveau/nvkm/subdev/mmu/vmmnv50.o
  CC [M]  drivers/gpu/drm/nouveau/nvkm/subdev/mmu/vmmmcp77.o
  CC [M]  drivers/infiniband/core/cgroup.o
  CC [M]  drivers/net/can/usb/esd_usb.o
  CC [M]  drivers/infiniband/core/umem.o
  CC [M]  drivers/net/ethernet/mellanox/mlx5/core/en/trap.o
  CC [M]  drivers/net/usb/lan78xx.o
  CC [M]  drivers/infiniband/core/umem_dmabuf.o
  CC [M]  drivers/net/ethernet/mellanox/mlx5/core/en/fs_tt_redirect.o
  CC [M]  drivers/net/ethernet/mellanox/mlx5/core/en/selq.o
  CC [M]  drivers/gpu/drm/nouveau/nvkm/subdev/mmu/vmmgf100.o
  CC [M]  drivers/gpu/drm/amd/amdgpu/../pm/powerplay/hwmgr/tonga_baco.o
  CC [M]  drivers/net/can/usb/f81604.o
  CC [M]  drivers/net/can/usb/gs_usb.o
  CC [M]  drivers/gpu/drm/nouveau/nvkm/subdev/mmu/vmmgk104.o
  CC [M]  drivers/gpu/drm/nouveau/nvkm/subdev/mmu/vmmgk20a.o
  CC [M]  drivers/infiniband/core/umem_odp.o
  CC [M]  drivers/gpu/drm/amd/amdgpu/../pm/powerplay/hwmgr/polaris_baco.o
  CC [M]  drivers/gpu/drm/amd/amdgpu/../pm/powerplay/hwmgr/fiji_baco.o
  CC [M]  drivers/gpu/drm/amd/amdgpu/../pm/powerplay/hwmgr/ci_baco.o
  CC [M]  drivers/infiniband/hw/mlx5/qp.o
  CC [M]  drivers/net/ethernet/mellanox/mlx5/core/lib/crypto.o
  CC [M]  drivers/gpu/drm/amd/amdgpu/../pm/powerplay/hwmgr/smu7_baco.o
  CC [M]  drivers/net/usb/asix_devices.o
  CC [M]  drivers/gpu/drm/nouveau/nvkm/subdev/mmu/vmmgm200.o
  CC [M]  drivers/net/can/slcan/slcan-core.o
  CC [M]  drivers/gpu/drm/nouveau/nvkm/subdev/mmu/vmmgm20b.o
  CC [M]  drivers/net/can/usb/mcba_usb.o
  CC [M]  drivers/gpu/drm/nouveau/nvkm/subdev/mmu/vmmgp100.o
  CC [M]  drivers/infiniband/core/ib_core_uverbs.o
  CC [M]  drivers/gpu/drm/amd/amdgpu/../pm/powerplay/amd_powerplay.o
  CC [M]  drivers/gpu/drm/nouveau/nvkm/subdev/mmu/vmmgp10b.o
  CC [M]  drivers/gpu/drm/amd/amdgpu/../pm/legacy-dpm/legacy_dpm.o
  CC [M]  drivers/gpu/drm/amd/amdgpu/../pm/legacy-dpm/kv_dpm.o
  CC [M]  drivers/net/ethernet/mellanox/mlx5/core/lib/sd.o
  CC [M]  drivers/gpu/drm/amd/amdgpu/../pm/legacy-dpm/kv_smc.o
  CC [M]  drivers/net/usb/asix_common.o
  CC [M]  drivers/net/can/slcan/slcan-ethtool.o
  CC [M]  drivers/net/usb/ax88172a.o
  CC [M]  drivers/net/can/usb/ucan.o
  CC [M]  drivers/gpu/drm/nouveau/nvkm/subdev/mmu/vmmgv100.o
  CC [M]  drivers/infiniband/core/cm.o
  CC [M]  drivers/infiniband/hw/mlx5/qpc.o
  CC [M]  drivers/gpu/drm/nouveau/nvkm/subdev/mmu/vmmtu102.o
  CC [M]  drivers/net/ethernet/mellanox/mlx5/core/en/pcie_cong_event.o
  LD [M]  drivers/net/can/slcan/slcan.o
  CC [M]  drivers/net/ethernet/mellanox/mlx5/core/en_arfs.o
  CC [M]  drivers/gpu/drm/nouveau/nvkm/subdev/mmu/vmmgh100.o
  CC [M]  drivers/gpu/drm/nouveau/nvkm/subdev/mmu/umem.o
  CC [M]  drivers/net/usb/ax88179_178a.o
  CC [M]  drivers/net/can/usb/etas_es58x/es58x_core.o
  CC [M]  drivers/gpu/drm/amd/amdgpu/../pm/legacy-dpm/si_dpm.o
  CC [M]  drivers/net/can/usb/kvaser_usb/kvaser_usb_core.o
  CC [M]  drivers/net/can/usb/kvaser_usb/kvaser_usb_devlink.o
  CC [M]  drivers/infiniband/core/cm_trace.o
  CC [M]  drivers/net/can/usb/etas_es58x/es58x_devlink.o
  CC [M]  drivers/gpu/drm/nouveau/nvkm/subdev/mmu/ummu.o
  CC [M]  drivers/net/can/usb/kvaser_usb/kvaser_usb_leaf.o
  CC [M]  drivers/infiniband/hw/mlx5/restrack.o
  CC [M]  drivers/net/can/usb/etas_es58x/es581_4.o
  CC [M]  drivers/net/usb/cdc_ether.o
  CC [M]  drivers/net/ethernet/mellanox/mlx5/core/en_fs_ethtool.o
  CC [M]  drivers/net/ethernet/mellanox/mlx5/core/en_dcbnl.o
  CC [M]  drivers/gpu/drm/nouveau/nvkm/subdev/mmu/uvmm.o
  CC [M]  drivers/net/ethernet/mellanox/mlx5/core/en/port_buffer.o
  CC [M]  drivers/net/can/usb/peak_usb/pcan_usb_core.o
  CC [M]  drivers/net/can/usb/etas_es58x/es58x_fd.o
  CC [M]  drivers/net/can/usb/kvaser_usb/kvaser_usb_hydra.o
  CC [M]  drivers/infiniband/hw/mlx5/srq.o
  CC [M]  drivers/net/usb/net1080.o
  CC [M]  drivers/gpu/drm/nouveau/nvkm/subdev/mxm/base.o
  CC [M]  drivers/gpu/drm/nouveau/nvkm/subdev/mxm/mxms.o
  CC [M]  drivers/net/usb/cdc_subset.o
  CC [M]  drivers/net/can/usb/peak_usb/pcan_usb.o
  CC [M]  drivers/gpu/drm/amd/amdgpu/../pm/legacy-dpm/si_smc.o
  CC [M]  drivers/net/ethernet/mellanox/mlx5/core/en/hv_vhca_stats.o
  LD [M]  drivers/net/can/usb/etas_es58x/etas_es58x.o
  CC [M]  drivers/net/usb/zaurus.o
  CC [M]  drivers/net/usb/usbnet.o
  CC [M]  drivers/gpu/drm/nouveau/nvkm/subdev/mxm/nv50.o
  CC [M]  drivers/net/usb/cdc_ncm.o
  CC [M]  drivers/net/can/usb/peak_usb/pcan_usb_pro.o
  LD [M]  drivers/net/can/usb/kvaser_usb/kvaser_usb.o
  CC [M]  drivers/net/usb/huawei_cdc_ncm.o
  CC [M]  drivers/gpu/drm/nouveau/nvkm/subdev/pci/agp.o
  CC [M]  drivers/infiniband/hw/mlx5/srq_cmd.o
  CC [M]  drivers/gpu/drm/amd/amdgpu/../pm/amdgpu_dpm.o
  CC [M]  drivers/infiniband/core/iwcm.o
  CC [M]  drivers/net/can/usb/peak_usb/pcan_usb_fd.o
  CC [M]  drivers/infiniband/core/iwpm_util.o
  CC [M]  drivers/gpu/drm/nouveau/nvkm/subdev/pci/base.o
  CC [M]  drivers/net/ethernet/mellanox/mlx5/core/lag/mp.o
  CC [M]  drivers/net/ethernet/mellanox/mlx5/core/lag/port_sel.o
  CC [M]  drivers/infiniband/core/iwpm_msg.o
  LD [M]  drivers/net/can/usb/peak_usb/peak_usb.o
  CC [M]  drivers/infiniband/hw/mlx5/umr.o
  CC [M]  drivers/net/ethernet/mellanox/mlx5/core/lib/geneve.o
  CC [M]  drivers/gpu/drm/nouveau/nvkm/subdev/pci/pcie.o
  CC [M]  drivers/gpu/drm/nouveau/nvkm/subdev/pci/nv04.o
  CC [M]  drivers/infiniband/core/cma.o
  CC [M]  drivers/gpu/drm/amd/amdgpu/../pm/amdgpu_pm.o
  CC [M]  drivers/net/usb/qmi_wwan.o
  CC [M]  drivers/net/usb/cdc_mbim.o
  CC [M]  drivers/net/ethernet/mellanox/mlx5/core/lib/port_tun.o
  CC [M]  drivers/gpu/drm/amd/amdgpu/../pm/amdgpu_dpm_internal.o
  CC [M]  drivers/infiniband/core/cma_trace.o
  CC [M]  drivers/infiniband/core/cma_configfs.o
  CC [M]  drivers/gpu/drm/nouveau/nvkm/subdev/pci/nv40.o
  CC [M]  drivers/infiniband/hw/mlx5/wr.o
  CC [M]  drivers/gpu/drm/nouveau/nvkm/subdev/pci/nv46.o
  CC [M]  drivers/gpu/drm/amd/amdgpu/../display/amdgpu_dm/amdgpu_dm.o
  CC [M]  drivers/net/ethernet/mellanox/mlx5/core/en_rep.o
  CC [M]  drivers/gpu/drm/nouveau/nvkm/subdev/pci/nv4c.o
  CC [M]  drivers/net/usb/r8153_ecm.o
  CC [M]  drivers/gpu/drm/nouveau/nvkm/subdev/pci/g84.o
  CC [M]  drivers/gpu/drm/nouveau/nvkm/subdev/pci/g92.o
  CC [M]  drivers/gpu/drm/nouveau/nvkm/subdev/pci/g94.o
  CC [M]  drivers/infiniband/core/user_mad.o
  CC [M]  drivers/gpu/drm/nouveau/nvkm/subdev/pci/gf100.o
  CC [M]  drivers/gpu/drm/nouveau/nvkm/subdev/pci/gf106.o
  CC [M]  drivers/infiniband/core/uverbs_main.o
  CC [M]  drivers/net/ethernet/mellanox/mlx5/core/en/rep/bond.o
  CC [M]  drivers/net/ethernet/mellanox/mlx5/core/en/mod_hdr.o
  CC [M]  drivers/net/ethernet/mellanox/mlx5/core/en/mapping.o
  LD [M]  drivers/net/usb/asix.o
  CC [M]  drivers/net/ethernet/mellanox/mlx5/core/lag/mpesw.o
  CC [M]  drivers/infiniband/hw/mlx5/odp.o
  CC [M]  drivers/net/ethernet/mellanox/mlx5/core/lag/shared_fdb.o
  CC [M]  drivers/gpu/drm/nouveau/nvkm/subdev/pci/gk104.o
  CC [M]  drivers/infiniband/core/uverbs_cmd.o
  CC [M]  drivers/gpu/drm/nouveau/nvkm/subdev/pci/gp100.o
  CC [M]  drivers/gpu/drm/nouveau/nvkm/subdev/pci/gh100.o
  CC [M]  drivers/gpu/drm/amd/amdgpu/../display/amdgpu_dm/amdgpu_dm_plane.o
  CC [M]  drivers/net/ethernet/mellanox/mlx5/core/eswitch.o
  CC [M]  drivers/gpu/drm/amd/amdgpu/../display/amdgpu_dm/amdgpu_dm_crtc.o
  CC [M]  drivers/gpu/drm/amd/amdgpu/../display/amdgpu_dm/amdgpu_dm_irq.o
  CC [M]  drivers/gpu/drm/amd/amdgpu/../display/amdgpu_dm/amdgpu_dm_mst_types.o
  CC [M]  drivers/gpu/drm/amd/amdgpu/../display/amdgpu_dm/amdgpu_dm_color.o
  CC [M]  drivers/gpu/drm/nouveau/nvkm/subdev/pmu/base.o
  CC [M]  drivers/gpu/drm/nouveau/nvkm/subdev/pmu/memx.o
  CC [M]  drivers/infiniband/hw/mlx5/ib_rep.o
  CC [M]  drivers/infiniband/hw/mlx5/devx.o
  CC [M]  drivers/net/ethernet/mellanox/mlx5/core/eswitch_offloads.o
  CC [M]  drivers/gpu/drm/nouveau/nvkm/subdev/pmu/gt215.o
  CC [M]  drivers/gpu/drm/nouveau/nvkm/subdev/pmu/gf100.o
  CC [M]  drivers/infiniband/core/uverbs_marshall.o
  CC [M]  drivers/infiniband/core/uverbs_std_types.o
  CC [M]  drivers/infiniband/core/uverbs_ioctl.o
  CC [M]  drivers/infiniband/hw/mlx5/qos.o
  CC [M]  drivers/infiniband/core/uverbs_std_types_cq.o
  CC [M]  drivers/infiniband/hw/mlx5/std_types.o
  CC [M]  drivers/infiniband/core/uverbs_std_types_dmabuf.o
  CC [M]  drivers/gpu/drm/nouveau/nvkm/subdev/pmu/gf119.o
  CC [M]  drivers/gpu/drm/nouveau/nvkm/subdev/pmu/gk104.o
  CC [M]  drivers/gpu/drm/nouveau/nvkm/subdev/pmu/gk110.o
  CC [M]  drivers/gpu/drm/nouveau/nvkm/subdev/pmu/gk208.o
  CC [M]  drivers/gpu/drm/nouveau/nvkm/subdev/pmu/gk20a.o
  CC [M]  drivers/gpu/drm/nouveau/nvkm/subdev/pmu/gm107.o
  CC [M]  drivers/infiniband/core/uverbs_std_types_dmah.o
  CC [M]  drivers/gpu/drm/nouveau/nvkm/subdev/pmu/gm200.o
  CC [M]  drivers/gpu/drm/nouveau/nvkm/subdev/pmu/gm20b.o
  CC [M]  drivers/gpu/drm/nouveau/nvkm/subdev/pmu/gp102.o
  CC [M]  drivers/infiniband/core/uverbs_std_types_flow_action.o
  LD [M]  drivers/infiniband/hw/mlx5/mlx5_ib.o
  CC [M]  drivers/gpu/drm/nouveau/nvkm/subdev/pmu/gp10b.o
  CC [M]  drivers/infiniband/core/uverbs_std_types_dm.o
  CC [M]  drivers/gpu/drm/nouveau/nvkm/subdev/privring/gf100.o
  CC [M]  drivers/net/ethernet/mellanox/mlx5/core/eswitch_offloads_termtbl.o
  CC [M]  drivers/infiniband/core/uverbs_std_types_mr.o
  CC [M]  drivers/gpu/drm/nouveau/nvkm/subdev/privring/gf117.o
  CC [M]  drivers/net/ethernet/mellanox/mlx5/core/ecpf.o
  CC [M]  drivers/gpu/drm/amd/amdgpu/../display/amdgpu_dm/amdgpu_dm_services.o
  CC [M]  drivers/net/ethernet/mellanox/mlx5/core/rdma.o
  CC [M]  drivers/gpu/drm/nouveau/nvkm/subdev/privring/gk104.o
  CC [M]  drivers/gpu/drm/nouveau/nvkm/subdev/privring/gk20a.o
  CC [M]  drivers/infiniband/core/uverbs_std_types_counters.o
  CC [M]  drivers/net/ethernet/mellanox/mlx5/core/esw/legacy.o
  CC [M]  drivers/gpu/drm/nouveau/nvkm/subdev/privring/gm200.o
  CC [M]  drivers/gpu/drm/amd/amdgpu/../display/amdgpu_dm/amdgpu_dm_helpers.o
  CC [M]  drivers/gpu/drm/nouveau/nvkm/subdev/privring/gp10b.o
  CC [M]  drivers/net/ethernet/mellanox/mlx5/core/esw/adj_vport.o
  CC [M]  drivers/infiniband/core/uverbs_uapi.o
  CC [M]  drivers/infiniband/core/uverbs_std_types_device.o
  CC [M]  drivers/gpu/drm/nouveau/nvkm/subdev/therm/base.o
  CC [M]  drivers/infiniband/core/uverbs_std_types_async_fd.o
  CC [M]  drivers/infiniband/core/uverbs_std_types_srq.o
  CC [M]  drivers/infiniband/core/uverbs_std_types_wq.o
  CC [M]  drivers/infiniband/core/uverbs_std_types_qp.o
  CC [M]  drivers/gpu/drm/nouveau/nvkm/subdev/therm/fan.o
  CC [M]  drivers/gpu/drm/nouveau/nvkm/subdev/therm/fannil.o
  CC [M]  drivers/net/ethernet/mellanox/mlx5/core/esw/devlink_port.o
  CC [M]  drivers/net/ethernet/mellanox/mlx5/core/esw/vporttbl.o
  CC [M]  drivers/net/ethernet/mellanox/mlx5/core/esw/qos.o
  CC [M]  drivers/infiniband/core/ucma.o
  CC [M]  drivers/gpu/drm/nouveau/nvkm/subdev/therm/fanpwm.o
  CC [M]  drivers/gpu/drm/nouveau/nvkm/subdev/therm/fantog.o
  CC [M]  drivers/gpu/drm/nouveau/nvkm/subdev/therm/ic.o
  CC [M]  drivers/gpu/drm/amd/amdgpu/../display/amdgpu_dm/amdgpu_dm_pp_smu.o
  CC [M]  drivers/gpu/drm/nouveau/nvkm/subdev/therm/temp.o
  CC [M]  drivers/gpu/drm/amd/amdgpu/../display/amdgpu_dm/amdgpu_dm_psr.o
  CC [M]  drivers/gpu/drm/nouveau/nvkm/subdev/therm/nv40.o
  CC [M]  drivers/net/ethernet/mellanox/mlx5/core/esw/ipsec.o
  CC [M]  drivers/net/ethernet/mellanox/mlx5/core/esw/acl/helper.o
  CC [M]  drivers/net/ethernet/mellanox/mlx5/core/esw/acl/egress_lgcy.o
  CC [M]  drivers/net/ethernet/mellanox/mlx5/core/esw/acl/egress_ofld.o
  CC [M]  drivers/infiniband/core/rdma_core.o
  CC [M]  drivers/gpu/drm/nouveau/nvkm/subdev/therm/nv50.o
  CC [M]  drivers/gpu/drm/nouveau/nvkm/subdev/therm/g84.o
  CC [M]  drivers/net/ethernet/mellanox/mlx5/core/esw/acl/ingress_lgcy.o
  CC [M]  drivers/gpu/drm/amd/amdgpu/../display/amdgpu_dm/amdgpu_dm_replay.o
  CC [M]  drivers/net/ethernet/mellanox/mlx5/core/esw/acl/ingress_ofld.o
  CC [M]  drivers/gpu/drm/nouveau/nvkm/subdev/therm/gt215.o
  CC [M]  drivers/net/ethernet/mellanox/mlx5/core/esw/ipsec_fs.o
  CC [M]  drivers/net/ethernet/mellanox/mlx5/core/esw/bridge.o
  CC [M]  drivers/gpu/drm/nouveau/nvkm/subdev/therm/gf100.o
  CC [M]  drivers/gpu/drm/nouveau/nvkm/subdev/therm/gf119.o
  CC [M]  drivers/infiniband/core/ucaps.o
  CC [M]  drivers/infiniband/core/uverbs_flow.o
  CC [M]  drivers/net/ethernet/mellanox/mlx5/core/esw/bridge_mcast.o
  CC [M]  drivers/net/ethernet/mellanox/mlx5/core/esw/bridge_debugfs.o
  CC [M]  drivers/gpu/drm/amd/amdgpu/../display/amdgpu_dm/amdgpu_dm_quirks.o
  CC [M]  drivers/gpu/drm/amd/amdgpu/../display/amdgpu_dm/amdgpu_dm_wb.o
  CC [M]  drivers/net/ethernet/mellanox/mlx5/core/en/rep/bridge.o
  LD [M]  drivers/infiniband/core/ib_core.o
  CC [M]  drivers/net/ethernet/mellanox/mlx5/core/hwmon.o
  CC [M]  drivers/gpu/drm/nouveau/nvkm/subdev/therm/gk104.o
  CC [M]  drivers/gpu/drm/nouveau/nvkm/subdev/therm/gm107.o
  CC [M]  drivers/gpu/drm/nouveau/nvkm/subdev/therm/gm200.o
  CC [M]  drivers/gpu/drm/nouveau/nvkm/subdev/therm/gp100.o
  LD [M]  drivers/infiniband/core/ib_cm.o
  CC [M]  drivers/gpu/drm/amd/amdgpu/../display/amdgpu_dm/amdgpu_dm_colorop.o
  LD [M]  drivers/infiniband/core/iw_cm.o
  LD [M]  drivers/infiniband/core/rdma_cm.o
  CC [M]  drivers/gpu/drm/nouveau/nvkm/subdev/timer/base.o
  CC [M]  drivers/gpu/drm/nouveau/nvkm/subdev/timer/nv04.o
  LD [M]  drivers/infiniband/core/ib_umad.o
  CC [M]  drivers/gpu/drm/nouveau/nvkm/subdev/timer/nv40.o
  LD [M]  drivers/infiniband/core/ib_uverbs.o
  CC [M]  drivers/gpu/drm/nouveau/nvkm/subdev/timer/nv41.o
  CC [M]  drivers/gpu/drm/nouveau/nvkm/subdev/timer/gk20a.o
  LD [M]  drivers/infiniband/core/rdma_ucm.o
  LD [M]  drivers/infiniband/core/ib_uverbs_support.o
  CC [M]  drivers/gpu/drm/nouveau/nvkm/subdev/top/base.o
  CC [M]  drivers/gpu/drm/nouveau/nvkm/subdev/top/gk104.o
  CC [M]  drivers/gpu/drm/amd/amdgpu/../display/amdgpu_dm/amdgpu_dm_ism.o
  CC [M]  drivers/gpu/drm/nouveau/nvkm/subdev/top/ga100.o
  CC [M]  drivers/gpu/drm/nouveau/nvkm/subdev/vfn/base.o
  CC [M]  drivers/net/ethernet/mellanox/mlx5/core/lib/mpfs.o
  CC [M]  drivers/net/ethernet/mellanox/mlx5/core/lib/vxlan.o
  CC [M]  drivers/net/ethernet/mellanox/mlx5/core/lib/clock.o
  CC [M]  drivers/gpu/drm/nouveau/nvkm/subdev/vfn/uvfn.o
  CC [M]  drivers/net/ethernet/mellanox/mlx5/core/lib/hv.o
  CC [M]  drivers/net/ethernet/mellanox/mlx5/core/lib/hv_vhca.o
  CC [M]  drivers/net/ethernet/mellanox/mlx5/core/ipoib/ipoib.o
  CC [M]  drivers/net/ethernet/mellanox/mlx5/core/ipoib/ethtool.o
  CC [M]  drivers/net/ethernet/mellanox/mlx5/core/ipoib/ipoib_vlan.o
  CC [M]  drivers/net/ethernet/mellanox/mlx5/core/fpga/cmd.o
  CC [M]  drivers/net/ethernet/mellanox/mlx5/core/fpga/core.o
  CC [M]  drivers/gpu/drm/nouveau/nvkm/subdev/vfn/gv100.o
  CC [M]  drivers/gpu/drm/amd/amdgpu/../display/amdgpu_dm/dc_fpu.o
  CC [M]  drivers/net/ethernet/mellanox/mlx5/core/fpga/conn.o
  CC [M]  drivers/gpu/drm/amd/amdgpu/../display/amdgpu_dm/amdgpu_dm_hdcp.o
  CC [M]  drivers/gpu/drm/nouveau/nvkm/subdev/vfn/tu102.o
  CC [M]  drivers/gpu/drm/nouveau/nvkm/subdev/vfn/ga100.o
  CC [M]  drivers/gpu/drm/nouveau/nvkm/subdev/vfn/r535.o
  CC [M]  drivers/gpu/drm/amd/amdgpu/../display/amdgpu_dm/amdgpu_dm_crc.o
  CC [M]  drivers/gpu/drm/amd/amdgpu/../display/amdgpu_dm/amdgpu_dm_debugfs.o
  CC [M]  drivers/net/ethernet/mellanox/mlx5/core/fpga/sdk.o
  CC [M]  drivers/gpu/drm/nouveau/nvkm/subdev/volt/base.o
  CC [M]  drivers/gpu/drm/nouveau/nvkm/subdev/volt/gpio.o
  CC [M]  drivers/gpu/drm/nouveau/nvkm/subdev/volt/nv40.o
  CC [M]  drivers/gpu/drm/amd/amdgpu/../display/dc/dc_spl_translate.o
  CC [M]  drivers/gpu/drm/amd/amdgpu/../display/dc/basics/conversion.o
  CC [M]  drivers/gpu/drm/amd/amdgpu/../display/dc/basics/fixpt31_32.o
  CC [M]  drivers/gpu/drm/amd/amdgpu/../display/dc/basics/vector.o
  CC [M]  drivers/net/ethernet/mellanox/mlx5/core/en_accel/ipsec.o
  CC [M]  drivers/net/ethernet/mellanox/mlx5/core/en_accel/ipsec_rxtx.o
  CC [M]  drivers/net/ethernet/mellanox/mlx5/core/en_accel/ipsec_stats.o
  CC [M]  drivers/net/ethernet/mellanox/mlx5/core/en_accel/ipsec_fs.o
  CC [M]  drivers/gpu/drm/nouveau/nvkm/subdev/volt/gf100.o
  CC [M]  drivers/net/ethernet/mellanox/mlx5/core/en_accel/ipsec_offload.o
  CC [M]  drivers/gpu/drm/amd/amdgpu/../display/dc/basics/dc_common.o
  CC [M]  drivers/net/ethernet/mellanox/mlx5/core/lib/ipsec_fs_roce.o
  CC [M]  drivers/net/ethernet/mellanox/mlx5/core/steering/sws/dr_domain.o
  CC [M]  drivers/gpu/drm/amd/amdgpu/../display/dc/basics/dce_calcs.o
  CC [M]  drivers/net/ethernet/mellanox/mlx5/core/steering/sws/dr_table.o
  CC [M]  drivers/gpu/drm/nouveau/nvkm/subdev/volt/gf117.o
  CC [M]  drivers/gpu/drm/nouveau/nvkm/subdev/volt/gk104.o
  CC [M]  drivers/gpu/drm/nouveau/nvkm/subdev/volt/gk20a.o
  CC [M]  drivers/gpu/drm/nouveau/nvkm/subdev/volt/gm20b.o
  CC [M]  drivers/gpu/drm/nouveau/nvkm/engine/falcon.o
  CC [M]  drivers/net/ethernet/mellanox/mlx5/core/steering/sws/dr_matcher.o
  CC [M]  drivers/gpu/drm/amd/amdgpu/../display/dc/basics/custom_float.o
  CC [M]  drivers/gpu/drm/nouveau/nvkm/engine/xtensa.o
  CC [M]  drivers/gpu/drm/nouveau/nvkm/engine/bsp/g84.o
  CC [M]  drivers/gpu/drm/nouveau/nvkm/engine/ce/gt215.o
  CC [M]  drivers/gpu/drm/amd/amdgpu/../display/dc/basics/bw_fixed.o
  CC [M]  drivers/net/ethernet/mellanox/mlx5/core/steering/sws/dr_rule.o
  CC [M]  drivers/gpu/drm/amd/amdgpu/../display/dc/bios/bios_parser.o
  CC [M]  drivers/gpu/drm/amd/amdgpu/../display/dc/bios/bios_parser_interface.o
  CC [M]  drivers/net/ethernet/mellanox/mlx5/core/steering/sws/dr_icm_pool.o
  CC [M]  drivers/gpu/drm/amd/amdgpu/../display/dc/bios/bios_parser_helper.o
  CC [M]  drivers/gpu/drm/amd/amdgpu/../display/dc/bios/command_table.o
  CC [M]  drivers/gpu/drm/amd/amdgpu/../display/dc/bios/command_table_helper.o
  CC [M]  drivers/gpu/drm/nouveau/nvkm/engine/ce/gf100.o
  CC [M]  drivers/gpu/drm/amd/amdgpu/../display/dc/bios/bios_parser_common.o
  CC [M]  drivers/net/ethernet/mellanox/mlx5/core/steering/sws/dr_buddy.o
  CC [M]  drivers/net/ethernet/mellanox/mlx5/core/steering/sws/dr_ste.o
  CC [M]  drivers/gpu/drm/amd/amdgpu/../display/dc/bios/command_table2.o
  CC [M]  drivers/gpu/drm/amd/amdgpu/../display/dc/bios/command_table_helper2.o
  CC [M]  drivers/gpu/drm/nouveau/nvkm/engine/ce/gk104.o
  CC [M]  drivers/gpu/drm/nouveau/nvkm/engine/ce/gm107.o
  CC [M]  drivers/gpu/drm/nouveau/nvkm/engine/ce/gm200.o
  CC [M]  drivers/gpu/drm/nouveau/nvkm/engine/ce/gp100.o
  CC [M]  drivers/gpu/drm/nouveau/nvkm/engine/ce/gp102.o
  CC [M]  drivers/gpu/drm/amd/amdgpu/../display/dc/bios/bios_parser2.o
  CC [M]  drivers/gpu/drm/amd/amdgpu/../display/dc/bios/dce80/command_table_helper_dce80.o
  CC [M]  drivers/gpu/drm/amd/amdgpu/../display/dc/bios/dce110/command_table_helper_dce110.o
  CC [M]  drivers/gpu/drm/amd/amdgpu/../display/dc/bios/dce112/command_table_helper_dce112.o
  CC [M]  drivers/net/ethernet/mellanox/mlx5/core/steering/sws/dr_send.o
  CC [M]  drivers/net/ethernet/mellanox/mlx5/core/steering/sws/dr_ste_v0.o
  CC [M]  drivers/net/ethernet/mellanox/mlx5/core/steering/sws/dr_ste_v1.o
  CC [M]  drivers/net/ethernet/mellanox/mlx5/core/steering/sws/dr_ste_v2.o
  CC [M]  drivers/gpu/drm/nouveau/nvkm/engine/ce/gv100.o
  CC [M]  drivers/gpu/drm/nouveau/nvkm/engine/ce/tu102.o
  CC [M]  drivers/gpu/drm/nouveau/nvkm/engine/ce/ga100.o
  CC [M]  drivers/gpu/drm/nouveau/nvkm/engine/ce/ga102.o
  CC [M]  drivers/gpu/drm/nouveau/nvkm/engine/ce/gb202.o
  CC [M]  drivers/gpu/drm/nouveau/nvkm/engine/cipher/g84.o
  CC [M]  drivers/net/ethernet/mellanox/mlx5/core/steering/sws/dr_ste_v3.o
  CC [M]  drivers/net/ethernet/mellanox/mlx5/core/steering/sws/dr_cmd.o
  CC [M]  drivers/net/ethernet/mellanox/mlx5/core/steering/sws/dr_fw.o
  CC [M]  drivers/gpu/drm/amd/amdgpu/../display/dc/bios/dce112/command_table_helper2_dce112.o
  CC [M]  drivers/gpu/drm/nouveau/nvkm/engine/device/acpi.o
  CC [M]  drivers/gpu/drm/amd/amdgpu/../display/dc/dml/display_mode_lib.o
  CC [M]  drivers/gpu/drm/amd/amdgpu/../display/dc/dml/display_rq_dlg_helpers.o
  CC [M]  drivers/gpu/drm/amd/amdgpu/../display/dc/dml/dml1_display_rq_dlg_calc.o
  CC [M]  drivers/gpu/drm/amd/amdgpu/../display/dc/dml/dml1_frl_cap_chk.o
  CC [M]  drivers/net/ethernet/mellanox/mlx5/core/steering/sws/dr_action.o
  CC [M]  drivers/gpu/drm/amd/amdgpu/../display/dc/dml/dcn10/dcn10_fpu.o
  CC [M]  drivers/net/ethernet/mellanox/mlx5/core/steering/sws/dr_definer.o
  CC [M]  drivers/gpu/drm/amd/amdgpu/../display/dc/dml/dcn20/dcn20_fpu.o
  CC [M]  drivers/gpu/drm/nouveau/nvkm/engine/device/base.o
  CC [M]  drivers/gpu/drm/nouveau/nvkm/engine/device/ctrl.o
  CC [M]  drivers/net/ethernet/mellanox/mlx5/core/steering/sws/dr_ptrn.o
  CC [M]  drivers/gpu/drm/amd/amdgpu/../display/dc/dml/display_mode_vba.o
  CC [M]  drivers/net/ethernet/mellanox/mlx5/core/steering/sws/dr_arg.o
  CC [M]  drivers/net/ethernet/mellanox/mlx5/core/steering/sws/dr_dbg.o
  CC [M]  drivers/gpu/drm/amd/amdgpu/../display/dc/dml/dcn20/display_rq_dlg_calc_20.o
  CC [M]  drivers/gpu/drm/amd/amdgpu/../display/dc/dml/dcn20/display_mode_vba_20.o
  CC [M]  drivers/gpu/drm/amd/amdgpu/../display/dc/dml/dcn20/display_rq_dlg_calc_20v2.o
  CC [M]  drivers/gpu/drm/amd/amdgpu/../display/dc/dml/dcn20/display_mode_vba_20v2.o
  CC [M]  drivers/gpu/drm/nouveau/nvkm/engine/device/pci.o
  CC [M]  drivers/gpu/drm/nouveau/nvkm/engine/device/tegra.o
  CC [M]  drivers/gpu/drm/nouveau/nvkm/engine/device/user.o
  CC [M]  drivers/gpu/drm/nouveau/nvkm/engine/disp/base.o
  CC [M]  drivers/gpu/drm/nouveau/nvkm/engine/disp/chan.o
  CC [M]  drivers/gpu/drm/nouveau/nvkm/engine/disp/conn.o
  CC [M]  drivers/net/ethernet/mellanox/mlx5/core/steering/sws/fs_dr.o
  CC [M]  drivers/gpu/drm/nouveau/nvkm/engine/disp/dp.o
  CC [M]  drivers/net/ethernet/mellanox/mlx5/core/lib/smfs.o
  CC [M]  drivers/net/ethernet/mellanox/mlx5/core/steering/hws/cmd.o
  CC [M]  drivers/gpu/drm/nouveau/nvkm/engine/disp/hdmi.o
  CC [M]  drivers/gpu/drm/nouveau/nvkm/engine/disp/head.o
  CC [M]  drivers/gpu/drm/amd/amdgpu/../display/dc/dml/dcn21/display_rq_dlg_calc_21.o
  CC [M]  drivers/gpu/drm/nouveau/nvkm/engine/disp/ior.o
  CC [M]  drivers/gpu/drm/amd/amdgpu/../display/dc/dml/dcn21/display_mode_vba_21.o
  CC [M]  drivers/gpu/drm/nouveau/nvkm/engine/disp/outp.o
  CC [M]  drivers/gpu/drm/amd/amdgpu/../display/dc/dml/dcn30/dcn30_fpu.o
  CC [M]  drivers/gpu/drm/amd/amdgpu/../display/dc/dml/dcn30/display_mode_vba_30.o
  CC [M]  drivers/gpu/drm/amd/amdgpu/../display/dc/dml/dcn30/display_rq_dlg_calc_30.o
  CC [M]  drivers/gpu/drm/amd/amdgpu/../display/dc/dml/dcn31/display_mode_vba_31.o
  CC [M]  drivers/gpu/drm/amd/amdgpu/../display/dc/dml/dcn31/display_rq_dlg_calc_31.o
  CC [M]  drivers/gpu/drm/amd/amdgpu/../display/dc/dml/dcn314/display_mode_vba_314.o
  CC [M]  drivers/gpu/drm/nouveau/nvkm/engine/disp/vga.o
  CC [M]  drivers/gpu/drm/nouveau/nvkm/engine/disp/nv04.o
  CC [M]  drivers/net/ethernet/mellanox/mlx5/core/steering/hws/context.o
  CC [M]  drivers/gpu/drm/amd/amdgpu/../display/dc/dml/dcn314/display_rq_dlg_calc_314.o
  CC [M]  drivers/net/ethernet/mellanox/mlx5/core/steering/hws/pat_arg.o
  CC [M]  drivers/net/ethernet/mellanox/mlx5/core/steering/hws/buddy.o
  CC [M]  drivers/gpu/drm/nouveau/nvkm/engine/disp/nv50.o
  CC [M]  drivers/gpu/drm/nouveau/nvkm/engine/disp/g84.o
  CC [M]  drivers/gpu/drm/nouveau/nvkm/engine/disp/g94.o
  CC [M]  drivers/gpu/drm/nouveau/nvkm/engine/disp/gt200.o
  CC [M]  drivers/gpu/drm/nouveau/nvkm/engine/disp/mcp77.o
  CC [M]  drivers/net/ethernet/mellanox/mlx5/core/steering/hws/pool.o
  CC [M]  drivers/gpu/drm/nouveau/nvkm/engine/disp/gt215.o
  CC [M]  drivers/gpu/drm/nouveau/nvkm/engine/disp/mcp89.o
  CC [M]  drivers/net/ethernet/mellanox/mlx5/core/steering/hws/table.o
  CC [M]  drivers/net/ethernet/mellanox/mlx5/core/steering/hws/action.o
  CC [M]  drivers/net/ethernet/mellanox/mlx5/core/steering/hws/rule.o
  CC [M]  drivers/net/ethernet/mellanox/mlx5/core/steering/hws/matcher.o
  CC [M]  drivers/net/ethernet/mellanox/mlx5/core/steering/hws/send.o
  CC [M]  drivers/gpu/drm/amd/amdgpu/../display/dc/dml/dcn32/display_mode_vba_32.o
  CC [M]  drivers/gpu/drm/amd/amdgpu/../display/dc/dml/dcn32/display_rq_dlg_calc_32.o
  CC [M]  drivers/gpu/drm/nouveau/nvkm/engine/disp/gf119.o
  CC [M]  drivers/gpu/drm/nouveau/nvkm/engine/disp/gk104.o
  CC [M]  drivers/gpu/drm/nouveau/nvkm/engine/disp/gk110.o
  CC [M]  drivers/net/ethernet/mellanox/mlx5/core/steering/hws/definer.o
  CC [M]  drivers/gpu/drm/nouveau/nvkm/engine/disp/gm107.o
  CC [M]  drivers/net/ethernet/mellanox/mlx5/core/steering/hws/bwc.o
  CC [M]  drivers/gpu/drm/nouveau/nvkm/engine/disp/gm200.o
  CC [M]  drivers/gpu/drm/nouveau/nvkm/engine/disp/gp100.o
  CC [M]  drivers/gpu/drm/nouveau/nvkm/engine/disp/gp102.o
  CC [M]  drivers/gpu/drm/nouveau/nvkm/engine/disp/gv100.o
  CC [M]  drivers/gpu/drm/nouveau/nvkm/engine/disp/tu102.o
  CC [M]  drivers/gpu/drm/amd/amdgpu/../display/dc/dml/dcn32/display_mode_vba_util_32.o
  CC [M]  drivers/gpu/drm/amd/amdgpu/../display/dc/dml/dcn31/dcn31_fpu.o
  CC [M]  drivers/gpu/drm/amd/amdgpu/../display/dc/dml/dcn32/dcn32_fpu.o
  CC [M]  drivers/gpu/drm/amd/amdgpu/../display/dc/dml/dcn321/dcn321_fpu.o
  CC [M]  drivers/gpu/drm/amd/amdgpu/../display/dc/dml/dcn301/dcn301_fpu.o
  CC [M]  drivers/gpu/drm/nouveau/nvkm/engine/disp/ga102.o
  CC [M]  drivers/gpu/drm/nouveau/nvkm/engine/disp/gb202.o
  CC [M]  drivers/gpu/drm/nouveau/nvkm/engine/disp/udisp.o
  CC [M]  drivers/gpu/drm/amd/amdgpu/../display/dc/dml/dcn302/dcn302_fpu.o
  CC [M]  drivers/gpu/drm/amd/amdgpu/../display/dc/dml/dcn303/dcn303_fpu.o
  CC [M]  drivers/net/ethernet/mellanox/mlx5/core/steering/hws/debug.o
  CC [M]  drivers/net/ethernet/mellanox/mlx5/core/steering/hws/vport.o
  CC [M]  drivers/net/ethernet/mellanox/mlx5/core/steering/hws/bwc_complex.o
  CC [M]  drivers/net/ethernet/mellanox/mlx5/core/steering/hws/fs_hws_pools.o
  CC [M]  drivers/net/ethernet/mellanox/mlx5/core/steering/hws/fs_hws.o
  CC [M]  drivers/gpu/drm/amd/amdgpu/../display/dc/dml/dcn314/dcn314_fpu.o
  CC [M]  drivers/gpu/drm/nouveau/nvkm/engine/disp/uconn.o
  CC [M]  drivers/gpu/drm/nouveau/nvkm/engine/disp/uoutp.o
  CC [M]  drivers/gpu/drm/nouveau/nvkm/engine/disp/uhead.o
  CC [M]  drivers/gpu/drm/amd/amdgpu/../display/dc/dml/dcn35/dcn35_fpu.o
  CC [M]  drivers/gpu/drm/nouveau/nvkm/engine/dma/base.o
  CC [M]  drivers/gpu/drm/nouveau/nvkm/engine/dma/nv04.o
  CC [M]  drivers/net/ethernet/mellanox/mlx5/core/steering/hws/action_ste_pool.o
  CC [M]  drivers/gpu/drm/amd/amdgpu/../display/dc/dml/dcn351/dcn351_fpu.o
  CC [M]  drivers/gpu/drm/nouveau/nvkm/engine/dma/nv50.o
  CC [M]  drivers/gpu/drm/nouveau/nvkm/engine/dma/gf100.o
  CC [M]  drivers/gpu/drm/amd/amdgpu/../display/dc/dml/dsc/rc_calc_fpu.o
  CC [M]  drivers/gpu/drm/amd/amdgpu/../display/dc/dml/calcs/dcn_calcs.o
  CC [M]  drivers/gpu/drm/amd/amdgpu/../display/dc/dml/calcs/dcn_calc_math.o
  CC [M]  drivers/gpu/drm/amd/amdgpu/../display/dc/dml/calcs/dcn_calc_auto.o
  CC [M]  drivers/gpu/drm/amd/amdgpu/../display/dc/clk_mgr/clk_mgr.o
  CC [M]  drivers/gpu/drm/nouveau/nvkm/engine/dma/gf119.o
  CC [M]  drivers/gpu/drm/amd/amdgpu/../display/dc/clk_mgr/dce100/dce_clk_mgr.o
  CC [M]  drivers/gpu/drm/amd/amdgpu/../display/dc/clk_mgr/dce110/dce110_clk_mgr.o
  CC [M]  drivers/gpu/drm/nouveau/nvkm/engine/dma/gv100.o
  CC [M]  drivers/gpu/drm/nouveau/nvkm/engine/dma/user.o
  CC [M]  drivers/gpu/drm/nouveau/nvkm/engine/dma/usernv04.o
  CC [M]  drivers/gpu/drm/amd/amdgpu/../display/dc/clk_mgr/dce112/dce112_clk_mgr.o
  CC [M]  drivers/gpu/drm/nouveau/nvkm/engine/dma/usernv50.o
  LD [M]  drivers/net/ethernet/mellanox/mlx5/core/mlx5_core.o
  CC [M]  drivers/gpu/drm/amd/amdgpu/../display/dc/clk_mgr/dce120/dce120_clk_mgr.o
  CC [M]  drivers/gpu/drm/nouveau/nvkm/engine/dma/usergf100.o
  CC [M]  drivers/gpu/drm/amd/amdgpu/../display/dc/clk_mgr/dcn10/rv1_clk_mgr.o
  CC [M]  drivers/gpu/drm/amd/amdgpu/../display/dc/clk_mgr/dcn10/rv1_clk_mgr_vbios_smu.o
  CC [M]  drivers/gpu/drm/amd/amdgpu/../display/dc/clk_mgr/dcn10/rv2_clk_mgr.o
  CC [M]  drivers/gpu/drm/nouveau/nvkm/engine/dma/usergf119.o
  CC [M]  drivers/gpu/drm/amd/amdgpu/../display/dc/clk_mgr/dcn20/dcn20_clk_mgr.o
  CC [M]  drivers/gpu/drm/nouveau/nvkm/engine/dma/usergv100.o
  CC [M]  drivers/gpu/drm/nouveau/nvkm/engine/fifo/base.o
  CC [M]  drivers/gpu/drm/nouveau/nvkm/engine/fifo/cgrp.o
  CC [M]  drivers/gpu/drm/amd/amdgpu/../display/dc/clk_mgr/dcn201/dcn201_clk_mgr.o
  CC [M]  drivers/gpu/drm/nouveau/nvkm/engine/fifo/chan.o
  CC [M]  drivers/gpu/drm/amd/amdgpu/../display/dc/clk_mgr/dcn21/rn_clk_mgr.o
  CC [M]  drivers/gpu/drm/amd/amdgpu/../display/dc/clk_mgr/dcn21/rn_clk_mgr_vbios_smu.o
  AR      drivers/net/ethernet/built-in.a
  CC [M]  drivers/gpu/drm/amd/amdgpu/../display/dc/clk_mgr/dcn30/dcn30_clk_mgr.o
  CC [M]  drivers/gpu/drm/amd/amdgpu/../display/dc/clk_mgr/dcn30/dcn30_clk_mgr_smu_msg.o
  CC [M]  drivers/gpu/drm/nouveau/nvkm/engine/fifo/chid.o
  CC [M]  drivers/gpu/drm/amd/amdgpu/../display/dc/clk_mgr/dcn30/dcn30m_clk_mgr.o
  CC [M]  drivers/gpu/drm/amd/amdgpu/../display/dc/clk_mgr/dcn30/dcn30m_clk_mgr_smu_msg.o
  AR      drivers/net/built-in.a
  CC [M]  drivers/gpu/drm/nouveau/nvkm/engine/fifo/runl.o
  CC [M]  drivers/gpu/drm/amd/amdgpu/../display/dc/clk_mgr/dcn301/vg_clk_mgr.o
  CC [M]  drivers/gpu/drm/nouveau/nvkm/engine/fifo/runq.o
  CC [M]  drivers/gpu/drm/amd/amdgpu/../display/dc/clk_mgr/dcn301/dcn301_smu.o
  CC [M]  drivers/gpu/drm/amd/amdgpu/../display/dc/clk_mgr/dcn31/dcn31_smu.o
  CC [M]  drivers/gpu/drm/nouveau/nvkm/engine/fifo/nv04.o
  CC [M]  drivers/gpu/drm/nouveau/nvkm/engine/fifo/nv10.o
  CC [M]  drivers/gpu/drm/amd/amdgpu/../display/dc/clk_mgr/dcn31/dcn31_clk_mgr.o
  CC [M]  drivers/gpu/drm/amd/amdgpu/../display/dc/clk_mgr/dcn314/dcn314_smu.o
  CC [M]  drivers/gpu/drm/amd/amdgpu/../display/dc/clk_mgr/dcn314/dcn314_clk_mgr.o
  CC [M]  drivers/gpu/drm/amd/amdgpu/../display/dc/clk_mgr/dcn315/dcn315_smu.o
  CC [M]  drivers/gpu/drm/nouveau/nvkm/engine/fifo/nv17.o
  CC [M]  drivers/gpu/drm/nouveau/nvkm/engine/fifo/nv40.o
  CC [M]  drivers/gpu/drm/amd/amdgpu/../display/dc/clk_mgr/dcn315/dcn315_clk_mgr.o
  CC [M]  drivers/gpu/drm/nouveau/nvkm/engine/fifo/nv50.o
  CC [M]  drivers/gpu/drm/nouveau/nvkm/engine/fifo/g84.o
  CC [M]  drivers/gpu/drm/amd/amdgpu/../display/dc/clk_mgr/dcn316/dcn316_smu.o
  CC [M]  drivers/gpu/drm/nouveau/nvkm/engine/fifo/g98.o
  CC [M]  drivers/gpu/drm/nouveau/nvkm/engine/fifo/gf100.o
  CC [M]  drivers/gpu/drm/nouveau/nvkm/engine/fifo/gk104.o
  CC [M]  drivers/gpu/drm/nouveau/nvkm/engine/fifo/gk110.o
  CC [M]  drivers/gpu/drm/nouveau/nvkm/engine/fifo/gk208.o
  CC [M]  drivers/gpu/drm/nouveau/nvkm/engine/fifo/gk20a.o
  CC [M]  drivers/gpu/drm/nouveau/nvkm/engine/fifo/gm107.o
  CC [M]  drivers/gpu/drm/nouveau/nvkm/engine/fifo/gm200.o
  CC [M]  drivers/gpu/drm/amd/amdgpu/../display/dc/clk_mgr/dcn316/dcn316_clk_mgr.o
  CC [M]  drivers/gpu/drm/nouveau/nvkm/engine/fifo/gp100.o
  CC [M]  drivers/gpu/drm/nouveau/nvkm/engine/fifo/gv100.o
  CC [M]  drivers/gpu/drm/nouveau/nvkm/engine/fifo/tu102.o
  CC [M]  drivers/gpu/drm/nouveau/nvkm/engine/fifo/ga100.o
  CC [M]  drivers/gpu/drm/nouveau/nvkm/engine/fifo/ga102.o
  CC [M]  drivers/gpu/drm/amd/amdgpu/../display/dc/clk_mgr/dcn32/dcn32_clk_mgr.o
  CC [M]  drivers/gpu/drm/nouveau/nvkm/engine/fifo/gb202.o
  CC [M]  drivers/gpu/drm/nouveau/nvkm/engine/fifo/ucgrp.o
  CC [M]  drivers/gpu/drm/nouveau/nvkm/engine/fifo/uchan.o
  CC [M]  drivers/gpu/drm/amd/amdgpu/../display/dc/clk_mgr/dcn32/dcn32_clk_mgr_smu_msg.o
  CC [M]  drivers/gpu/drm/nouveau/nvkm/engine/gr/base.o
  CC [M]  drivers/gpu/drm/nouveau/nvkm/engine/gr/nv04.o
  CC [M]  drivers/gpu/drm/nouveau/nvkm/engine/gr/nv10.o
  CC [M]  drivers/gpu/drm/amd/amdgpu/../display/dc/clk_mgr/dcn35/dcn35_smu.o
  CC [M]  drivers/gpu/drm/nouveau/nvkm/engine/gr/nv15.o
  CC [M]  drivers/gpu/drm/nouveau/nvkm/engine/gr/nv17.o
  CC [M]  drivers/gpu/drm/nouveau/nvkm/engine/gr/nv20.o
  CC [M]  drivers/gpu/drm/nouveau/nvkm/engine/gr/nv25.o
  CC [M]  drivers/gpu/drm/nouveau/nvkm/engine/gr/nv2a.o
  CC [M]  drivers/gpu/drm/amd/amdgpu/../display/dc/clk_mgr/dcn35/dcn351_clk_mgr.o
  CC [M]  drivers/gpu/drm/nouveau/nvkm/engine/gr/nv30.o
  CC [M]  drivers/gpu/drm/nouveau/nvkm/engine/gr/nv34.o
  CC [M]  drivers/gpu/drm/amd/amdgpu/../display/dc/clk_mgr/dcn35/dcn35_clk_mgr.o
  CC [M]  drivers/gpu/drm/nouveau/nvkm/engine/gr/nv35.o
  CC [M]  drivers/gpu/drm/nouveau/nvkm/engine/gr/nv40.o
  CC [M]  drivers/gpu/drm/nouveau/nvkm/engine/gr/nv44.o
  CC [M]  drivers/gpu/drm/nouveau/nvkm/engine/gr/nv50.o
  CC [M]  drivers/gpu/drm/amd/amdgpu/../display/dc/clk_mgr/dcn401/dcn401_clk_mgr.o
  CC [M]  drivers/gpu/drm/amd/amdgpu/../display/dc/clk_mgr/dcn401/dcn401_clk_mgr_smu_msg.o
  CC [M]  drivers/gpu/drm/nouveau/nvkm/engine/gr/g84.o
  CC [M]  drivers/gpu/drm/amd/amdgpu/../display/dc/clk_mgr/dcn42/dcn42_smu.o
  CC [M]  drivers/gpu/drm/nouveau/nvkm/engine/gr/gt200.o
  CC [M]  drivers/gpu/drm/nouveau/nvkm/engine/gr/mcp79.o
  CC [M]  drivers/gpu/drm/nouveau/nvkm/engine/gr/gt215.o
  CC [M]  drivers/gpu/drm/amd/amdgpu/../display/dc/clk_mgr/dcn42/dcn42_clk_mgr.o
  CC [M]  drivers/gpu/drm/amd/amdgpu/../display/dc/clk_mgr/dcn42b/dcn42b_clk_mgr.o
  CC [M]  drivers/gpu/drm/amd/amdgpu/../display/dc/dce/dce_audio.o
  CC [M]  drivers/gpu/drm/nouveau/nvkm/engine/gr/mcp89.o
  CC [M]  drivers/gpu/drm/nouveau/nvkm/engine/gr/gf100.o
  CC [M]  drivers/gpu/drm/amd/amdgpu/../display/dc/dce/dce_stream_encoder.o
  CC [M]  drivers/gpu/drm/nouveau/nvkm/engine/gr/gf104.o
  CC [M]  drivers/gpu/drm/nouveau/nvkm/engine/gr/gf108.o
  CC [M]  drivers/gpu/drm/amd/amdgpu/../display/dc/dce/dce_link_encoder.o
  CC [M]  drivers/gpu/drm/amd/amdgpu/../display/dc/dce/dce_mem_input.o
  CC [M]  drivers/gpu/drm/amd/amdgpu/../display/dc/dce/dce_clock_source.o
  CC [M]  drivers/gpu/drm/nouveau/nvkm/engine/gr/gf110.o
  CC [M]  drivers/gpu/drm/amd/amdgpu/../display/dc/dce/dce_scl_filters.o
  CC [M]  drivers/gpu/drm/amd/amdgpu/../display/dc/dce/dce_transform.o
  CC [M]  drivers/gpu/drm/amd/amdgpu/../display/dc/dce/dce_opp.o
  CC [M]  drivers/gpu/drm/amd/amdgpu/../display/dc/dce/dce_dmcu.o
  CC [M]  drivers/gpu/drm/amd/amdgpu/../display/dc/dce/dce_abm.o
  CC [M]  drivers/gpu/drm/nouveau/nvkm/engine/gr/gf117.o
  CC [M]  drivers/gpu/drm/amd/amdgpu/../display/dc/dce/dce_ipp.o
  CC [M]  drivers/gpu/drm/nouveau/nvkm/engine/gr/gf119.o
  CC [M]  drivers/gpu/drm/amd/amdgpu/../display/dc/dce/dce_aux.o
  CC [M]  drivers/gpu/drm/nouveau/nvkm/engine/gr/gk104.o
  CC [M]  drivers/gpu/drm/nouveau/nvkm/engine/gr/gk110.o
  CC [M]  drivers/gpu/drm/amd/amdgpu/../display/dc/dce/dce_i2c.o
  CC [M]  drivers/gpu/drm/amd/amdgpu/../display/dc/dce/dce_i2c_hw.o
  CC [M]  drivers/gpu/drm/amd/amdgpu/../display/dc/dce/dce_i2c_sw.o
  CC [M]  drivers/gpu/drm/nouveau/nvkm/engine/gr/gk110b.o
  CC [M]  drivers/gpu/drm/nouveau/nvkm/engine/gr/gk208.o
  CC [M]  drivers/gpu/drm/nouveau/nvkm/engine/gr/gk20a.o
  CC [M]  drivers/gpu/drm/nouveau/nvkm/engine/gr/gm107.o
  CC [M]  drivers/gpu/drm/nouveau/nvkm/engine/gr/gm200.o
  CC [M]  drivers/gpu/drm/amd/amdgpu/../display/dc/dce/dmub_psr.o
  CC [M]  drivers/gpu/drm/nouveau/nvkm/engine/gr/gm20b.o
  CC [M]  drivers/gpu/drm/nouveau/nvkm/engine/gr/gp100.o
  CC [M]  drivers/gpu/drm/nouveau/nvkm/engine/gr/gp102.o
  CC [M]  drivers/gpu/drm/amd/amdgpu/../display/dc/dce/dmub_abm.o
  CC [M]  drivers/gpu/drm/amd/amdgpu/../display/dc/dce/dmub_abm_lcd.o
  CC [M]  drivers/gpu/drm/nouveau/nvkm/engine/gr/gp104.o
  CC [M]  drivers/gpu/drm/nouveau/nvkm/engine/gr/gp107.o
  CC [M]  drivers/gpu/drm/nouveau/nvkm/engine/gr/gp108.o
  CC [M]  drivers/gpu/drm/nouveau/nvkm/engine/gr/gp10b.o
  CC [M]  drivers/gpu/drm/nouveau/nvkm/engine/gr/gv100.o
  CC [M]  drivers/gpu/drm/nouveau/nvkm/engine/gr/tu102.o
  CC [M]  drivers/gpu/drm/amd/amdgpu/../display/dc/dce/dce_panel_cntl.o
  CC [M]  drivers/gpu/drm/nouveau/nvkm/engine/gr/ga102.o
  CC [M]  drivers/gpu/drm/amd/amdgpu/../display/dc/dce/dmub_hw_lock_mgr.o
  CC [M]  drivers/gpu/drm/nouveau/nvkm/engine/gr/ctxnv40.o
  CC [M]  drivers/gpu/drm/nouveau/nvkm/engine/gr/ctxnv50.o
  CC [M]  drivers/gpu/drm/nouveau/nvkm/engine/gr/ctxgf100.o
  CC [M]  drivers/gpu/drm/nouveau/nvkm/engine/gr/ctxgf104.o
  CC [M]  drivers/gpu/drm/nouveau/nvkm/engine/gr/ctxgf108.o
  CC [M]  drivers/gpu/drm/nouveau/nvkm/engine/gr/ctxgf110.o
  CC [M]  drivers/gpu/drm/amd/amdgpu/../display/dc/dce/dmub_outbox.o
  CC [M]  drivers/gpu/drm/amd/amdgpu/../display/dc/dce/dmub_replay.o
  CC [M]  drivers/gpu/drm/amd/amdgpu/../display/dc/gpio/gpio_base.o
  CC [M]  drivers/gpu/drm/nouveau/nvkm/engine/gr/ctxgf117.o
  CC [M]  drivers/gpu/drm/nouveau/nvkm/engine/gr/ctxgf119.o
  CC [M]  drivers/gpu/drm/nouveau/nvkm/engine/gr/ctxgk104.o
  CC [M]  drivers/gpu/drm/amd/amdgpu/../display/dc/gpio/gpio_service.o
  CC [M]  drivers/gpu/drm/nouveau/nvkm/engine/gr/ctxgk110.o
  CC [M]  drivers/gpu/drm/nouveau/nvkm/engine/gr/ctxgk110b.o
  CC [M]  drivers/gpu/drm/amd/amdgpu/../display/dc/gpio/hw_factory.o
  CC [M]  drivers/gpu/drm/amd/amdgpu/../display/dc/gpio/hw_gpio.o
  CC [M]  drivers/gpu/drm/amd/amdgpu/../display/dc/gpio/hw_hpd.o
  CC [M]  drivers/gpu/drm/nouveau/nvkm/engine/gr/ctxgk208.o
  CC [M]  drivers/gpu/drm/nouveau/nvkm/engine/gr/ctxgk20a.o
  CC [M]  drivers/gpu/drm/nouveau/nvkm/engine/gr/ctxgm107.o
  CC [M]  drivers/gpu/drm/nouveau/nvkm/engine/gr/ctxgm200.o
  CC [M]  drivers/gpu/drm/nouveau/nvkm/engine/gr/ctxgm20b.o
  CC [M]  drivers/gpu/drm/nouveau/nvkm/engine/gr/ctxgp100.o
  CC [M]  drivers/gpu/drm/nouveau/nvkm/engine/gr/ctxgp102.o
  CC [M]  drivers/gpu/drm/nouveau/nvkm/engine/gr/ctxgp104.o
  CC [M]  drivers/gpu/drm/amd/amdgpu/../display/dc/gpio/hw_ddc.o
  CC [M]  drivers/gpu/drm/nouveau/nvkm/engine/gr/ctxgp107.o
  CC [M]  drivers/gpu/drm/nouveau/nvkm/engine/gr/ctxgv100.o
  CC [M]  drivers/gpu/drm/amd/amdgpu/../display/dc/gpio/hw_generic.o
  CC [M]  drivers/gpu/drm/amd/amdgpu/../display/dc/gpio/hw_translate.o
  CC [M]  drivers/gpu/drm/nouveau/nvkm/engine/gr/ctxtu102.o
  CC [M]  drivers/gpu/drm/amd/amdgpu/../display/dc/gpio/dce80/hw_translate_dce80.o
  CC [M]  drivers/gpu/drm/nouveau/nvkm/engine/gr/ctxga102.o
  CC [M]  drivers/gpu/drm/amd/amdgpu/../display/dc/gpio/dce80/hw_factory_dce80.o
  CC [M]  drivers/gpu/drm/amd/amdgpu/../display/dc/gpio/dce110/hw_translate_dce110.o
  CC [M]  drivers/gpu/drm/nouveau/nvkm/engine/mpeg/nv31.o
  CC [M]  drivers/gpu/drm/amd/amdgpu/../display/dc/gpio/dce110/hw_factory_dce110.o
  CC [M]  drivers/gpu/drm/amd/amdgpu/../display/dc/gpio/dce120/hw_translate_dce120.o
  CC [M]  drivers/gpu/drm/amd/amdgpu/../display/dc/gpio/dce120/hw_factory_dce120.o
  CC [M]  drivers/gpu/drm/amd/amdgpu/../display/dc/gpio/dcn10/hw_translate_dcn10.o
  CC [M]  drivers/gpu/drm/nouveau/nvkm/engine/mpeg/nv40.o
  CC [M]  drivers/gpu/drm/amd/amdgpu/../display/dc/gpio/dcn10/hw_factory_dcn10.o
  CC [M]  drivers/gpu/drm/nouveau/nvkm/engine/mpeg/nv44.o
  CC [M]  drivers/gpu/drm/amd/amdgpu/../display/dc/gpio/dcn20/hw_translate_dcn20.o
  CC [M]  drivers/gpu/drm/amd/amdgpu/../display/dc/gpio/dcn20/hw_factory_dcn20.o
  CC [M]  drivers/gpu/drm/amd/amdgpu/../display/dc/gpio/dcn21/hw_translate_dcn21.o
  CC [M]  drivers/gpu/drm/nouveau/nvkm/engine/mpeg/nv50.o
  CC [M]  drivers/gpu/drm/amd/amdgpu/../display/dc/gpio/dcn21/hw_factory_dcn21.o
  CC [M]  drivers/gpu/drm/amd/amdgpu/../display/dc/gpio/dcn30/hw_translate_dcn30.o
  CC [M]  drivers/gpu/drm/amd/amdgpu/../display/dc/gpio/dcn30/hw_factory_dcn30.o
  CC [M]  drivers/gpu/drm/amd/amdgpu/../display/dc/gpio/dcn315/hw_translate_dcn315.o
  CC [M]  drivers/gpu/drm/amd/amdgpu/../display/dc/gpio/dcn315/hw_factory_dcn315.o
  CC [M]  drivers/gpu/drm/amd/amdgpu/../display/dc/gpio/dcn32/hw_translate_dcn32.o
  CC [M]  drivers/gpu/drm/nouveau/nvkm/engine/mpeg/g84.o
  CC [M]  drivers/gpu/drm/nouveau/nvkm/engine/mspdec/base.o
  CC [M]  drivers/gpu/drm/amd/amdgpu/../display/dc/gpio/dcn32/hw_factory_dcn32.o
  CC [M]  drivers/gpu/drm/nouveau/nvkm/engine/mspdec/g98.o
  CC [M]  drivers/gpu/drm/nouveau/nvkm/engine/mspdec/gt215.o
  CC [M]  drivers/gpu/drm/nouveau/nvkm/engine/mspdec/gf100.o
  CC [M]  drivers/gpu/drm/amd/amdgpu/../display/dc/gpio/dcn401/hw_translate_dcn401.o
  CC [M]  drivers/gpu/drm/amd/amdgpu/../display/dc/gpio/dcn401/hw_factory_dcn401.o
  CC [M]  drivers/gpu/drm/amd/amdgpu/../display/dc/gpio/dcn42/hw_translate_dcn42.o
  CC [M]  drivers/gpu/drm/amd/amdgpu/../display/dc/gpio/dcn42/hw_factory_dcn42.o
  CC [M]  drivers/gpu/drm/amd/amdgpu/../display/dc/gpio/dcn42b/hw_translate_dcn42b.o
  CC [M]  drivers/gpu/drm/amd/amdgpu/../display/dc/gpio/dcn42b/hw_factory_dcn42b.o
  CC [M]  drivers/gpu/drm/nouveau/nvkm/engine/mspdec/gk104.o
  CC [M]  drivers/gpu/drm/amd/amdgpu/../display/dc/hwss/dce80/dce80_hwseq.o
  CC [M]  drivers/gpu/drm/nouveau/nvkm/engine/msppp/base.o
  CC [M]  drivers/gpu/drm/amd/amdgpu/../display/dc/hwss/dce/dce_hwseq.o
  CC [M]  drivers/gpu/drm/nouveau/nvkm/engine/msppp/g98.o
  CC [M]  drivers/gpu/drm/amd/amdgpu/../display/dc/hwss/dce100/dce100_hwseq.o
  CC [M]  drivers/gpu/drm/nouveau/nvkm/engine/msppp/gt215.o
  CC [M]  drivers/gpu/drm/nouveau/nvkm/engine/msppp/gf100.o
  CC [M]  drivers/gpu/drm/amd/amdgpu/../display/dc/hwss/dce110/dce110_hwseq.o
  CC [M]  drivers/gpu/drm/nouveau/nvkm/engine/msvld/base.o
  CC [M]  drivers/gpu/drm/amd/amdgpu/../display/dc/hwss/dce112/dce112_hwseq.o
  CC [M]  drivers/gpu/drm/nouveau/nvkm/engine/msvld/g98.o
  CC [M]  drivers/gpu/drm/nouveau/nvkm/engine/msvld/gt215.o
  CC [M]  drivers/gpu/drm/nouveau/nvkm/engine/msvld/mcp89.o
  CC [M]  drivers/gpu/drm/amd/amdgpu/../display/dc/hwss/dce120/dce120_hwseq.o
  CC [M]  drivers/gpu/drm/nouveau/nvkm/engine/msvld/gf100.o
  CC [M]  drivers/gpu/drm/amd/amdgpu/../display/dc/hwss/dcn10/dcn10_hwseq.o
  CC [M]  drivers/gpu/drm/nouveau/nvkm/engine/msvld/gk104.o
  CC [M]  drivers/gpu/drm/amd/amdgpu/../display/dc/hwss/dcn10/dcn10_init.o
  CC [M]  drivers/gpu/drm/amd/amdgpu/../display/dc/hwss/dcn20/dcn20_hwseq.o
  CC [M]  drivers/gpu/drm/nouveau/nvkm/engine/nvenc/base.o
  CC [M]  drivers/gpu/drm/nouveau/nvkm/engine/nvenc/gm107.o
  CC [M]  drivers/gpu/drm/amd/amdgpu/../display/dc/hwss/dcn20/dcn20_init.o
  CC [M]  drivers/gpu/drm/amd/amdgpu/../display/dc/hwss/dcn201/dcn201_hwseq.o
  CC [M]  drivers/gpu/drm/amd/amdgpu/../display/dc/hwss/dcn201/dcn201_init.o
  CC [M]  drivers/gpu/drm/nouveau/nvkm/engine/nvenc/tu102.o
  CC [M]  drivers/gpu/drm/amd/amdgpu/../display/dc/hwss/dcn21/dcn21_hwseq.o
  CC [M]  drivers/gpu/drm/nouveau/nvkm/engine/nvdec/base.o
  CC [M]  drivers/gpu/drm/nouveau/nvkm/engine/nvdec/gm107.o
  CC [M]  drivers/gpu/drm/amd/amdgpu/../display/dc/hwss/dcn21/dcn21_init.o
  CC [M]  drivers/gpu/drm/amd/amdgpu/../display/dc/hwss/dcn30/dcn30_hwseq.o
  CC [M]  drivers/gpu/drm/nouveau/nvkm/engine/nvdec/tu102.o
  CC [M]  drivers/gpu/drm/nouveau/nvkm/engine/nvdec/ga102.o
  CC [M]  drivers/gpu/drm/nouveau/nvkm/engine/sec/g98.o
  CC [M]  drivers/gpu/drm/amd/amdgpu/../display/dc/hwss/dcn30/dcn30_init.o
  CC [M]  drivers/gpu/drm/nouveau/nvkm/engine/sec2/base.o
  CC [M]  drivers/gpu/drm/amd/amdgpu/../display/dc/hwss/dcn301/dcn301_hwseq.o
  CC [M]  drivers/gpu/drm/nouveau/nvkm/engine/sec2/gp102.o
  CC [M]  drivers/gpu/drm/nouveau/nvkm/engine/sec2/gp108.o
  CC [M]  drivers/gpu/drm/amd/amdgpu/../display/dc/hwss/dcn301/dcn301_init.o
  CC [M]  drivers/gpu/drm/amd/amdgpu/../display/dc/hwss/dcn302/dcn302_hwseq.o
  CC [M]  drivers/gpu/drm/amd/amdgpu/../display/dc/hwss/dcn302/dcn302_init.o
  CC [M]  drivers/gpu/drm/nouveau/nvkm/engine/sec2/tu102.o
  CC [M]  drivers/gpu/drm/nouveau/nvkm/engine/sec2/ga102.o
  CC [M]  drivers/gpu/drm/amd/amdgpu/../display/dc/hwss/dcn303/dcn303_hwseq.o
  CC [M]  drivers/gpu/drm/nouveau/nvkm/engine/sec2/r535.o
  CC [M]  drivers/gpu/drm/amd/amdgpu/../display/dc/hwss/dcn303/dcn303_init.o
  CC [M]  drivers/gpu/drm/nouveau/nvkm/engine/sw/base.o
  CC [M]  drivers/gpu/drm/amd/amdgpu/../display/dc/hwss/dcn31/dcn31_hwseq.o
  CC [M]  drivers/gpu/drm/nouveau/nvkm/engine/sw/nv04.o
  CC [M]  drivers/gpu/drm/amd/amdgpu/../display/dc/hwss/dcn31/dcn31_init.o
  CC [M]  drivers/gpu/drm/amd/amdgpu/../display/dc/hwss/dcn314/dcn314_hwseq.o
  CC [M]  drivers/gpu/drm/nouveau/nvkm/engine/sw/nv10.o
  CC [M]  drivers/gpu/drm/nouveau/nvkm/engine/sw/nv50.o
  CC [M]  drivers/gpu/drm/amd/amdgpu/../display/dc/hwss/dcn314/dcn314_init.o
  CC [M]  drivers/gpu/drm/nouveau/nvkm/engine/sw/gf100.o
  CC [M]  drivers/gpu/drm/amd/amdgpu/../display/dc/hwss/dcn32/dcn32_hwseq.o
  CC [M]  drivers/gpu/drm/nouveau/nvkm/engine/sw/chan.o
  CC [M]  drivers/gpu/drm/nouveau/nvkm/engine/sw/nvsw.o
  CC [M]  drivers/gpu/drm/nouveau/nvkm/engine/vp/g84.o
  CC [M]  drivers/gpu/drm/amd/amdgpu/../display/dc/hwss/dcn32/dcn32_init.o
  CC [M]  drivers/gpu/drm/amd/amdgpu/../display/dc/hwss/dcn35/dcn35_hwseq.o
  CC [M]  drivers/gpu/drm/amd/amdgpu/../display/dc/hwss/dcn35/dcn35_init.o
  CC [M]  drivers/gpu/drm/amd/amdgpu/../display/dc/hwss/dcn351/dcn351_hwseq.o
  CC [M]  drivers/gpu/drm/amd/amdgpu/../display/dc/hwss/dcn351/dcn351_init.o
  CC [M]  drivers/gpu/drm/nouveau/nouveau_acpi.o
  CC [M]  drivers/gpu/drm/nouveau/nouveau_debugfs.o
  CC [M]  drivers/gpu/drm/nouveau/nouveau_drm.o
  CC [M]  drivers/gpu/drm/nouveau/nouveau_hwmon.o
  CC [M]  drivers/gpu/drm/nouveau/nouveau_ioc32.o
  CC [M]  drivers/gpu/drm/amd/amdgpu/../display/dc/hwss/dcn401/dcn401_hwseq.o
  CC [M]  drivers/gpu/drm/amd/amdgpu/../display/dc/hwss/dcn401/dcn401_init.o
  CC [M]  drivers/gpu/drm/nouveau/nouveau_nvif.o
  CC [M]  drivers/gpu/drm/nouveau/nouveau_vga.o
  CC [M]  drivers/gpu/drm/nouveau/nouveau_bo.o
  CC [M]  drivers/gpu/drm/amd/amdgpu/../display/dc/hwss/dcn42/dcn42_hwseq.o
  CC [M]  drivers/gpu/drm/nouveau/nouveau_bo0039.o
  CC [M]  drivers/gpu/drm/amd/amdgpu/../display/dc/hwss/dcn42/dcn42_init.o
  CC [M]  drivers/gpu/drm/nouveau/nouveau_bo5039.o
  CC [M]  drivers/gpu/drm/nouveau/nouveau_bo74c1.o
  CC [M]  drivers/gpu/drm/amd/amdgpu/../display/dc/hwss/dcn42b/dcn42b_hwseq.o
  CC [M]  drivers/gpu/drm/nouveau/nouveau_bo85b5.o
  CC [M]  drivers/gpu/drm/amd/amdgpu/../display/dc/hwss/dcn42b/dcn42b_init.o
  CC [M]  drivers/gpu/drm/nouveau/nouveau_bo9039.o
  CC [M]  drivers/gpu/drm/amd/amdgpu/../display/dc/irq/irq_service.o
  CC [M]  drivers/gpu/drm/nouveau/nouveau_bo90b5.o
  CC [M]  drivers/gpu/drm/amd/amdgpu/../display/dc/irq/dce80/irq_service_dce80.o
  CC [M]  drivers/gpu/drm/nouveau/nouveau_boa0b5.o
  CC [M]  drivers/gpu/drm/nouveau/nouveau_gem.o
  CC [M]  drivers/gpu/drm/nouveau/nouveau_mem.o
  CC [M]  drivers/gpu/drm/amd/amdgpu/../display/dc/irq/dce110/irq_service_dce110.o
  CC [M]  drivers/gpu/drm/nouveau/nouveau_prime.o
  CC [M]  drivers/gpu/drm/nouveau/nouveau_sgdma.o
  CC [M]  drivers/gpu/drm/nouveau/nouveau_ttm.o
  CC [M]  drivers/gpu/drm/nouveau/nouveau_vmm.o
  CC [M]  drivers/gpu/drm/nouveau/nouveau_exec.o
  CC [M]  drivers/gpu/drm/nouveau/nouveau_sched.o
  CC [M]  drivers/gpu/drm/amd/amdgpu/../display/dc/irq/dce120/irq_service_dce120.o
  CC [M]  drivers/gpu/drm/nouveau/nouveau_uvmm.o
  CC [M]  drivers/gpu/drm/amd/amdgpu/../display/dc/irq/dcn10/irq_service_dcn10.o
  CC [M]  drivers/gpu/drm/nouveau/nouveau_backlight.o
  CC [M]  drivers/gpu/drm/nouveau/nouveau_bios.o
  CC [M]  drivers/gpu/drm/nouveau/nouveau_connector.o
  CC [M]  drivers/gpu/drm/amd/amdgpu/../display/dc/irq/dcn20/irq_service_dcn20.o
  CC [M]  drivers/gpu/drm/amd/amdgpu/../display/dc/irq/dcn21/irq_service_dcn21.o
  CC [M]  drivers/gpu/drm/amd/amdgpu/../display/dc/irq/dcn201/irq_service_dcn201.o
  CC [M]  drivers/gpu/drm/nouveau/nouveau_display.o
  CC [M]  drivers/gpu/drm/nouveau/nouveau_dp.o
  CC [M]  drivers/gpu/drm/nouveau/dispnv04/arb.o
  CC [M]  drivers/gpu/drm/amd/amdgpu/../display/dc/irq/dcn30/irq_service_dcn30.o
  CC [M]  drivers/gpu/drm/nouveau/dispnv04/crtc.o
  CC [M]  drivers/gpu/drm/nouveau/dispnv04/cursor.o
  CC [M]  drivers/gpu/drm/amd/amdgpu/../display/dc/irq/dcn302/irq_service_dcn302.o
  CC [M]  drivers/gpu/drm/amd/amdgpu/../display/dc/irq/dcn303/irq_service_dcn303.o
  CC [M]  drivers/gpu/drm/nouveau/dispnv04/dac.o
  CC [M]  drivers/gpu/drm/nouveau/dispnv04/dfp.o
  CC [M]  drivers/gpu/drm/amd/amdgpu/../display/dc/irq/dcn31/irq_service_dcn31.o
  CC [M]  drivers/gpu/drm/nouveau/dispnv04/disp.o
  CC [M]  drivers/gpu/drm/amd/amdgpu/../display/dc/irq/dcn314/irq_service_dcn314.o
  CC [M]  drivers/gpu/drm/nouveau/dispnv04/hw.o
  CC [M]  drivers/gpu/drm/nouveau/dispnv04/nouveau_i2c_encoder.o
  CC [M]  drivers/gpu/drm/amd/amdgpu/../display/dc/irq/dcn315/irq_service_dcn315.o
  CC [M]  drivers/gpu/drm/nouveau/dispnv04/overlay.o
  CC [M]  drivers/gpu/drm/nouveau/dispnv04/tvmodesnv17.o
  CC [M]  drivers/gpu/drm/nouveau/dispnv04/tvnv04.o
  CC [M]  drivers/gpu/drm/amd/amdgpu/../display/dc/irq/dcn32/irq_service_dcn32.o
  CC [M]  drivers/gpu/drm/amd/amdgpu/../display/dc/irq/dcn35/irq_service_dcn35.o
  CC [M]  drivers/gpu/drm/amd/amdgpu/../display/dc/irq/dcn351/irq_service_dcn351.o
  CC [M]  drivers/gpu/drm/amd/amdgpu/../display/dc/irq/dcn36/irq_service_dcn36.o
  CC [M]  drivers/gpu/drm/amd/amdgpu/../display/dc/irq/dcn401/irq_service_dcn401.o
  CC [M]  drivers/gpu/drm/amd/amdgpu/../display/dc/irq/dcn42/irq_service_dcn42.o
  CC [M]  drivers/gpu/drm/amd/amdgpu/../display/dc/link/link_detection.o
  CC [M]  drivers/gpu/drm/nouveau/dispnv04/tvnv17.o
  CC [M]  drivers/gpu/drm/nouveau/dispnv50/disp.o
  CC [M]  drivers/gpu/drm/nouveau/dispnv50/lut.o
  CC [M]  drivers/gpu/drm/amd/amdgpu/../display/dc/link/link_dpms.o
  CC [M]  drivers/gpu/drm/amd/amdgpu/../display/dc/link/link_factory.o
  CC [M]  drivers/gpu/drm/nouveau/dispnv50/core.o
  CC [M]  drivers/gpu/drm/nouveau/dispnv50/core507d.o
  CC [M]  drivers/gpu/drm/nouveau/dispnv50/core827d.o
  CC [M]  drivers/gpu/drm/amd/amdgpu/../display/dc/link/link_resource.o
  CC [M]  drivers/gpu/drm/amd/amdgpu/../display/dc/link/link_validation.o
  CC [M]  drivers/gpu/drm/amd/amdgpu/../display/dc/link/accessories/link_dp_trace.o
  CC [M]  drivers/gpu/drm/amd/amdgpu/../display/dc/link/accessories/link_dp_cts.o
  CC [M]  drivers/gpu/drm/nouveau/dispnv50/core907d.o
  CC [M]  drivers/gpu/drm/nouveau/dispnv50/core917d.o
  CC [M]  drivers/gpu/drm/nouveau/dispnv50/corec37d.o
  CC [M]  drivers/gpu/drm/amd/amdgpu/../display/dc/link/hwss/link_hwss_dio.o
  CC [M]  drivers/gpu/drm/amd/amdgpu/../display/dc/link/hwss/link_hwss_dpia.o
  CC [M]  drivers/gpu/drm/amd/amdgpu/../display/dc/link/hwss/link_hwss_hpo_dp.o
  CC [M]  drivers/gpu/drm/nouveau/dispnv50/corec57d.o
  CC [M]  drivers/gpu/drm/nouveau/dispnv50/coreca7d.o
  CC [M]  drivers/gpu/drm/amd/amdgpu/../display/dc/link/hwss/link_hwss_dio_fixed_vs_pe_retimer.o
  CC [M]  drivers/gpu/drm/nouveau/dispnv50/crc.o
  CC [M]  drivers/gpu/drm/nouveau/dispnv50/crc907d.o
  CC [M]  drivers/gpu/drm/amd/amdgpu/../display/dc/link/hwss/link_hwss_hpo_fixed_vs_pe_retimer_dp.o
  CC [M]  drivers/gpu/drm/amd/amdgpu/../display/dc/link/hwss/link_hwss_virtual.o
  CC [M]  drivers/gpu/drm/amd/amdgpu/../display/dc/link/hwss/link_hwss_hpo_frl.o
  CC [M]  drivers/gpu/drm/nouveau/dispnv50/crcc37d.o
  CC [M]  drivers/gpu/drm/nouveau/dispnv50/crcc57d.o
  CC [M]  drivers/gpu/drm/amd/amdgpu/../display/dc/link/protocols/link_hpd.o
  CC [M]  drivers/gpu/drm/nouveau/dispnv50/crcca7d.o
  CC [M]  drivers/gpu/drm/amd/amdgpu/../display/dc/link/protocols/link_ddc.o
  CC [M]  drivers/gpu/drm/nouveau/dispnv50/dac507d.o
  CC [M]  drivers/gpu/drm/nouveau/dispnv50/dac907d.o
  CC [M]  drivers/gpu/drm/amd/amdgpu/../display/dc/link/protocols/link_dpcd.o
  CC [M]  drivers/gpu/drm/amd/amdgpu/../display/dc/link/protocols/link_dp_dpia.o
  CC [M]  drivers/gpu/drm/amd/amdgpu/../display/dc/link/protocols/link_dp_training.o
  CC [M]  drivers/gpu/drm/amd/amdgpu/../display/dc/link/protocols/link_dp_training_8b_10b.o
  CC [M]  drivers/gpu/drm/nouveau/dispnv50/pior507d.o
  CC [M]  drivers/gpu/drm/amd/amdgpu/../display/dc/link/protocols/link_dp_training_128b_132b.o
  CC [M]  drivers/gpu/drm/nouveau/dispnv50/sor507d.o
  CC [M]  drivers/gpu/drm/nouveau/dispnv50/sor907d.o
  CC [M]  drivers/gpu/drm/nouveau/dispnv50/sorc37d.o
  CC [M]  drivers/gpu/drm/amd/amdgpu/../display/dc/link/protocols/link_dp_training_dpia.o
  CC [M]  drivers/gpu/drm/nouveau/dispnv50/head.o
  CC [M]  drivers/gpu/drm/amd/amdgpu/../display/dc/link/protocols/link_dp_training_auxless.o
  CC [M]  drivers/gpu/drm/amd/amdgpu/../display/dc/link/protocols/link_dp_training_fixed_vs_pe_retimer.o
  CC [M]  drivers/gpu/drm/nouveau/dispnv50/head507d.o
  CC [M]  drivers/gpu/drm/nouveau/dispnv50/head827d.o
  CC [M]  drivers/gpu/drm/amd/amdgpu/../display/dc/link/protocols/link_dp_phy.o
  CC [M]  drivers/gpu/drm/amd/amdgpu/../display/dc/link/protocols/link_dp_capability.o
  CC [M]  drivers/gpu/drm/amd/amdgpu/../display/dc/link/protocols/link_edp_panel_control.o
  CC [M]  drivers/gpu/drm/amd/amdgpu/../display/dc/link/protocols/link_dp_panel_replay.o
  CC [M]  drivers/gpu/drm/nouveau/dispnv50/head907d.o
  CC [M]  drivers/gpu/drm/amd/amdgpu/../display/dc/link/protocols/link_dp_irq_handler.o
  CC [M]  drivers/gpu/drm/amd/amdgpu/../display/dc/link/protocols/link_dp_dpia_bw.o
  CC [M]  drivers/gpu/drm/nouveau/dispnv50/head917d.o
  CC [M]  drivers/gpu/drm/nouveau/dispnv50/headc37d.o
  CC [M]  drivers/gpu/drm/amd/amdgpu/../display/dc/link/protocols/link_hdmi_frl.o
  CC [M]  drivers/gpu/drm/nouveau/dispnv50/headc57d.o
  CC [M]  drivers/gpu/drm/nouveau/dispnv50/headca7d.o
  CC [M]  drivers/gpu/drm/amd/amdgpu/../display/dc/dsc/dcn20/dcn20_dsc.o
  CC [M]  drivers/gpu/drm/nouveau/dispnv50/wimm.o
  CC [M]  drivers/gpu/drm/nouveau/dispnv50/wimmc37b.o
  CC [M]  drivers/gpu/drm/amd/amdgpu/../display/dc/dsc/dcn35/dcn35_dsc.o
  CC [M]  drivers/gpu/drm/nouveau/dispnv50/wndw.o
  CC [M]  drivers/gpu/drm/amd/amdgpu/../display/dc/dsc/dcn401/dcn401_dsc.o
  CC [M]  drivers/gpu/drm/nouveau/dispnv50/wndwc37e.o
  CC [M]  drivers/gpu/drm/amd/amdgpu/../display/dc/dsc/dc_dsc.o
  CC [M]  drivers/gpu/drm/amd/amdgpu/../display/dc/dsc/rc_calc.o
  CC [M]  drivers/gpu/drm/amd/amdgpu/../display/dc/dsc/rc_calc_dpi.o
  CC [M]  drivers/gpu/drm/amd/amdgpu/../display/dc/resource/dce80/dce80_resource.o
  CC [M]  drivers/gpu/drm/nouveau/dispnv50/wndwc57e.o
  CC [M]  drivers/gpu/drm/nouveau/dispnv50/wndwc67e.o
  CC [M]  drivers/gpu/drm/nouveau/dispnv50/wndwca7e.o
  CC [M]  drivers/gpu/drm/nouveau/dispnv50/base.o
  CC [M]  drivers/gpu/drm/nouveau/dispnv50/base507c.o
  CC [M]  drivers/gpu/drm/amd/amdgpu/../display/dc/resource/dce100/dce100_resource.o
  CC [M]  drivers/gpu/drm/amd/amdgpu/../display/dc/resource/dce110/dce110_resource.o
  CC [M]  drivers/gpu/drm/amd/amdgpu/../display/dc/resource/dce112/dce112_resource.o
  CC [M]  drivers/gpu/drm/nouveau/dispnv50/base827c.o
  CC [M]  drivers/gpu/drm/amd/amdgpu/../display/dc/resource/dce120/dce120_resource.o
  CC [M]  drivers/gpu/drm/nouveau/dispnv50/base907c.o
  CC [M]  drivers/gpu/drm/amd/amdgpu/../display/dc/resource/dcn10/dcn10_resource.o
  CC [M]  drivers/gpu/drm/nouveau/dispnv50/base917c.o
  CC [M]  drivers/gpu/drm/nouveau/dispnv50/curs.o
  CC [M]  drivers/gpu/drm/amd/amdgpu/../display/dc/resource/dcn20/dcn20_resource.o
  CC [M]  drivers/gpu/drm/amd/amdgpu/../display/dc/resource/dcn201/dcn201_resource.o
  CC [M]  drivers/gpu/drm/amd/amdgpu/../display/dc/resource/dcn21/dcn21_resource.o
  CC [M]  drivers/gpu/drm/amd/amdgpu/../display/dc/resource/dcn30/dcn30_resource.o
  CC [M]  drivers/gpu/drm/amd/amdgpu/../display/dc/resource/dcn301/dcn301_resource.o
  CC [M]  drivers/gpu/drm/amd/amdgpu/../display/dc/resource/dcn302/dcn302_resource.o
  CC [M]  drivers/gpu/drm/nouveau/dispnv50/curs507a.o
  CC [M]  drivers/gpu/drm/nouveau/dispnv50/curs907a.o
  CC [M]  drivers/gpu/drm/nouveau/dispnv50/cursc37a.o
  CC [M]  drivers/gpu/drm/nouveau/dispnv50/oimm.o
  CC [M]  drivers/gpu/drm/amd/amdgpu/../display/dc/resource/dcn303/dcn303_resource.o
  CC [M]  drivers/gpu/drm/amd/amdgpu/../display/dc/resource/dcn31/dcn31_resource.o
  CC [M]  drivers/gpu/drm/amd/amdgpu/../display/dc/resource/dcn314/dcn314_resource.o
  CC [M]  drivers/gpu/drm/nouveau/dispnv50/oimm507b.o
  CC [M]  drivers/gpu/drm/amd/amdgpu/../display/dc/resource/dcn315/dcn315_resource.o
  CC [M]  drivers/gpu/drm/nouveau/dispnv50/ovly.o
  CC [M]  drivers/gpu/drm/nouveau/dispnv50/ovly507e.o
  CC [M]  drivers/gpu/drm/nouveau/dispnv50/ovly827e.o
  CC [M]  drivers/gpu/drm/amd/amdgpu/../display/dc/resource/dcn316/dcn316_resource.o
  CC [M]  drivers/gpu/drm/amd/amdgpu/../display/dc/resource/dcn32/dcn32_resource.o
  CC [M]  drivers/gpu/drm/amd/amdgpu/../display/dc/resource/dcn32/dcn32_resource_helpers.o
  CC [M]  drivers/gpu/drm/nouveau/dispnv50/ovly907e.o
  CC [M]  drivers/gpu/drm/amd/amdgpu/../display/dc/resource/dcn321/dcn321_resource.o
  CC [M]  drivers/gpu/drm/nouveau/dispnv50/ovly917e.o
  CC [M]  drivers/gpu/drm/amd/amdgpu/../display/dc/resource/dcn35/dcn35_resource.o
  CC [M]  drivers/gpu/drm/amd/amdgpu/../display/dc/resource/dcn351/dcn351_resource.o
  CC [M]  drivers/gpu/drm/amd/amdgpu/../display/dc/resource/dcn36/dcn36_resource.o
  CC [M]  drivers/gpu/drm/amd/amdgpu/../display/dc/resource/dcn401/dcn401_resource.o
  CC [M]  drivers/gpu/drm/amd/amdgpu/../display/dc/resource/dcn42/dcn42_resource.o
  CC [M]  drivers/gpu/drm/amd/amdgpu/../display/dc/resource/dcn42/dcn42_resource_fpu.o
  CC [M]  drivers/gpu/drm/nouveau/nouveau_abi16.o
  CC [M]  drivers/gpu/drm/amd/amdgpu/../display/dc/resource/dcn42b/dcn42b_resource.o
  CC [M]  drivers/gpu/drm/nouveau/nouveau_chan.o
  CC [M]  drivers/gpu/drm/nouveau/nouveau_dma.o
  CC [M]  drivers/gpu/drm/amd/amdgpu/../display/dc/optc/dcn10/dcn10_optc.o
  CC [M]  drivers/gpu/drm/amd/amdgpu/../display/dc/optc/dcn20/dcn20_optc.o
  CC [M]  drivers/gpu/drm/nouveau/nouveau_fence.o
  CC [M]  drivers/gpu/drm/nouveau/nv04_fence.o
  CC [M]  drivers/gpu/drm/amd/amdgpu/../display/dc/optc/dcn201/dcn201_optc.o
  CC [M]  drivers/gpu/drm/nouveau/nv10_fence.o
  CC [M]  drivers/gpu/drm/nouveau/nv17_fence.o
  CC [M]  drivers/gpu/drm/nouveau/nv50_fence.o
  CC [M]  drivers/gpu/drm/nouveau/nv84_fence.o
  CC [M]  drivers/gpu/drm/amd/amdgpu/../display/dc/optc/dcn30/dcn30_optc.o
  CC [M]  drivers/gpu/drm/amd/amdgpu/../display/dc/optc/dcn301/dcn301_optc.o
  CC [M]  drivers/gpu/drm/nouveau/nvc0_fence.o
  CC [M]  drivers/gpu/drm/amd/amdgpu/../display/dc/optc/dcn31/dcn31_optc.o
  CC [M]  drivers/gpu/drm/amd/amdgpu/../display/dc/optc/dcn314/dcn314_optc.o
  CC [M]  drivers/gpu/drm/nouveau/gv100_fence.o
  CC [M]  drivers/gpu/drm/nouveau/nouveau_led.o
  LD [M]  drivers/gpu/drm/nouveau/ch7006.o
  CC [M]  drivers/gpu/drm/amd/amdgpu/../display/dc/optc/dcn32/dcn32_optc.o
  LD [M]  drivers/gpu/drm/nouveau/sil164.o
  CC [M]  drivers/gpu/drm/amd/amdgpu/../display/dc/optc/dcn35/dcn35_optc.o
  CC [M]  drivers/gpu/drm/amd/amdgpu/../display/dc/optc/dcn401/dcn401_optc.o
  CC [M]  drivers/gpu/drm/amd/amdgpu/../display/dc/optc/dcn42/dcn42_optc.o
  CC [M]  drivers/gpu/drm/amd/amdgpu/../display/dc/dpp/dcn10/dcn10_dpp.o
  CC [M]  drivers/gpu/drm/amd/amdgpu/../display/dc/dpp/dcn10/dcn10_dpp_dscl.o
  CC [M]  drivers/gpu/drm/amd/amdgpu/../display/dc/dpp/dcn10/dcn10_dpp_cm.o
  CC [M]  drivers/gpu/drm/amd/amdgpu/../display/dc/dpp/dcn20/dcn20_dpp.o
  CC [M]  drivers/gpu/drm/amd/amdgpu/../display/dc/dpp/dcn20/dcn20_dpp_cm.o
  CC [M]  drivers/gpu/drm/amd/amdgpu/../display/dc/dpp/dcn201/dcn201_dpp.o
  LD [M]  drivers/gpu/drm/nouveau/nouveau.o
  CC [M]  drivers/gpu/drm/amd/amdgpu/../display/dc/dpp/dcn30/dcn30_dpp.o
  CC [M]  drivers/gpu/drm/amd/amdgpu/../display/dc/dpp/dcn30/dcn30_dpp_cm.o
  CC [M]  drivers/gpu/drm/amd/amdgpu/../display/dc/dpp/dcn32/dcn32_dpp.o
  CC [M]  drivers/gpu/drm/amd/amdgpu/../display/dc/dpp/dcn35/dcn35_dpp.o
  CC [M]  drivers/gpu/drm/amd/amdgpu/../display/dc/dpp/dcn401/dcn401_dpp.o
  CC [M]  drivers/gpu/drm/amd/amdgpu/../display/dc/dpp/dcn401/dcn401_dpp_cm.o
  CC [M]  drivers/gpu/drm/amd/amdgpu/../display/dc/dpp/dcn401/dcn401_dpp_dscl.o
  CC [M]  drivers/gpu/drm/amd/amdgpu/../display/dc/dpp/dcn42/dcn42_dpp.o
  CC [M]  drivers/gpu/drm/amd/amdgpu/../display/dc/hubbub/dcn10/dcn10_hubbub.o
  CC [M]  drivers/gpu/drm/amd/amdgpu/../display/dc/hubbub/dcn20/dcn20_hubbub.o
  CC [M]  drivers/gpu/drm/amd/amdgpu/../display/dc/hubbub/dcn201/dcn201_hubbub.o
  CC [M]  drivers/gpu/drm/amd/amdgpu/../display/dc/hubbub/dcn21/dcn21_hubbub.o
  CC [M]  drivers/gpu/drm/amd/amdgpu/../display/dc/hubbub/dcn30/dcn30_hubbub.o
  CC [M]  drivers/gpu/drm/amd/amdgpu/../display/dc/hubbub/dcn301/dcn301_hubbub.o
  CC [M]  drivers/gpu/drm/amd/amdgpu/../display/dc/hubbub/dcn31/dcn31_hubbub.o
  CC [M]  drivers/gpu/drm/amd/amdgpu/../display/dc/hubbub/dcn32/dcn32_hubbub.o
  CC [M]  drivers/gpu/drm/amd/amdgpu/../display/dc/hubbub/dcn35/dcn35_hubbub.o
  CC [M]  drivers/gpu/drm/amd/amdgpu/../display/dc/hubbub/dcn401/dcn401_hubbub.o
  CC [M]  drivers/gpu/drm/amd/amdgpu/../display/dc/hubbub/dcn42/dcn42_hubbub.o
  CC [M]  drivers/gpu/drm/amd/amdgpu/../display/dc/dccg/dcn20/dcn20_dccg.o
  CC [M]  drivers/gpu/drm/amd/amdgpu/../display/dc/dccg/dcn201/dcn201_dccg.o
  CC [M]  drivers/gpu/drm/amd/amdgpu/../display/dc/dccg/dcn21/dcn21_dccg.o
  CC [M]  drivers/gpu/drm/amd/amdgpu/../display/dc/dccg/dcn30/dcn30_dccg.o
  CC [M]  drivers/gpu/drm/amd/amdgpu/../display/dc/dccg/dcn301/dcn301_dccg.o
  CC [M]  drivers/gpu/drm/amd/amdgpu/../display/dc/dccg/dcn31/dcn31_dccg.o
  CC [M]  drivers/gpu/drm/amd/amdgpu/../display/dc/dccg/dcn314/dcn314_dccg.o
  CC [M]  drivers/gpu/drm/amd/amdgpu/../display/dc/dccg/dcn32/dcn32_dccg.o
  CC [M]  drivers/gpu/drm/amd/amdgpu/../display/dc/dccg/dcn35/dcn35_dccg.o
  CC [M]  drivers/gpu/drm/amd/amdgpu/../display/dc/dccg/dcn401/dcn401_dccg.o
  CC [M]  drivers/gpu/drm/amd/amdgpu/../display/dc/dccg/dcn42/dcn42_dccg.o
  CC [M]  drivers/gpu/drm/amd/amdgpu/../display/dc/hubp/dcn10/dcn10_hubp.o
  CC [M]  drivers/gpu/drm/amd/amdgpu/../display/dc/hubp/dcn20/dcn20_hubp.o
  CC [M]  drivers/gpu/drm/amd/amdgpu/../display/dc/hubp/dcn201/dcn201_hubp.o
  CC [M]  drivers/gpu/drm/amd/amdgpu/../display/dc/hubp/dcn21/dcn21_hubp.o
  CC [M]  drivers/gpu/drm/amd/amdgpu/../display/dc/hubp/dcn30/dcn30_hubp.o
  CC [M]  drivers/gpu/drm/amd/amdgpu/../display/dc/hubp/dcn31/dcn31_hubp.o
  CC [M]  drivers/gpu/drm/amd/amdgpu/../display/dc/hubp/dcn32/dcn32_hubp.o
  CC [M]  drivers/gpu/drm/amd/amdgpu/../display/dc/hubp/dcn35/dcn35_hubp.o
  CC [M]  drivers/gpu/drm/amd/amdgpu/../display/dc/hubp/dcn401/dcn401_hubp.o
  CC [M]  drivers/gpu/drm/amd/amdgpu/../display/dc/hubp/dcn42/dcn42_hubp.o
  CC [M]  drivers/gpu/drm/amd/amdgpu/../display/dc/dio/virtual/virtual_link_encoder.o
  CC [M]  drivers/gpu/drm/amd/amdgpu/../display/dc/dio/virtual/virtual_stream_encoder.o
  CC [M]  drivers/gpu/drm/amd/amdgpu/../display/dc/dio/dcn10/dcn10_link_encoder.o
  CC [M]  drivers/gpu/drm/amd/amdgpu/../display/dc/dio/dcn10/dcn10_stream_encoder.o
  CC [M]  drivers/gpu/drm/amd/amdgpu/../display/dc/dio/dcn10/dcn10_dio.o
  CC [M]  drivers/gpu/drm/amd/amdgpu/../display/dc/dio/dcn20/dcn20_link_encoder.o
  CC [M]  drivers/gpu/drm/amd/amdgpu/../display/dc/dio/dcn20/dcn20_stream_encoder.o
  CC [M]  drivers/gpu/drm/amd/amdgpu/../display/dc/dio/dcn30/dcn30_dio_link_encoder.o
  CC [M]  drivers/gpu/drm/amd/amdgpu/../display/dc/dio/dcn30/dcn30_dio_stream_encoder.o
  CC [M]  drivers/gpu/drm/amd/amdgpu/../display/dc/dio/dcn301/dcn301_dio_link_encoder.o
  CC [M]  drivers/gpu/drm/amd/amdgpu/../display/dc/dio/dcn31/dcn31_dio_link_encoder.o
  CC [M]  drivers/gpu/drm/amd/amdgpu/../display/dc/dio/dcn314/dcn314_dio_stream_encoder.o
  CC [M]  drivers/gpu/drm/amd/amdgpu/../display/dc/dio/dcn32/dcn32_dio_link_encoder.o
  CC [M]  drivers/gpu/drm/amd/amdgpu/../display/dc/dio/dcn32/dcn32_dio_stream_encoder.o
  CC [M]  drivers/gpu/drm/amd/amdgpu/../display/dc/dio/dcn35/dcn35_dio_link_encoder.o
  CC [M]  drivers/gpu/drm/amd/amdgpu/../display/dc/dio/dcn35/dcn35_dio_stream_encoder.o
  CC [M]  drivers/gpu/drm/amd/amdgpu/../display/dc/dio/dcn321/dcn321_dio_link_encoder.o
  CC [M]  drivers/gpu/drm/amd/amdgpu/../display/dc/dio/dcn401/dcn401_dio_link_encoder.o
  CC [M]  drivers/gpu/drm/amd/amdgpu/../display/dc/dio/dcn401/dcn401_dio_stream_encoder.o
  CC [M]  drivers/gpu/drm/amd/amdgpu/../display/dc/dio/dcn42/dcn42_dio_link_encoder.o
  CC [M]  drivers/gpu/drm/amd/amdgpu/../display/dc/dio/dcn42/dcn42_dio_stream_encoder.o
  CC [M]  drivers/gpu/drm/amd/amdgpu/../display/dc/dwb/dcn30/dcn30_dwb.o
  CC [M]  drivers/gpu/drm/amd/amdgpu/../display/dc/dwb/dcn30/dcn30_dwb_cm.o
  CC [M]  drivers/gpu/drm/amd/amdgpu/../display/dc/dwb/dcn35/dcn35_dwb.o
  CC [M]  drivers/gpu/drm/amd/amdgpu/../display/dc/hpo/dcn30/dcn30_hpo_frl_link_encoder.o
  CC [M]  drivers/gpu/drm/amd/amdgpu/../display/dc/hpo/dcn30/dcn30_hpo_frl_stream_encoder.o
  CC [M]  drivers/gpu/drm/amd/amdgpu/../display/dc/hpo/dcn31/dcn31_hpo_dp_stream_encoder.o
  CC [M]  drivers/gpu/drm/amd/amdgpu/../display/dc/hpo/dcn31/dcn31_hpo_dp_link_encoder.o
  CC [M]  drivers/gpu/drm/amd/amdgpu/../display/dc/hpo/dcn32/dcn32_hpo_dp_link_encoder.o
  CC [M]  drivers/gpu/drm/amd/amdgpu/../display/dc/hpo/dcn401/dcn401_hpo_frl_stream_encoder.o
  CC [M]  drivers/gpu/drm/amd/amdgpu/../display/dc/hpo/dcn42/dcn42_hpo_dp_link_encoder.o
  CC [M]  drivers/gpu/drm/amd/amdgpu/../display/dc/hpo/dcn42/dcn42_hpo_frl_stream_encoder.o
  CC [M]  drivers/gpu/drm/amd/amdgpu/../display/dc/mmhubbub/dcn20/dcn20_mmhubbub.o
  CC [M]  drivers/gpu/drm/amd/amdgpu/../display/dc/mmhubbub/dcn32/dcn32_mmhubbub.o
  CC [M]  drivers/gpu/drm/amd/amdgpu/../display/dc/mmhubbub/dcn35/dcn35_mmhubbub.o
  CC [M]  drivers/gpu/drm/amd/amdgpu/../display/dc/mmhubbub/dcn42/dcn42_mmhubbub.o
  CC [M]  drivers/gpu/drm/amd/amdgpu/../display/dc/mpc/dcn10/dcn10_mpc.o
  CC [M]  drivers/gpu/drm/amd/amdgpu/../display/dc/mpc/dcn20/dcn20_mpc.o
  CC [M]  drivers/gpu/drm/amd/amdgpu/../display/dc/mpc/dcn30/dcn30_mpc.o
  CC [M]  drivers/gpu/drm/amd/amdgpu/../display/dc/mpc/dcn32/dcn32_mpc.o
  CC [M]  drivers/gpu/drm/amd/amdgpu/../display/dc/mpc/dcn401/dcn401_mpc.o
  CC [M]  drivers/gpu/drm/amd/amdgpu/../display/dc/mpc/dcn42/dcn42_mpc.o
  CC [M]  drivers/gpu/drm/amd/amdgpu/../display/dc/opp/dcn10/dcn10_opp.o
  CC [M]  drivers/gpu/drm/amd/amdgpu/../display/dc/opp/dcn20/dcn20_opp.o
  CC [M]  drivers/gpu/drm/amd/amdgpu/../display/dc/opp/dcn35/dcn35_opp.o
  CC [M]  drivers/gpu/drm/amd/amdgpu/../display/dc/pg/dcn35/dcn35_pg_cntl.o
  CC [M]  drivers/gpu/drm/amd/amdgpu/../display/dc/pg/dcn42/dcn42_pg_cntl.o
  CC [M]  drivers/gpu/drm/amd/amdgpu/../display/dc/dcn10/dcn10_ipp.o
  CC [M]  drivers/gpu/drm/amd/amdgpu/../display/dc/dcn10/dcn10_hw_sequencer_debug.o
  CC [M]  drivers/gpu/drm/amd/amdgpu/../display/dc/dcn10/dcn10_cm_common.o
  CC [M]  drivers/gpu/drm/amd/amdgpu/../display/dc/dcn20/dcn20_vmid.o
  CC [M]  drivers/gpu/drm/amd/amdgpu/../display/dc/dcn20/dcn20_dwb.o
  CC [M]  drivers/gpu/drm/amd/amdgpu/../display/dc/dcn20/dcn20_dwb_scl.o
  CC [M]  drivers/gpu/drm/amd/amdgpu/../display/dc/dcn21/dcn21_link_encoder.o
  CC [M]  drivers/gpu/drm/amd/amdgpu/../display/dc/dcn201/dcn201_mpc.o
  CC [M]  drivers/gpu/drm/amd/amdgpu/../display/dc/dcn201/dcn201_opp.o
  CC [M]  drivers/gpu/drm/amd/amdgpu/../display/dc/dcn201/dcn201_link_encoder.o
  CC [M]  drivers/gpu/drm/amd/amdgpu/../display/dc/dcn30/dcn30_vpg.o
  CC [M]  drivers/gpu/drm/amd/amdgpu/../display/dc/dcn30/dcn30_afmt.o
  CC [M]  drivers/gpu/drm/amd/amdgpu/../display/dc/dcn30/dcn30_cm_common.o
  CC [M]  drivers/gpu/drm/amd/amdgpu/../display/dc/dcn30/dcn30_mmhubbub.o
  CC [M]  drivers/gpu/drm/amd/amdgpu/../display/dc/dcn301/dcn301_panel_cntl.o
  CC [M]  drivers/gpu/drm/amd/amdgpu/../display/dc/dcn31/dcn31_panel_cntl.o
  CC [M]  drivers/gpu/drm/amd/amdgpu/../display/dc/dcn31/dcn31_apg.o
  CC [M]  drivers/gpu/drm/amd/amdgpu/../display/dc/dcn31/dcn31_afmt.o
  CC [M]  drivers/gpu/drm/amd/amdgpu/../display/dc/dcn31/dcn31_vpg.o
  CC [M]  drivers/gpu/drm/amd/amdgpu/../display/dc/dml2_0/display_mode_core.o
  CC [M]  drivers/gpu/drm/amd/amdgpu/../display/dc/dml2_0/display_mode_util.o
  CC [M]  drivers/gpu/drm/amd/amdgpu/../display/dc/dml2_0/dml2_wrapper_fpu.o
  CC [M]  drivers/gpu/drm/amd/amdgpu/../display/dc/dml2_0/dml2_wrapper.o
  CC [M]  drivers/gpu/drm/amd/amdgpu/../display/dc/dml2_0/dml2_utils.o
  CC [M]  drivers/gpu/drm/amd/amdgpu/../display/dc/dml2_0/dml2_policy.o
  CC [M]  drivers/gpu/drm/amd/amdgpu/../display/dc/dml2_0/dml2_translation_helper.o
  CC [M]  drivers/gpu/drm/amd/amdgpu/../display/dc/dml2_0/dml2_dc_resource_mgmt.o
  CC [M]  drivers/gpu/drm/amd/amdgpu/../display/dc/dml2_0/dml2_mall_phantom.o
  CC [M]  drivers/gpu/drm/amd/amdgpu/../display/dc/dml2_0/dml_display_rq_dlg_calc.o
  CC [M]  drivers/gpu/drm/amd/amdgpu/../display/dc/dml2_0/dml_frl_cap_chk.o
  CC [M]  drivers/gpu/drm/amd/amdgpu/../display/dc/dml2_0/dml21/src/dml2_top/dml2_top_interfaces.o
  CC [M]  drivers/gpu/drm/amd/amdgpu/../display/dc/dml2_0/dml21/src/dml2_top/dml2_top_soc15.o
  CC [M]  drivers/gpu/drm/amd/amdgpu/../display/dc/dml2_0/dml21/src/dml2_core/dml2_core_dcn4.o
  CC [M]  drivers/gpu/drm/amd/amdgpu/../display/dc/dml2_0/dml21/src/dml2_core/dml2_core_utils.o
  CC [M]  drivers/gpu/drm/amd/amdgpu/../display/dc/dml2_0/dml21/src/dml2_core/dml2_core_factory.o
  CC [M]  drivers/gpu/drm/amd/amdgpu/../display/dc/dml2_0/dml21/src/dml2_core/dml2_core_dcn4_calcs.o
  CC [M]  drivers/gpu/drm/amd/amdgpu/../display/dc/dml2_0/dml21/src/dml2_dpmm/dml2_dpmm_dcn4.o
  CC [M]  drivers/gpu/drm/amd/amdgpu/../display/dc/dml2_0/dml21/src/dml2_dpmm/dml2_dpmm_factory.o
  CC [M]  drivers/gpu/drm/amd/amdgpu/../display/dc/dml2_0/dml21/src/dml2_mcg/dml2_mcg_dcn4.o
  CC [M]  drivers/gpu/drm/amd/amdgpu/../display/dc/dml2_0/dml21/src/dml2_mcg/dml2_mcg_dcn42.o
  CC [M]  drivers/gpu/drm/amd/amdgpu/../display/dc/dml2_0/dml21/src/dml2_mcg/dml2_mcg_factory.o
  CC [M]  drivers/gpu/drm/amd/amdgpu/../display/dc/dml2_0/dml21/src/dml2_pmo/dml2_pmo_dcn3.o
  CC [M]  drivers/gpu/drm/amd/amdgpu/../display/dc/dml2_0/dml21/src/dml2_pmo/dml2_pmo_factory.o
  CC [M]  drivers/gpu/drm/amd/amdgpu/../display/dc/dml2_0/dml21/src/dml2_pmo/dml2_pmo_dcn4_fams2.o
  CC [M]  drivers/gpu/drm/amd/amdgpu/../display/dc/dml2_0/dml21/src/dml2_pmo/dml2_pmo_dcn42.o
  CC [M]  drivers/gpu/drm/amd/amdgpu/../display/dc/dml2_0/dml21/src/dml2_standalone_libraries/lib_float_math.o
  CC [M]  drivers/gpu/drm/amd/amdgpu/../display/dc/dml2_0/dml21/src/dml2_standalone_libraries/lib_frl_cap_check.o
  CC [M]  drivers/gpu/drm/amd/amdgpu/../display/dc/dml2_0/dml21/dml21_translation_helper.o
  CC [M]  drivers/gpu/drm/amd/amdgpu/../display/dc/dml2_0/dml21/dml21_wrapper.o
  CC [M]  drivers/gpu/drm/amd/amdgpu/../display/dc/dml2_0/dml21/dml21_wrapper_fpu.o
  CC [M]  drivers/gpu/drm/amd/amdgpu/../display/dc/dml2_0/dml21/dml21_utils.o
  CC [M]  drivers/gpu/drm/amd/amdgpu/../display/dc/soc_and_ip_translator/soc_and_ip_translator.o
  CC [M]  drivers/gpu/drm/amd/amdgpu/../display/dc/soc_and_ip_translator/dcn401/dcn401_soc_and_ip_translator.o
  CC [M]  drivers/gpu/drm/amd/amdgpu/../display/dc/soc_and_ip_translator/dcn42/dcn42_soc_and_ip_translator.o
  CC [M]  drivers/gpu/drm/amd/amdgpu/../display/dc/dce120/dce120_timing_generator.o
  CC [M]  drivers/gpu/drm/amd/amdgpu/../display/dc/dce112/dce112_compressor.o
  CC [M]  drivers/gpu/drm/amd/amdgpu/../display/dc/dce110/dce110_timing_generator.o
  CC [M]  drivers/gpu/drm/amd/amdgpu/../display/dc/dce110/dce110_compressor.o
  CC [M]  drivers/gpu/drm/amd/amdgpu/../display/dc/dce110/dce110_opp_regamma_v.o
  CC [M]  drivers/gpu/drm/amd/amdgpu/../display/dc/dce110/dce110_opp_csc_v.o
  CC [M]  drivers/gpu/drm/amd/amdgpu/../display/dc/dce110/dce110_timing_generator_v.o
  CC [M]  drivers/gpu/drm/amd/amdgpu/../display/dc/dce110/dce110_mem_input_v.o
  CC [M]  drivers/gpu/drm/amd/amdgpu/../display/dc/dce110/dce110_opp_v.o
  CC [M]  drivers/gpu/drm/amd/amdgpu/../display/dc/dce110/dce110_transform_v.o
  CC [M]  drivers/gpu/drm/amd/amdgpu/../display/dc/dce80/dce80_timing_generator.o
  CC [M]  drivers/gpu/drm/amd/amdgpu/../display/dc/hdcp/hdcp_msg.o
  CC [M]  drivers/gpu/drm/amd/amdgpu/../display/dc/sspl/dc_spl.o
  CC [M]  drivers/gpu/drm/amd/amdgpu/../display/dc/sspl/dc_spl_scl_filters.o
  CC [M]  drivers/gpu/drm/amd/amdgpu/../display/dc/sspl/dc_spl_scl_easf_filters.o
  CC [M]  drivers/gpu/drm/amd/amdgpu/../display/dc/sspl/dc_spl_isharp_filters.o
  CC [M]  drivers/gpu/drm/amd/amdgpu/../display/dc/sspl/dc_spl_filters.o
  CC [M]  drivers/gpu/drm/amd/amdgpu/../display/dc/sspl/spl_fixpt31_32.o
  CC [M]  drivers/gpu/drm/amd/amdgpu/../display/dc/sspl/spl_custom_float.o
  CC [M]  drivers/gpu/drm/amd/amdgpu/../display/dc/dc_dmub_srv.o
  CC [M]  drivers/gpu/drm/amd/amdgpu/../display/dc/dc_edid_parser.o
  CC [M]  drivers/gpu/drm/amd/amdgpu/../display/dc/dc_fused_io.o
  CC [M]  drivers/gpu/drm/amd/amdgpu/../display/dc/dc_helper.o
  CC [M]  drivers/gpu/drm/amd/amdgpu/../display/dc/core/dc.o
  CC [M]  drivers/gpu/drm/amd/amdgpu/../display/dc/core/dc_debug.o
  CC [M]  drivers/gpu/drm/amd/amdgpu/../display/dc/core/dc_hw_sequencer.o
  CC [M]  drivers/gpu/drm/amd/amdgpu/../display/dc/core/dc_link_enc_cfg.o
  CC [M]  drivers/gpu/drm/amd/amdgpu/../display/dc/core/dc_link_exports.o
  CC [M]  drivers/gpu/drm/amd/amdgpu/../display/dc/core/dc_resource.o
  CC [M]  drivers/gpu/drm/amd/amdgpu/../display/dc/core/dc_sink.o
  CC [M]  drivers/gpu/drm/amd/amdgpu/../display/dc/core/dc_stat.o
  CC [M]  drivers/gpu/drm/amd/amdgpu/../display/dc/core/dc_state.o
  CC [M]  drivers/gpu/drm/amd/amdgpu/../display/dc/core/dc_stream.o
  CC [M]  drivers/gpu/drm/amd/amdgpu/../display/dc/core/dc_surface.o
  CC [M]  drivers/gpu/drm/amd/amdgpu/../display/dc/core/dc_vm_helper.o
  CC [M]  drivers/gpu/drm/amd/amdgpu/../display/modules/freesync/freesync.o
  CC [M]  drivers/gpu/drm/amd/amdgpu/../display/modules/color/color_gamma.o
  CC [M]  drivers/gpu/drm/amd/amdgpu/../display/modules/color/color_table.o
  CC [M]  drivers/gpu/drm/amd/amdgpu/../display/modules/info_packet/info_packet.o
  CC [M]  drivers/gpu/drm/amd/amdgpu/../display/modules/power/power_helpers.o
  CC [M]  drivers/gpu/drm/amd/amdgpu/../display/modules/power/power.o
  CC [M]  drivers/gpu/drm/amd/amdgpu/../display/modules/power/power_abm.o
  CC [M]  drivers/gpu/drm/amd/amdgpu/../display/modules/power/power_psr.o
  CC [M]  drivers/gpu/drm/amd/amdgpu/../display/modules/power/power_replay.o
  CC [M]  drivers/gpu/drm/amd/amdgpu/../display/dmub/src/dmub_srv.o
  CC [M]  drivers/gpu/drm/amd/amdgpu/../display/dmub/src/dmub_srv_stat.o
  CC [M]  drivers/gpu/drm/amd/amdgpu/../display/dmub/src/dmub_reg.o
  CC [M]  drivers/gpu/drm/amd/amdgpu/../display/dmub/src/dmub_dcn20.o
  CC [M]  drivers/gpu/drm/amd/amdgpu/../display/dmub/src/dmub_dcn21.o
  CC [M]  drivers/gpu/drm/amd/amdgpu/../display/dmub/src/dmub_dcn30.o
  CC [M]  drivers/gpu/drm/amd/amdgpu/../display/dmub/src/dmub_dcn301.o
  CC [M]  drivers/gpu/drm/amd/amdgpu/../display/dmub/src/dmub_dcn302.o
  CC [M]  drivers/gpu/drm/amd/amdgpu/../display/dmub/src/dmub_dcn303.o
  CC [M]  drivers/gpu/drm/amd/amdgpu/../display/dmub/src/dmub_dcn31.o
  CC [M]  drivers/gpu/drm/amd/amdgpu/../display/dmub/src/dmub_dcn314.o
  CC [M]  drivers/gpu/drm/amd/amdgpu/../display/dmub/src/dmub_dcn315.o
  CC [M]  drivers/gpu/drm/amd/amdgpu/../display/dmub/src/dmub_dcn316.o
  CC [M]  drivers/gpu/drm/amd/amdgpu/../display/dmub/src/dmub_dcn32.o
  CC [M]  drivers/gpu/drm/amd/amdgpu/../display/dmub/src/dmub_dcn35.o
  CC [M]  drivers/gpu/drm/amd/amdgpu/../display/dmub/src/dmub_dcn351.o
  CC [M]  drivers/gpu/drm/amd/amdgpu/../display/dmub/src/dmub_dcn36.o
  CC [M]  drivers/gpu/drm/amd/amdgpu/../display/dmub/src/dmub_dcn401.o
  CC [M]  drivers/gpu/drm/amd/amdgpu/../display/dmub/src/dmub_dcn42.o
  CC [M]  drivers/gpu/drm/amd/amdgpu/../display/dmub/src/dmub_dcn42b.o
  CC [M]  drivers/gpu/drm/amd/amdgpu/../display/modules/hdcp/hdcp_ddc.o
  CC [M]  drivers/gpu/drm/amd/amdgpu/../display/modules/hdcp/hdcp_log.o
  CC [M]  drivers/gpu/drm/amd/amdgpu/../display/modules/hdcp/hdcp_psp.o
  CC [M]  drivers/gpu/drm/amd/amdgpu/../display/modules/hdcp/hdcp.o
  CC [M]  drivers/gpu/drm/amd/amdgpu/../display/modules/hdcp/hdcp1_execution.o
  CC [M]  drivers/gpu/drm/amd/amdgpu/../display/modules/hdcp/hdcp1_transition.o
  CC [M]  drivers/gpu/drm/amd/amdgpu/../display/modules/hdcp/hdcp2_execution.o
  CC [M]  drivers/gpu/drm/amd/amdgpu/../display/modules/hdcp/hdcp2_transition.o
  CC [M]  drivers/gpu/drm/amd/amdgpu/../ras/ras_mgr/amdgpu_ras_sys.o
  CC [M]  drivers/gpu/drm/amd/amdgpu/../ras/ras_mgr/amdgpu_ras_mgr.o
  CC [M]  drivers/gpu/drm/amd/amdgpu/../ras/ras_mgr/amdgpu_ras_eeprom_i2c.o
  CC [M]  drivers/gpu/drm/amd/amdgpu/../ras/ras_mgr/amdgpu_ras_mp1_v13_0.o
  CC [M]  drivers/gpu/drm/amd/amdgpu/../ras/ras_mgr/amdgpu_ras_cmd.o
  CC [M]  drivers/gpu/drm/amd/amdgpu/../ras/ras_mgr/amdgpu_virt_ras_cmd.o
  CC [M]  drivers/gpu/drm/amd/amdgpu/../ras/ras_mgr/amdgpu_ras_process.o
  CC [M]  drivers/gpu/drm/amd/amdgpu/../ras/ras_mgr/amdgpu_ras_nbio_v7_9.o
  CC [M]  drivers/gpu/drm/amd/amdgpu/../ras/rascore/ras_core.o
  CC [M]  drivers/gpu/drm/amd/amdgpu/../ras/rascore/ras_mp1.o
  CC [M]  drivers/gpu/drm/amd/amdgpu/../ras/rascore/ras_mp1_v13_0.o
  CC [M]  drivers/gpu/drm/amd/amdgpu/../ras/rascore/ras_aca.o
  CC [M]  drivers/gpu/drm/amd/amdgpu/../ras/rascore/ras_aca_v1_0.o
  CC [M]  drivers/gpu/drm/amd/amdgpu/../ras/rascore/ras_eeprom.o
  CC [M]  drivers/gpu/drm/amd/amdgpu/../ras/rascore/ras_umc.o
  CC [M]  drivers/gpu/drm/amd/amdgpu/../ras/rascore/ras_umc_v12_0.o
  CC [M]  drivers/gpu/drm/amd/amdgpu/../ras/rascore/ras_cmd.o
  CC [M]  drivers/gpu/drm/amd/amdgpu/../ras/rascore/ras_gfx.o
  CC [M]  drivers/gpu/drm/amd/amdgpu/../ras/rascore/ras_gfx_v9_0.o
  CC [M]  drivers/gpu/drm/amd/amdgpu/../ras/rascore/ras_process.o
  CC [M]  drivers/gpu/drm/amd/amdgpu/../ras/rascore/ras_nbio.o
  CC [M]  drivers/gpu/drm/amd/amdgpu/../ras/rascore/ras_nbio_v7_9.o
  CC [M]  drivers/gpu/drm/amd/amdgpu/../ras/rascore/ras_log_ring.o
  CC [M]  drivers/gpu/drm/amd/amdgpu/../ras/rascore/ras_cper.o
  CC [M]  drivers/gpu/drm/amd/amdgpu/../ras/rascore/ras_psp.o
  CC [M]  drivers/gpu/drm/amd/amdgpu/../ras/rascore/ras_psp_v13_0.o
  CC [M]  drivers/gpu/drm/amd/amdgpu/../ras/rascore/ras_eeprom_fw.o
  LD [M]  drivers/gpu/drm/amd/amdgpu/amdgpu.o
  AR      drivers/gpu/built-in.a
  AR      drivers/built-in.a
  AR      built-in.a
  AR      built-in-fixup.a
  COPY    vmlinux.a
  LD      vmlinux.o
  GEN     .vmlinux.objs
  MODPOST Module.symvers
  CC      .vmlinux.export.o
  UPD     include/generated/utsversion.h
  CC      init/version-timestamp.o
  KSYMS   .tmp_vmlinux0.kallsyms.S
  AS      .tmp_vmlinux0.kallsyms.o
  LD      .tmp_vmlinux1
  BTF     .tmp_vmlinux1
  NM      .tmp_vmlinux1.syms
  KSYMS   .tmp_vmlinux1.kallsyms.S
  AS      .tmp_vmlinux1.kallsyms.o
  LD      .tmp_vmlinux2
  NM      .tmp_vmlinux2.syms
  KSYMS   .tmp_vmlinux2.kallsyms.S
  AS      .tmp_vmlinux2.kallsyms.o
  LD      vmlinux.unstripped
  BTFIDS  vmlinux.unstripped
  NM      System.map
  SORTTAB vmlinux.unstripped
  OBJCOPY vmlinux
  GEN     modules.builtin.modinfo
  GEN     modules.builtin
  CC [M]  arch/x86/kernel/msr.mod.o
  CC      arch/x86/boot/a20.o
  CC [M]  .module-common.o
  AS      arch/x86/boot/bioscall.o
  CC      arch/x86/boot/cmdline.o
  AS      arch/x86/boot/copy.o
  CC [M]  arch/x86/kvm/kvm.mod.o
  CC [M]  arch/x86/kvm/kvm-intel.mod.o
  CC [M]  arch/x86/kvm/kvm-amd.mod.o
  CC      arch/x86/boot/cpuflags.o
  CC [M]  kernel/kheaders.mod.o
  HOSTCC  arch/x86/boot/mkcpustr
  CC      arch/x86/boot/cpucheck.o
  CC      arch/x86/boot/early_serial_console.o
  CC      arch/x86/boot/edd.o
  CC      arch/x86/boot/main.o
  CC      arch/x86/boot/memory.o
  CC      arch/x86/boot/pm.o
  AS      arch/x86/boot/pmjump.o
  CC [M]  fs/nfs_common/nfs_acl.mod.o
  LDS     arch/x86/boot/compressed/vmlinux.lds
  CC      arch/x86/boot/printf.o
  AS      arch/x86/boot/compressed/kernel_info.o
  CC [M]  fs/nfs_common/grace.mod.o
  CC      arch/x86/boot/regs.o
  AS      arch/x86/boot/compressed/head_64.o
  VOFFSET arch/x86/boot/compressed/../voffset.h
  CC      arch/x86/boot/compressed/string.o
  CC      arch/x86/boot/compressed/cmdline.o
  CC      arch/x86/boot/string.o
  CC [M]  fs/quota/quota_v2.mod.o
  CC      arch/x86/boot/tty.o
  CC [M]  fs/quota/quota_tree.mod.o
  CC      arch/x86/boot/video.o
  CC [M]  fs/fat/msdos.mod.o
  CC      arch/x86/boot/compressed/error.o
  OBJCOPY arch/x86/boot/compressed/vmlinux.bin
  CC [M]  fs/nls/nls_ucs2_utils.mod.o
  RELOCS  arch/x86/boot/compressed/vmlinux.relocs
  CC [M]  fs/fuse/cuse.mod.o
  CC [M]  fs/dlm/dlm.mod.o
  HOSTCC  arch/x86/boot/compressed/mkpiggy
  CC      arch/x86/boot/compressed/cpuflags.o
  CC      arch/x86/boot/video-mode.o
  CC [M]  fs/cramfs/cramfs.mod.o
  CC [M]  fs/exfat/exfat.mod.o
  CC      arch/x86/boot/compressed/early_serial_console.o
  CC      arch/x86/boot/version.o
  CC      arch/x86/boot/compressed/kaslr.o
  CC      arch/x86/boot/compressed/ident_map_64.o
  CC      arch/x86/boot/compressed/idt_64.o
  AS      arch/x86/boot/compressed/idt_handlers_64.o
  CC      arch/x86/boot/video-vga.o
  CC [M]  fs/isofs/isofs.mod.o
  CC      arch/x86/boot/video-vesa.o
  AS      arch/x86/boot/compressed/mem_encrypt.o
  CC      arch/x86/boot/video-bios.o
  CC      arch/x86/boot/compressed/pgtable_64.o
  CC      arch/x86/boot/compressed/sev.o
  CC      arch/x86/boot/compressed/sev-handle-vc.o
  CPUSTR  arch/x86/boot/cpustr.h
  CC      arch/x86/boot/compressed/acpi.o
  CC      arch/x86/boot/compressed/mem.o
  CC      arch/x86/boot/compressed/efi.o
  CC      arch/x86/boot/cpu.o
  CC      arch/x86/boot/compressed/misc.o
  CC [M]  fs/nfs/nfs.mod.o
  CC [M]  fs/nfs/nfsv2.mod.o
  CC [M]  fs/nfs/nfsv3.mod.o
  GZIP    arch/x86/boot/compressed/vmlinux.bin.gz
  CC [M]  fs/nfs/nfsv4.mod.o
  CC [M]  fs/nfs/filelayout/nfs_layout_nfsv41_files.mod.o
  CC [M]  fs/nfs/blocklayout/blocklayoutdriver.mod.o
  CC [M]  fs/nfs/flexfilelayout/nfs_layout_flexfiles.mod.o
  CC [M]  fs/nfsd/nfsd.mod.o
  CC [M]  fs/lockd/lockd.mod.o
  CC [M]  fs/smb/common/cifs_md4.mod.o
  CC [M]  fs/smb/common/smb_compress.mod.o
  CC [M]  fs/smb/client/cifs.mod.o
  CC [M]  fs/autofs/autofs4.mod.o
  CC [M]  fs/btrfs/btrfs.mod.o
  CC [M]  fs/f2fs/f2fs.mod.o
  CC [M]  fs/ceph/ceph.mod.o
  CC [M]  fs/erofs/erofs.mod.o
  CC [M]  security/keys/trusted-keys/trusted.mod.o
  CC [M]  security/keys/encrypted-keys/encrypted-keys.mod.o
  CC [M]  crypto/crypto_engine.mod.o
  CC [M]  crypto/echainiv.mod.o
  CC [M]  crypto/kpp.mod.o
  CC [M]  crypto/dh_generic.mod.o
  CC [M]  crypto/crypto_user.mod.o
  CC [M]  crypto/cmac.mod.o
  CC [M]  crypto/md4.mod.o
  CC [M]  crypto/blake2b.mod.o
  CC [M]  crypto/lrw.mod.o
  CC [M]  crypto/ccm.mod.o
  CC [M]  crypto/des_generic.mod.o
  CC [M]  crypto/camellia_generic.mod.o
  CC [M]  crypto/arc4.mod.o
  CC [M]  crypto/authenc.mod.o
  CC [M]  crypto/authencesn.mod.o
  CC [M]  crypto/krb5enc.mod.o
  CC [M]  crypto/xxhash_generic.mod.o
  CC [M]  crypto/af_alg.mod.o
  CC [M]  crypto/algif_hash.mod.o
  CC [M]  crypto/algif_skcipher.mod.o
  CC [M]  crypto/algif_rng.mod.o
  CC [M]  crypto/algif_aead.mod.o
  CC [M]  crypto/ecc.mod.o
  CC [M]  crypto/essiv.mod.o
  CC [M]  crypto/ecdh_generic.mod.o
  CC [M]  crypto/async_tx/async_tx.mod.o
  CC [M]  crypto/async_tx/async_memcpy.mod.o
  CC [M]  crypto/async_tx/async_xor.mod.o
  CC [M]  crypto/async_tx/async_pq.mod.o
  CC [M]  crypto/async_tx/async_raid6_recov.mod.o
  CC [M]  crypto/krb5/krb5.mod.o
  CC [M]  block/bfq.mod.o
  CC [M]  lib/crc/crc8.mod.o
  CC [M]  lib/crypto/libarc4.mod.o
  CC [M]  lib/crypto/libblake2b.mod.o
  CC [M]  lib/crypto/libchacha.mod.o
  CC [M]  lib/crypto/libchacha20poly1305.mod.o
  CC [M]  lib/crypto/libcurve25519.mod.o
  CC [M]  lib/crypto/libdes.mod.o
  CC [M]  lib/crypto/libpoly1305.mod.o
  CC [M]  lib/raid/xor/xor.mod.o
  CC [M]  lib/raid/raid6/raid6_pq.mod.o
  CC [M]  lib/ts_kmp.mod.o
  CC [M]  lib/ts_bm.mod.o
  CC [M]  lib/ts_fsm.mod.o
  CC [M]  lib/asn1_encoder.mod.o
  CC [M]  lib/parman.mod.o
  CC [M]  lib/objagg.mod.o
  CC [M]  drivers/gpio/gpio-generic.mod.o
  CC [M]  drivers/gpio/gpio-ich.mod.o
  CC [M]  drivers/gpio/gpio-sch.mod.o
  CC [M]  drivers/pwm/pwm-lpss.mod.o
  CC [M]  drivers/pwm/pwm-lpss-pci.mod.o
  CC [M]  drivers/pwm/pwm-lpss-platform.mod.o
  CC [M]  drivers/leds/led-class.mod.o
  CC [M]  drivers/leds/led-class-multicolor.mod.o
  CC [M]  drivers/pci/hotplug/acpiphp_ibm.mod.o
  CC [M]  drivers/video/fbdev/core/fb_ddc.mod.o
  CC [M]  drivers/video/fbdev/i740fb.mod.o
  CC [M]  drivers/video/fbdev/nvidia/nvidiafb.mod.o
  CC [M]  drivers/video/fbdev/aty/radeonfb.mod.o
  CC [M]  drivers/video/fbdev/cirrusfb.mod.o
  CC [M]  drivers/video/vgastate.mod.o
  CC [M]  drivers/char/ipmi/ipmi_msghandler.mod.o
  CC [M]  drivers/char/ipmi/ipmi_devintf.mod.o
  CC [M]  drivers/char/ipmi/ipmi_si.mod.o
  CC [M]  drivers/char/ipmi/ipmi_watchdog.mod.o
  CC [M]  drivers/char/ipmi/ipmi_poweroff.mod.o
  CC [M]  drivers/acpi/apei/erst-dbg.mod.o
  CC [M]  drivers/acpi/acpi_ipmi.mod.o
  CC [M]  drivers/acpi/ac.mod.o
  CC [M]  drivers/acpi/button.mod.o
  CC [M]  drivers/acpi/fan.mod.o
  CC [M]  drivers/acpi/video.mod.o
  CC [M]  drivers/acpi/thermal.mod.o
  CC [M]  drivers/acpi/battery.mod.o
  CC [M]  drivers/dma/virt-dma.mod.o
  CC [M]  drivers/dma/hsu/hsu_dma.mod.o
  CC [M]  drivers/dma/hsu/hsu_dma_pci.mod.o
  CC [M]  drivers/dma/idma64.mod.o
  CC [M]  drivers/virtio/virtio_mem.mod.o
  CC [M]  drivers/xen/xen-pciback/xen-pciback.mod.o
  CC [M]  drivers/xen/xen-gntdev.mod.o
  CC [M]  drivers/xen/xen-gntalloc.mod.o
  CC [M]  drivers/xen/xen-acpi-processor.mod.o
  CC [M]  drivers/tty/serial/8250/8250_dw.mod.o
  CC [M]  drivers/tty/serial/8250/8250_lpss.mod.o
  CC [M]  drivers/tty/serial/8250/8250_mid.mod.o
  CC [M]  drivers/char/hw_random/timeriomem-rng.mod.o
  CC [M]  drivers/char/hw_random/intel-rng.mod.o
  CC [M]  drivers/char/hw_random/amd-rng.mod.o
  CC [M]  drivers/char/hw_random/via-rng.mod.o
  CC [M]  drivers/char/hw_random/virtio-rng.mod.o
  CC [M]  drivers/char/agp/intel-agp.mod.o
  CC [M]  drivers/char/agp/intel-gtt.mod.o
  CC [M]  drivers/char/tpm/tpm_i2c_atmel.mod.o
  CC [M]  drivers/char/tpm/tpm_i2c_infineon.mod.o
  CC [M]  drivers/char/tpm/tpm_i2c_nuvoton.mod.o
  CC [M]  drivers/char/tpm/tpm_nsc.mod.o
  CC [M]  drivers/char/tpm/tpm_atmel.mod.o
  CC [M]  drivers/char/tpm/tpm_infineon.mod.o
  CC [M]  drivers/char/nvram.mod.o
  CC [M]  drivers/char/hangcheck-timer.mod.o
  CC [M]  drivers/gpu/drm/display/drm_display_helper.mod.o
  CC [M]  drivers/gpu/drm/tiny/cirrus-qemu.mod.o
  CC [M]  drivers/gpu/drm/drm_panel_backlight_quirks.mod.o
  CC [M]  drivers/gpu/drm/drm_exec.mod.o
  CC [M]  drivers/gpu/drm/drm_gpuvm.mod.o
  CC [M]  drivers/gpu/drm/drm_buddy.mod.o
  CC [M]  drivers/gpu/drm/drm_shmem_helper.mod.o
  CC [M]  drivers/gpu/drm/drm_suballoc_helper.mod.o
  CC [M]  drivers/gpu/drm/scheduler/gpu-sched.mod.o
  CC [M]  drivers/gpu/drm/radeon/radeon.mod.o
  CC [M]  drivers/gpu/drm/amd/amdgpu/amdgpu.mod.o
  CC [M]  drivers/gpu/drm/amd/amdxcp/amdxcp.mod.o
  CC [M]  drivers/gpu/drm/i915/i915.mod.o
  CC [M]  drivers/gpu/drm/vgem/vgem.mod.o
  CC [M]  drivers/gpu/drm/nouveau/ch7006.mod.o
  CC [M]  drivers/gpu/drm/nouveau/sil164.mod.o
  CC [M]  drivers/gpu/drm/nouveau/nouveau.mod.o
  CC [M]  drivers/base/regmap/regmap-i2c.mod.o
  MKPIGGY arch/x86/boot/compressed/piggy.S
  AS      arch/x86/boot/compressed/piggy.o
  LD      arch/x86/boot/compressed/vmlinux
  ZOFFSET arch/x86/boot/zoffset.h
  OBJCOPY arch/x86/boot/vmlinux.bin
  AS      arch/x86/boot/header.o
  CC [M]  drivers/block/nbd.mod.o
  LD      arch/x86/boot/setup.elf
  OBJCOPY arch/x86/boot/setup.bin
  BUILD   arch/x86/boot/bzImage
  CC [M]  drivers/block/virtio_blk.mod.o
Kernel: arch/x86/boot/bzImage is ready  (#1)
  CC [M]  drivers/block/rbd.mod.o
  CC [M]  drivers/block/zram/zram.mod.o
  CC [M]  drivers/misc/eeprom/eeprom_93cx6.mod.o
  CC [M]  drivers/misc/vmw_balloon.mod.o
  CC [M]  drivers/misc/mei/mei.mod.o
  CC [M]  drivers/misc/mei/mei-me.mod.o
  CC [M]  drivers/misc/vmw_vmci/vmw_vmci.mod.o
  CC [M]  drivers/mfd/mfd-core.mod.o
  CC [M]  drivers/mfd/lpc_sch.mod.o
  CC [M]  drivers/mfd/lpc_ich.mod.o
  CC [M]  drivers/mfd/intel-lpss.mod.o
  CC [M]  drivers/mfd/intel-lpss-pci.mod.o
  CC [M]  drivers/mfd/intel-lpss-acpi.mod.o
  CC [M]  drivers/dax/device_dax.mod.o
  CC [M]  drivers/dax/kmem.mod.o
  CC [M]  drivers/dax/dax_pmem.mod.o
  CC [M]  drivers/dax/fsdev_dax.mod.o
  CC [M]  drivers/scsi/device_handler/scsi_dh_hp_sw.mod.o
  CC [M]  drivers/scsi/device_handler/scsi_dh_emc.mod.o
  CC [M]  drivers/scsi/device_handler/scsi_dh_alua.mod.o
  CC [M]  drivers/scsi/megaraid/megaraid_mm.mod.o
  CC [M]  drivers/scsi/megaraid/megaraid_mbox.mod.o
  CC [M]  drivers/scsi/megaraid/megaraid_sas.mod.o
  CC [M]  drivers/scsi/libsas/libsas.mod.o
  CC [M]  drivers/scsi/scsi_transport_srp.mod.o
  CC [M]  drivers/scsi/libfc/libfc.mod.o
  CC [M]  drivers/scsi/fcoe/fcoe.mod.o
  CC [M]  drivers/scsi/fcoe/libfcoe.mod.o
  CC [M]  drivers/scsi/fnic/fnic.mod.o
  CC [M]  drivers/scsi/libiscsi.mod.o
  CC [M]  drivers/scsi/libiscsi_tcp.mod.o
  CC [M]  drivers/scsi/iscsi_tcp.mod.o
  CC [M]  drivers/scsi/iscsi_boot_sysfs.mod.o
  CC [M]  drivers/scsi/advansys.mod.o
  CC [M]  drivers/scsi/BusLogic.mod.o
  CC [M]  drivers/scsi/arcmsr/arcmsr.mod.o
  CC [M]  drivers/scsi/aic7xxx/aic7xxx.mod.o
  CC [M]  drivers/scsi/aic7xxx/aic79xx.mod.o
  CC [M]  drivers/scsi/aacraid/aacraid.mod.o
  CC [M]  drivers/scsi/aic94xx/aic94xx.mod.o
  CC [M]  drivers/scsi/pm8001/pm80xx.mod.o
  CC [M]  drivers/scsi/isci/isci.mod.o
  CC [M]  drivers/scsi/ips.mod.o
  CC [M]  drivers/scsi/qla1280.mod.o
  CC [M]  drivers/scsi/qla2xxx/qla2xxx.mod.o
  CC [M]  drivers/scsi/qla2xxx/tcm_qla2xxx.mod.o
  CC [M]  drivers/scsi/qla4xxx/qla4xxx.mod.o
  CC [M]  drivers/scsi/lpfc/lpfc.mod.o
  CC [M]  drivers/scsi/bfa/bfa.mod.o
  CC [M]  drivers/scsi/csiostor/csiostor.mod.o
  CC [M]  drivers/scsi/dmx3191d.mod.o
  CC [M]  drivers/scsi/hpsa.mod.o
  CC [M]  drivers/scsi/dc395x.mod.o
  CC [M]  drivers/scsi/esp_scsi.mod.o
  CC [M]  drivers/scsi/am53c974.mod.o
  CC [M]  drivers/scsi/megaraid.mod.o
  CC [M]  drivers/scsi/mpt3sas/mpt3sas.mod.o
  CC [M]  drivers/scsi/mpi3mr/mpi3mr.mod.o
  CC [M]  drivers/scsi/atp870u.mod.o
  CC [M]  drivers/scsi/initio.mod.o
  CC [M]  drivers/scsi/a100u2w.mod.o
  CC [M]  drivers/scsi/3w-xxxx.mod.o
  CC [M]  drivers/scsi/3w-9xxx.mod.o
  CC [M]  drivers/scsi/3w-sas.mod.o
  CC [M]  drivers/scsi/ipr.mod.o
  CC [M]  drivers/scsi/hptiop.mod.o
  CC [M]  drivers/scsi/stex.mod.o
  CC [M]  drivers/scsi/mvsas/mvsas.mod.o
  CC [M]  drivers/scsi/mvumi.mod.o
  CC [M]  drivers/scsi/cxgbi/libcxgbi.mod.o
  CC [M]  drivers/scsi/cxgbi/cxgb3i/cxgb3i.mod.o
  CC [M]  drivers/scsi/cxgbi/cxgb4i/cxgb4i.mod.o
  CC [M]  drivers/scsi/bnx2i/bnx2i.mod.o
  CC [M]  drivers/scsi/be2iscsi/be2iscsi.mod.o
  CC [M]  drivers/scsi/esas2r/esas2r.mod.o
  CC [M]  drivers/scsi/pmcraid.mod.o
  CC [M]  drivers/scsi/wd719x.mod.o
  CC [M]  drivers/scsi/scsi_debug.mod.o
  CC [M]  drivers/nvme/host/nvme-fabrics.mod.o
  CC [M]  drivers/nvme/host/nvme-rdma.mod.o
  CC [M]  drivers/nvme/host/nvme-fc.mod.o
  CC [M]  drivers/nvme/host/nvme-tcp.mod.o
  CC [M]  drivers/nvme/target/nvmet.mod.o
  CC [M]  drivers/nvme/target/nvme-loop.mod.o
  CC [M]  drivers/nvme/target/nvmet-tcp.mod.o
  CC [M]  drivers/ata/pata_legacy.mod.o
  CC [M]  drivers/net/phy/phylink.mod.o
  CC [M]  drivers/net/phy/phy_package.mod.o
  CC [M]  drivers/net/phy/amd.mod.o
  CC [M]  drivers/net/phy/ax88796b.mod.o
  CC [M]  drivers/net/phy/bcm7xxx.mod.o
  CC [M]  drivers/net/phy/bcm87xx.mod.o
  CC [M]  drivers/net/phy/bcm-phy-lib.mod.o
  CC [M]  drivers/net/phy/bcm-phy-ptp.mod.o
  CC [M]  drivers/net/phy/broadcom.mod.o
  CC [M]  drivers/net/phy/et1011c.mod.o
  CC [M]  drivers/net/phy/lxt.mod.o
  CC [M]  drivers/net/phy/marvell.mod.o
  CC [M]  drivers/net/phy/micrel.mod.o
  CC [M]  drivers/net/phy/microchip.mod.o
  CC [M]  drivers/net/phy/national.mod.o
  CC [M]  drivers/net/phy/realtek/realtek.mod.o
  CC [M]  drivers/net/phy/ste10Xp.mod.o
  CC [M]  drivers/net/ethernet/amd/amd8111e.mod.o
  CC [M]  drivers/net/ethernet/amd/pcnet32.mod.o
  CC [M]  drivers/net/ethernet/atheros/atlx/atl1.mod.o
  CC [M]  drivers/net/ethernet/atheros/atlx/atl2.mod.o
  CC [M]  drivers/net/ethernet/atheros/atl1e/atl1e.mod.o
  CC [M]  drivers/net/ethernet/atheros/atl1c/atl1c.mod.o
  CC [M]  drivers/net/ethernet/atheros/alx/alx.mod.o
  CC [M]  drivers/net/ethernet/broadcom/b44.mod.o
  CC [M]  drivers/net/ethernet/broadcom/bnx2.mod.o
  CC [M]  drivers/net/ethernet/broadcom/cnic.mod.o
  CC [M]  drivers/net/ethernet/broadcom/bnx2x/bnx2x.mod.o
  CC [M]  drivers/net/ethernet/broadcom/tg3.mod.o
  CC [M]  drivers/net/ethernet/broadcom/bnxt/bnxt_en.mod.o
  CC [M]  drivers/net/ethernet/brocade/bna/bna.mod.o
  CC [M]  drivers/net/ethernet/cavium/common/cavium_ptp.mod.o
  CC [M]  drivers/net/ethernet/chelsio/cxgb/cxgb.mod.o
  CC [M]  drivers/net/ethernet/chelsio/cxgb3/cxgb3.mod.o
  CC [M]  drivers/net/ethernet/chelsio/cxgb4/cxgb4.mod.o
  CC [M]  drivers/net/ethernet/chelsio/cxgb4vf/cxgb4vf.mod.o
  CC [M]  drivers/net/ethernet/chelsio/libcxgb/libcxgb.mod.o
  CC [M]  drivers/net/ethernet/cisco/enic/enic.mod.o
  CC [M]  drivers/net/ethernet/dec/tulip/tulip.mod.o
  CC [M]  drivers/net/ethernet/dlink/dl2k.mod.o
  CC [M]  drivers/net/ethernet/dlink/sundance.mod.o
  CC [M]  drivers/net/ethernet/emulex/benet/be2net.mod.o
  CC [M]  drivers/net/ethernet/intel/libie/libie.mod.o
  CC [M]  drivers/net/ethernet/intel/libie/libie_adminq.mod.o
  CC [M]  drivers/net/ethernet/intel/libie/libie_fwlog.mod.o
  CC [M]  drivers/net/ethernet/intel/libeth/libeth.mod.o
  CC [M]  drivers/net/ethernet/intel/e100.mod.o
  CC [M]  drivers/net/ethernet/intel/e1000/e1000.mod.o
  CC [M]  drivers/net/ethernet/intel/e1000e/e1000e.mod.o
  CC [M]  drivers/net/ethernet/intel/igb/igb.mod.o
  CC [M]  drivers/net/ethernet/intel/igc/igc.mod.o
  CC [M]  drivers/net/ethernet/intel/igbvf/igbvf.mod.o
  CC [M]  drivers/net/ethernet/intel/ixgbe/ixgbe.mod.o
  CC [M]  drivers/net/ethernet/intel/ixgbevf/ixgbevf.mod.o
  CC [M]  drivers/net/ethernet/intel/i40e/i40e.mod.o
  CC [M]  drivers/net/ethernet/intel/iavf/iavf.mod.o
  CC [M]  drivers/net/ethernet/intel/fm10k/fm10k.mod.o
  CC [M]  drivers/net/ethernet/microsoft/mana/mana.mod.o
  CC [M]  drivers/net/ethernet/marvell/skge.mod.o
  CC [M]  drivers/net/ethernet/marvell/sky2.mod.o
  CC [M]  drivers/net/ethernet/mellanox/mlx4/mlx4_core.mod.o
  CC [M]  drivers/net/ethernet/mellanox/mlx4/mlx4_en.mod.o
  CC [M]  drivers/net/ethernet/mellanox/mlx5/core/mlx5_core.mod.o
  CC [M]  drivers/net/ethernet/mellanox/mlxsw/mlxsw_core.mod.o
  CC [M]  drivers/net/ethernet/mellanox/mlxsw/mlxsw_pci.mod.o
  CC [M]  drivers/net/ethernet/mellanox/mlxsw/mlxsw_i2c.mod.o
  CC [M]  drivers/net/ethernet/mellanox/mlxsw/mlxsw_spectrum.mod.o
  CC [M]  drivers/net/ethernet/mellanox/mlxsw/mlxsw_minimal.mod.o
  CC [M]  drivers/net/ethernet/mellanox/mlxfw/mlxfw.mod.o
  CC [M]  drivers/net/ethernet/myricom/myri10ge/myri10ge.mod.o
  CC [M]  drivers/net/ethernet/nvidia/forcedeth.mod.o
  CC [M]  drivers/net/ethernet/qlogic/netxen/netxen_nic.mod.o
  CC [M]  drivers/net/ethernet/qlogic/qed/qed.mod.o
  CC [M]  drivers/net/ethernet/qlogic/qede/qede.mod.o
  CC [M]  drivers/net/ethernet/realtek/8139cp.mod.o
  CC [M]  drivers/net/ethernet/realtek/8139too.mod.o
  CC [M]  drivers/net/ethernet/realtek/r8169.mod.o
  CC [M]  drivers/net/ethernet/rocker/rocker.mod.o
  CC [M]  drivers/net/ethernet/jme.mod.o
  CC [M]  drivers/net/ppp/ppp_async.mod.o
  CC [M]  drivers/net/ppp/bsd_comp.mod.o
  CC [M]  drivers/net/ppp/ppp_deflate.mod.o
  CC [M]  drivers/net/ppp/ppp_mppe.mod.o
  CC [M]  drivers/net/ppp/ppp_synctty.mod.o
  CC [M]  drivers/net/ppp/pppox.mod.o
  CC [M]  drivers/net/ppp/pppoe.mod.o
  CC [M]  drivers/net/ppp/pptp.mod.o
  CC [M]  drivers/net/wireless/intel/iwlwifi/iwlwifi.mod.o
  CC [M]  drivers/net/wireless/intel/iwlwifi/mvm/iwlmvm.mod.o
  CC [M]  drivers/net/wireless/rsi/rsi_91x.mod.o
  CC [M]  drivers/net/wireless/rsi/rsi_sdio.mod.o
  CC [M]  drivers/net/wireless/rsi/rsi_usb.mod.o
  CC [M]  drivers/net/bonding/bonding.mod.o
  CC [M]  drivers/net/ipvlan/ipvlan.mod.o
  CC [M]  drivers/net/dummy.mod.o
  CC [M]  drivers/net/wireguard/wireguard.mod.o
  CC [M]  drivers/net/ifb.mod.o
  CC [M]  drivers/net/macvlan.mod.o
  CC [M]  drivers/net/macvtap.mod.o
  CC [M]  drivers/net/mii.mod.o
  CC [M]  drivers/net/mdio.mod.o
  CC [M]  drivers/net/netconsole.mod.o
  CC [M]  drivers/net/tun.mod.o
  CC [M]  drivers/net/tap.mod.o
  CC [M]  drivers/net/geneve.mod.o
  CC [M]  drivers/net/vrf.mod.o
  CC [M]  drivers/net/vsockmon.mod.o
  CC [M]  drivers/net/can/dev/can-dev.mod.o
  CC [M]  drivers/net/can/usb/usb_8dev.mod.o
  CC [M]  drivers/net/can/usb/ems_usb.mod.o
  CC [M]  drivers/net/can/usb/esd_usb.mod.o
  CC [M]  drivers/net/can/usb/etas_es58x/etas_es58x.mod.o
  CC [M]  drivers/net/can/usb/f81604.mod.o
  CC [M]  drivers/net/can/usb/gs_usb.mod.o
  CC [M]  drivers/net/can/usb/kvaser_usb/kvaser_usb.mod.o
  CC [M]  drivers/net/can/usb/mcba_usb.mod.o
  CC [M]  drivers/net/can/usb/peak_usb/peak_usb.mod.o
  CC [M]  drivers/net/can/usb/ucan.mod.o
  CC [M]  drivers/net/can/vcan.mod.o
  CC [M]  drivers/net/can/slcan/slcan.mod.o
  CC [M]  drivers/net/usb/lan78xx.mod.o
  CC [M]  drivers/net/usb/asix.mod.o
  CC [M]  drivers/net/usb/ax88179_178a.mod.o
  CC [M]  drivers/net/usb/cdc_ether.mod.o
  CC [M]  drivers/net/usb/net1080.mod.o
  CC [M]  drivers/net/usb/cdc_subset.mod.o
  CC [M]  drivers/net/usb/zaurus.mod.o
  CC [M]  drivers/net/usb/usbnet.mod.o
  CC [M]  drivers/net/usb/cdc_ncm.mod.o
  CC [M]  drivers/net/usb/huawei_cdc_ncm.mod.o
  CC [M]  drivers/net/usb/qmi_wwan.mod.o
  CC [M]  drivers/net/usb/cdc_mbim.mod.o
  CC [M]  drivers/net/usb/r8153_ecm.mod.o
  CC [M]  drivers/usb/host/ehci-hcd.mod.o
  CC [M]  drivers/usb/host/ehci-pci.mod.o
  CC [M]  drivers/usb/host/ehci-platform.mod.o
  CC [M]  drivers/usb/host/ohci-hcd.mod.o
  CC [M]  drivers/usb/host/ohci-pci.mod.o
  CC [M]  drivers/usb/host/ohci-platform.mod.o
  CC [M]  drivers/usb/host/uhci-hcd.mod.o
  CC [M]  drivers/usb/host/xhci-hcd.mod.o
  CC [M]  drivers/usb/host/xhci-pci.mod.o
  CC [M]  drivers/usb/host/ssb-hcd.mod.o
  CC [M]  drivers/usb/common/usb-common.mod.o
  CC [M]  drivers/usb/core/usbcore.mod.o
  CC [M]  drivers/usb/mon/usbmon.mod.o
  CC [M]  drivers/usb/class/cdc-acm.mod.o
  CC [M]  drivers/usb/class/cdc-wdm.mod.o
  CC [M]  drivers/usb/storage/uas.mod.o
  CC [M]  drivers/usb/storage/usb-storage.mod.o
  CC [M]  drivers/usb/serial/usbserial.mod.o
  CC [M]  drivers/usb/serial/ch341.mod.o
  CC [M]  drivers/usb/serial/cp210x.mod.o
  CC [M]  drivers/usb/serial/ftdi_sio.mod.o
  CC [M]  drivers/usb/serial/option.mod.o
  CC [M]  drivers/usb/serial/pl2303.mod.o
  CC [M]  drivers/usb/serial/qcserial.mod.o
  CC [M]  drivers/usb/serial/usb_wwan.mod.o
  CC [M]  drivers/usb/usbip/usbip-core.mod.o
  CC [M]  drivers/usb/usbip/vhci-hcd.mod.o
  CC [M]  drivers/usb/usbip/usbip-host.mod.o
  CC [M]  drivers/input/mouse/psmouse.mod.o
  CC [M]  drivers/input/misc/uinput.mod.o
  CC [M]  drivers/input/ff-memless.mod.o
  CC [M]  drivers/input/sparse-keymap.mod.o
  CC [M]  drivers/input/input-leds.mod.o
  CC [M]  drivers/input/mousedev.mod.o
  CC [M]  drivers/input/joydev.mod.o
  CC [M]  drivers/input/evdev.mod.o
  CC [M]  drivers/i2c/algos/i2c-algo-bit.mod.o
  CC [M]  drivers/i2c/busses/i2c-amd756.mod.o
  CC [M]  drivers/i2c/busses/i2c-amd8111.mod.o
  CC [M]  drivers/i2c/busses/i2c-i801.mod.o
  CC [M]  drivers/i2c/busses/i2c-piix4.mod.o
  CC [M]  drivers/i2c/busses/i2c-designware-core.mod.o
  CC [M]  drivers/i2c/busses/i2c-designware-platform.mod.o
  CC [M]  drivers/i2c/i2c-smbus.mod.o
  CC [M]  drivers/i2c/i2c-dev.mod.o
  CC [M]  drivers/media/common/videobuf2/videobuf2-common.mod.o
  CC [M]  drivers/media/common/videobuf2/videobuf2-memops.mod.o
  CC [M]  drivers/media/common/videobuf2/videobuf2-v4l2.mod.o
  CC [M]  drivers/media/common/videobuf2/videobuf2-vmalloc.mod.o
  CC [M]  drivers/media/common/uvc.mod.o
  CC [M]  drivers/media/usb/gspca/gspca_main.mod.o
  CC [M]  drivers/media/usb/uvc/uvcvideo.mod.o
  CC [M]  drivers/media/mc/mc.mod.o
  CC [M]  drivers/media/v4l2-core/v4l2-async.mod.o
  CC [M]  drivers/media/v4l2-core/v4l2-fwnode.mod.o
  CC [M]  drivers/media/v4l2-core/v4l2-dv-timings.mod.o
  CC [M]  drivers/media/v4l2-core/videodev.mod.o
  CC [M]  drivers/media/dvb-core/dvb-core.mod.o
  CC [M]  drivers/media/cec/core/cec.mod.o
  CC [M]  drivers/ptp/ptp_kvm.mod.o
  CC [M]  drivers/ptp/ptp_vmclock.mod.o
  CC [M]  drivers/hwmon/coretemp.mod.o
  CC [M]  drivers/hwmon/dell-smm-hwmon.mod.o
  CC [M]  drivers/hwmon/fam15h_power.mod.o
  CC [M]  drivers/hwmon/k8temp.mod.o
  CC [M]  drivers/hwmon/k10temp.mod.o
  CC [M]  drivers/thermal/intel/x86_pkg_temp_thermal.mod.o
  CC [M]  drivers/watchdog/iTCO_wdt.mod.o
  CC [M]  drivers/watchdog/softdog.mod.o
  CC [M]  drivers/md/linear.mod.o
  CC [M]  drivers/md/raid0.mod.o
  CC [M]  drivers/md/raid1.mod.o
  CC [M]  drivers/md/raid10.mod.o
  CC [M]  drivers/md/raid456.mod.o
  CC [M]  drivers/md/md-mod.mod.o
  CC [M]  drivers/md/dm-bio-prison.mod.o
  CC [M]  drivers/md/dm-crypt.mod.o
  CC [M]  drivers/md/dm-delay.mod.o
  CC [M]  drivers/md/dm-flakey.mod.o
  CC [M]  drivers/md/dm-multipath.mod.o
  CC [M]  drivers/md/dm-round-robin.mod.o
  CC [M]  drivers/md/dm-queue-length.mod.o
  CC [M]  drivers/md/dm-service-time.mod.o
  CC [M]  drivers/md/dm-historical-service-time.mod.o
  CC [M]  drivers/md/dm-io-affinity.mod.o
  CC [M]  drivers/md/dm-snapshot.mod.o
  CC [M]  drivers/md/persistent-data/dm-persistent-data.mod.o
  CC [M]  drivers/md/dm-mirror.mod.o
  CC [M]  drivers/md/dm-log.mod.o
  CC [M]  drivers/md/dm-region-hash.mod.o
  CC [M]  drivers/md/dm-zero.mod.o
  CC [M]  drivers/md/dm-raid.mod.o
  CC [M]  drivers/md/dm-thin-pool.mod.o
  CC [M]  drivers/accessibility/speakup/speakup_soft.mod.o
  CC [M]  drivers/accessibility/speakup/speakup.mod.o
  CC [M]  drivers/edac/edac_mce_amd.mod.o
  CC [M]  drivers/edac/i5100_edac.mod.o
  CC [M]  drivers/edac/i5400_edac.mod.o
  CC [M]  drivers/edac/i7300_edac.mod.o
  CC [M]  drivers/edac/i7core_edac.mod.o
  CC [M]  drivers/edac/sb_edac.mod.o
  CC [M]  drivers/edac/e752x_edac.mod.o
  CC [M]  drivers/edac/i82975x_edac.mod.o
  CC [M]  drivers/edac/i3000_edac.mod.o
  CC [M]  drivers/edac/i3200_edac.mod.o
  CC [M]  drivers/edac/x38_edac.mod.o
  CC [M]  drivers/edac/amd64_edac.mod.o
  CC [M]  drivers/edac/skx_edac.mod.o
  CC [M]  drivers/edac/skx_edac_common.mod.o
  CC [M]  drivers/cpufreq/cpufreq_powersave.mod.o
  CC [M]  drivers/cpufreq/cpufreq_userspace.mod.o
  CC [M]  drivers/cpufreq/cpufreq_ondemand.mod.o
  CC [M]  drivers/cpufreq/cpufreq_conservative.mod.o
  CC [M]  drivers/cpufreq/acpi-cpufreq.mod.o
  CC [M]  drivers/cpufreq/pcc-cpufreq.mod.o
  CC [M]  drivers/cpufreq/amd_freq_sensitivity.mod.o
  CC [M]  drivers/mmc/host/sdhci.mod.o
  CC [M]  drivers/mmc/host/sdhci-uhs2.mod.o
  CC [M]  drivers/mmc/host/sdhci-pci.mod.o
  CC [M]  drivers/mmc/host/sdhci-acpi.mod.o
  CC [M]  drivers/mmc/host/cqhci.mod.o
  CC [M]  drivers/mmc/core/mmc_core.mod.o
  CC [M]  drivers/mmc/core/mmc_block.mod.o
  CC [M]  drivers/ufs/core/ufshcd-core.mod.o
  CC [M]  drivers/ufs/host/ufshcd-pci.mod.o
  CC [M]  drivers/ufs/host/ufshcd-pltfrm.mod.o
  CC [M]  drivers/crypto/virtio/virtio_crypto.mod.o
  CC [M]  drivers/hid/hid.mod.o
  CC [M]  drivers/hid/hid-generic.mod.o
  CC [M]  drivers/hid/hid-a4tech.mod.o
  CC [M]  drivers/hid/hid-apple.mod.o
  CC [M]  drivers/hid/hid-belkin.mod.o
  CC [M]  drivers/hid/hid-cherry.mod.o
  CC [M]  drivers/hid/hid-ezkey.mod.o
  CC [M]  drivers/hid/hid-hyperv.mod.o
  CC [M]  drivers/hid/hid-logitech.mod.o
  CC [M]  drivers/hid/hid-lg-g15.mod.o
  CC [M]  drivers/hid/hid-logitech-dj.mod.o
  CC [M]  drivers/hid/hid-logitech-hidpp.mod.o
  CC [M]  drivers/hid/hid-microsoft.mod.o
  CC [M]  drivers/hid/hid-monterey.mod.o
  CC [M]  drivers/hid/usbhid/usbhid.mod.o
  CC [M]  drivers/platform/x86/dell/dcdbas.mod.o
  CC [M]  drivers/platform/x86/dell/dell_rbu.mod.o
  CC [M]  drivers/platform/x86/dell/dell-pc.mod.o
  CC [M]  drivers/platform/x86/dell/dell-smbios.mod.o
  CC [M]  drivers/platform/x86/dell/dell-smo8800.mod.o
  CC [M]  drivers/platform/x86/dell/dell-lis3lv02d.mod.o
  CC [M]  drivers/platform/x86/dell/dell-wmi.mod.o
  CC [M]  drivers/platform/x86/dell/dell-wmi-aio.mod.o
  CC [M]  drivers/platform/x86/dell/dell-wmi-descriptor.mod.o
  CC [M]  drivers/platform/x86/dell/dell-wmi-ddv.mod.o
  CC [M]  drivers/platform/x86/dell/dell-wmi-led.mod.o
  CC [M]  drivers/platform/x86/dell/dell-wmi-sysman/dell-wmi-sysman.mod.o
  CC [M]  drivers/platform/x86/intel/intel-punit_ipc.mod.o
  CC [M]  drivers/platform/x86/wmi-bmof.mod.o
  CC [M]  drivers/platform/x86/mxm-wmi.mod.o
  CC [M]  drivers/platform/x86/firmware_attributes_class.mod.o
  CC [M]  drivers/platform/wmi/wmi.mod.o
  CC [M]  drivers/devfreq/governor_simpleondemand.mod.o
  CC [M]  drivers/powercap/intel_rapl_common.mod.o
  CC [M]  drivers/powercap/intel_rapl_msr.mod.o
  CC [M]  drivers/ras/amd/atl/amd_atl.mod.o
  CC [M]  drivers/ras/amd/fmpm.mod.o
  CC [M]  drivers/target/target_core_mod.mod.o
  CC [M]  drivers/target/target_core_iblock.mod.o
  CC [M]  drivers/target/target_core_file.mod.o
  CC [M]  drivers/target/target_core_pscsi.mod.o
  CC [M]  drivers/target/target_core_user.mod.o
  CC [M]  drivers/target/loopback/tcm_loop.mod.o
  CC [M]  drivers/target/tcm_fc/tcm_fc.mod.o
  CC [M]  drivers/target/iscsi/iscsi_target_mod.mod.o
  CC [M]  drivers/uio/uio.mod.o
  CC [M]  drivers/uio/uio_pci_generic.mod.o
  CC [M]  drivers/uio/uio_hv_generic.mod.o
  CC [M]  drivers/vfio/vfio.mod.o
  CC [M]  drivers/vfio/vfio_iommu_type1.mod.o
  CC [M]  drivers/vfio/pci/vfio-pci-core.mod.o
  CC [M]  drivers/vfio/pci/vfio-pci.mod.o
  CC [M]  drivers/bluetooth/bcm203x.mod.o
  CC [M]  drivers/bluetooth/btusb.mod.o
  CC [M]  drivers/bluetooth/btsdio.mod.o
  CC [M]  drivers/bluetooth/btintel.mod.o
  CC [M]  drivers/bluetooth/btbcm.mod.o
  CC [M]  drivers/bluetooth/btrtl.mod.o
  CC [M]  drivers/bluetooth/btrsi.mod.o
  CC [M]  drivers/infiniband/core/ib_core.mod.o
  CC [M]  drivers/infiniband/core/ib_cm.mod.o
  CC [M]  drivers/infiniband/core/iw_cm.mod.o
  CC [M]  drivers/infiniband/core/rdma_cm.mod.o
  CC [M]  drivers/infiniband/core/ib_umad.mod.o
  CC [M]  drivers/infiniband/core/ib_uverbs.mod.o
  CC [M]  drivers/infiniband/core/rdma_ucm.mod.o
  CC [M]  drivers/infiniband/core/ib_uverbs_support.mod.o
  CC [M]  drivers/infiniband/hw/mlx4/mlx4_ib.mod.o
  CC [M]  drivers/infiniband/hw/mlx5/mlx5_ib.mod.o
  CC [M]  drivers/infiniband/hw/bnxt_re/bnxt_re.mod.o
  CC [M]  drivers/infiniband/ulp/ipoib/ib_ipoib.mod.o
  CC [M]  drivers/ssb/ssb.mod.o
  CC [M]  drivers/vhost/vhost_net.mod.o
  CC [M]  drivers/vhost/vhost_vsock.mod.o
  CC [M]  drivers/vhost/vhost.mod.o
  CC [M]  drivers/vhost/vhost_iotlb.mod.o
  CC [M]  drivers/iio/accel/st_accel.mod.o
  CC [M]  drivers/iio/accel/st_accel_i2c.mod.o
  CC [M]  drivers/iio/buffer/industrialio-buffer-cb.mod.o
  CC [M]  drivers/iio/buffer/industrialio-triggered-buffer.mod.o
  CC [M]  drivers/iio/buffer/kfifo_buf.mod.o
  CC [M]  drivers/iio/common/st_sensors/st_sensors_i2c.mod.o
  CC [M]  drivers/iio/common/st_sensors/st_sensors.mod.o
  CC [M]  drivers/iio/humidity/hts221.mod.o
  CC [M]  drivers/iio/humidity/hts221_i2c.mod.o
  CC [M]  drivers/iio/pressure/st_pressure.mod.o
  CC [M]  drivers/iio/pressure/st_pressure_i2c.mod.o
  CC [M]  drivers/iio/industrialio.mod.o
  CC [M]  sound/soundcore.mod.o
  CC [M]  sound/core/snd.mod.o
  CC [M]  sound/core/snd-ctl-led.mod.o
  CC [M]  sound/core/snd-hwdep.mod.o
  CC [M]  sound/core/snd-timer.mod.o
  CC [M]  sound/core/snd-pcm.mod.o
  CC [M]  sound/core/snd-rawmidi.mod.o
  CC [M]  sound/pci/snd-ens1371.mod.o
  CC [M]  sound/pci/ac97/snd-ac97-codec.mod.o
  CC [M]  sound/usb/snd-usb-audio.mod.o
  CC [M]  sound/usb/snd-usbmidi-lib.mod.o
  CC [M]  sound/soc/snd-soc-core.mod.o
  CC [M]  sound/hda/core/snd-hda-core.mod.o
  CC [M]  sound/hda/core/snd-intel-dspcfg.mod.o
  CC [M]  sound/hda/core/snd-intel-sdw-acpi.mod.o
  CC [M]  sound/hda/common/snd-hda-codec.mod.o
  CC [M]  sound/hda/codecs/hdmi/snd-hda-codec-hdmi.mod.o
  CC [M]  sound/hda/codecs/hdmi/snd-hda-codec-simplehdmi.mod.o
  CC [M]  sound/hda/codecs/hdmi/snd-hda-codec-intelhdmi.mod.o
  CC [M]  sound/hda/codecs/hdmi/snd-hda-codec-atihdmi.mod.o
  CC [M]  sound/hda/codecs/hdmi/snd-hda-codec-nvhdmi.mod.o
  CC [M]  sound/hda/codecs/hdmi/snd-hda-codec-nvhdmi-mcp.mod.o
  CC [M]  sound/hda/codecs/hdmi/snd-hda-codec-tegrahdmi.mod.o
  CC [M]  sound/hda/codecs/realtek/snd-hda-codec-realtek-lib.mod.o
  CC [M]  sound/hda/codecs/realtek/snd-hda-codec-alc260.mod.o
  CC [M]  sound/hda/codecs/realtek/snd-hda-codec-alc262.mod.o
  CC [M]  sound/hda/codecs/realtek/snd-hda-codec-alc268.mod.o
  CC [M]  sound/hda/codecs/realtek/snd-hda-codec-alc269.mod.o
  CC [M]  sound/hda/codecs/realtek/snd-hda-codec-alc662.mod.o
  CC [M]  sound/hda/codecs/realtek/snd-hda-codec-alc680.mod.o
  CC [M]  sound/hda/codecs/realtek/snd-hda-codec-alc861.mod.o
  CC [M]  sound/hda/codecs/realtek/snd-hda-codec-alc861vd.mod.o
  CC [M]  sound/hda/codecs/realtek/snd-hda-codec-alc880.mod.o
  CC [M]  sound/hda/codecs/realtek/snd-hda-codec-alc882.mod.o
  CC [M]  sound/hda/codecs/side-codecs/snd-hda-scodec-component.mod.o
  CC [M]  sound/hda/codecs/snd-hda-codec-generic.mod.o
  CC [M]  sound/hda/controllers/snd-hda-intel.mod.o
  CC [M]  sound/ac97_bus.mod.o
  CC [M]  net/802/psnap.mod.o
  CC [M]  net/802/stp.mod.o
  CC [M]  net/802/garp.mod.o
  CC [M]  net/802/mrp.mod.o
  CC [M]  net/sched/act_police.mod.o
  CC [M]  net/sched/act_gact.mod.o
  CC [M]  net/sched/act_mirred.mod.o
  CC [M]  net/sched/act_nat.mod.o
  CC [M]  net/sched/act_pedit.mod.o
  CC [M]  net/sched/act_skbedit.mod.o
  CC [M]  net/sched/act_csum.mod.o
  CC [M]  net/sched/act_bpf.mod.o
  CC [M]  net/sched/act_tunnel_key.mod.o
  CC [M]  net/sched/sch_htb.mod.o
  CC [M]  net/sched/sch_hfsc.mod.o
  CC [M]  net/sched/sch_red.mod.o
  CC [M]  net/sched/sch_gred.mod.o
  CC [M]  net/sched/sch_ingress.mod.o
  CC [M]  net/sched/sch_sfb.mod.o
  CC [M]  net/sched/sch_sfq.mod.o
  CC [M]  net/sched/sch_tbf.mod.o
  CC [M]  net/sched/sch_teql.mod.o
  CC [M]  net/sched/sch_prio.mod.o
  CC [M]  net/sched/sch_multiq.mod.o
  CC [M]  net/sched/sch_netem.mod.o
  CC [M]  net/sched/sch_drr.mod.o
  CC [M]  net/sched/sch_plug.mod.o
  CC [M]  net/sched/sch_mqprio.mod.o
  CC [M]  net/sched/sch_mqprio_lib.mod.o
  CC [M]  net/sched/sch_choke.mod.o
  CC [M]  net/sched/sch_qfq.mod.o
  CC [M]  net/sched/sch_codel.mod.o
  CC [M]  net/sched/sch_fq_codel.mod.o
  CC [M]  net/sched/sch_fq.mod.o
  CC [M]  net/sched/sch_etf.mod.o
  CC [M]  net/sched/cls_u32.mod.o
  CC [M]  net/sched/cls_route.mod.o
  CC [M]  net/sched/cls_fw.mod.o
  CC [M]  net/sched/cls_basic.mod.o
  CC [M]  net/sched/cls_flow.mod.o
  CC [M]  net/sched/cls_cgroup.mod.o
  CC [M]  net/sched/cls_bpf.mod.o
  CC [M]  net/sched/cls_flower.mod.o
  CC [M]  net/sched/cls_matchall.mod.o
  CC [M]  net/sched/em_cmp.mod.o
  CC [M]  net/sched/em_nbyte.mod.o
  CC [M]  net/sched/em_u32.mod.o
  CC [M]  net/sched/em_meta.mod.o
  CC [M]  net/sched/em_text.mod.o
  CC [M]  net/sched/em_ipset.mod.o
  CC [M]  net/netfilter/nfnetlink_acct.mod.o
  CC [M]  net/netfilter/nfnetlink_queue.mod.o
  CC [M]  net/netfilter/nfnetlink_osf.mod.o
  CC [M]  net/netfilter/nf_conntrack_netlink.mod.o
  CC [M]  net/netfilter/nfnetlink_cttimeout.mod.o
  CC [M]  net/netfilter/nf_conntrack_amanda.mod.o
  CC [M]  net/netfilter/nf_conntrack_ftp.mod.o
  CC [M]  net/netfilter/nf_conntrack_h323.mod.o
  CC [M]  net/netfilter/nf_conntrack_irc.mod.o
  CC [M]  net/netfilter/nf_conntrack_broadcast.mod.o
  CC [M]  net/netfilter/nf_conntrack_netbios_ns.mod.o
  CC [M]  net/netfilter/nf_conntrack_snmp.mod.o
  CC [M]  net/netfilter/nf_conntrack_pptp.mod.o
  CC [M]  net/netfilter/nf_conntrack_sane.mod.o
  CC [M]  net/netfilter/nf_conntrack_sip.mod.o
  CC [M]  net/netfilter/nf_conntrack_tftp.mod.o
  CC [M]  net/netfilter/nf_log_syslog.mod.o
  CC [M]  net/netfilter/nf_nat_amanda.mod.o
  CC [M]  net/netfilter/nf_nat_ftp.mod.o
  CC [M]  net/netfilter/nf_nat_irc.mod.o
  CC [M]  net/netfilter/nf_nat_sip.mod.o
  CC [M]  net/netfilter/nf_nat_tftp.mod.o
  CC [M]  net/netfilter/nf_synproxy_core.mod.o
  CC [M]  net/netfilter/nf_conncount.mod.o
  CC [M]  net/netfilter/nft_compat.mod.o
  CC [M]  net/netfilter/nft_connlimit.mod.o
  CC [M]  net/netfilter/nft_numgen.mod.o
  CC [M]  net/netfilter/nft_ct.mod.o
  CC [M]  net/netfilter/nft_limit.mod.o
  CC [M]  net/netfilter/nft_queue.mod.o
  CC [M]  net/netfilter/nft_quota.mod.o
  CC [M]  net/netfilter/nft_reject.mod.o
  CC [M]  net/netfilter/nft_reject_inet.mod.o
  CC [M]  net/netfilter/nft_tunnel.mod.o
  CC [M]  net/netfilter/nft_log.mod.o
  CC [M]  net/netfilter/nft_redir.mod.o
  CC [M]  net/netfilter/nft_hash.mod.o
  CC [M]  net/netfilter/nft_fib.mod.o
  CC [M]  net/netfilter/nft_fib_inet.mod.o
  CC [M]  net/netfilter/nft_fib_netdev.mod.o
  CC [M]  net/netfilter/nft_tproxy.mod.o
  CC [M]  net/netfilter/xt_mark.mod.o
  CC [M]  net/netfilter/xt_connmark.mod.o
  CC [M]  net/netfilter/xt_set.mod.o
  CC [M]  net/netfilter/xt_nat.mod.o
  CC [M]  net/netfilter/xt_AUDIT.mod.o
  CC [M]  net/netfilter/xt_CHECKSUM.mod.o
  CC [M]  net/netfilter/xt_CLASSIFY.mod.o
  CC [M]  net/netfilter/xt_CONNSECMARK.mod.o
  CC [M]  net/netfilter/xt_CT.mod.o
  CC [M]  net/netfilter/xt_DSCP.mod.o
  CC [M]  net/netfilter/xt_HL.mod.o
  CC [M]  net/netfilter/xt_HMARK.mod.o
  CC [M]  net/netfilter/xt_LOG.mod.o
  CC [M]  net/netfilter/xt_NETMAP.mod.o
  CC [M]  net/netfilter/xt_NFLOG.mod.o
  CC [M]  net/netfilter/xt_NFQUEUE.mod.o
  CC [M]  net/netfilter/xt_REDIRECT.mod.o
  CC [M]  net/netfilter/xt_MASQUERADE.mod.o
  CC [M]  net/netfilter/xt_SECMARK.mod.o
  CC [M]  net/netfilter/xt_TPROXY.mod.o
  CC [M]  net/netfilter/xt_TCPOPTSTRIP.mod.o
  CC [M]  net/netfilter/xt_TEE.mod.o
  CC [M]  net/netfilter/xt_TRACE.mod.o
  CC [M]  net/netfilter/xt_IDLETIMER.mod.o
  CC [M]  net/netfilter/xt_addrtype.mod.o
  CC [M]  net/netfilter/xt_bpf.mod.o
  CC [M]  net/netfilter/xt_cluster.mod.o
  CC [M]  net/netfilter/xt_comment.mod.o
  CC [M]  net/netfilter/xt_connbytes.mod.o
  CC [M]  net/netfilter/xt_connlabel.mod.o
  CC [M]  net/netfilter/xt_connlimit.mod.o
  CC [M]  net/netfilter/xt_conntrack.mod.o
  CC [M]  net/netfilter/xt_cpu.mod.o
  CC [M]  net/netfilter/xt_dccp.mod.o
  CC [M]  net/netfilter/xt_devgroup.mod.o
  CC [M]  net/netfilter/xt_ecn.mod.o
  CC [M]  net/netfilter/xt_esp.mod.o
  CC [M]  net/netfilter/xt_hashlimit.mod.o
  CC [M]  net/netfilter/xt_helper.mod.o
  CC [M]  net/netfilter/xt_ipcomp.mod.o
  CC [M]  net/netfilter/xt_iprange.mod.o
  CC [M]  net/netfilter/xt_ipvs.mod.o
  CC [M]  net/netfilter/xt_length.mod.o
  CC [M]  net/netfilter/xt_limit.mod.o
  CC [M]  net/netfilter/xt_mac.mod.o
  CC [M]  net/netfilter/xt_multiport.mod.o
  CC [M]  net/netfilter/xt_nfacct.mod.o
  CC [M]  net/netfilter/xt_osf.mod.o
  CC [M]  net/netfilter/xt_owner.mod.o
  CC [M]  net/netfilter/xt_cgroup.mod.o
  CC [M]  net/netfilter/xt_physdev.mod.o
  CC [M]  net/netfilter/xt_pkttype.mod.o
  CC [M]  net/netfilter/xt_policy.mod.o
  CC [M]  net/netfilter/xt_quota.mod.o
  CC [M]  net/netfilter/xt_realm.mod.o
  CC [M]  net/netfilter/xt_recent.mod.o
  CC [M]  net/netfilter/xt_sctp.mod.o
  CC [M]  net/netfilter/xt_socket.mod.o
  CC [M]  net/netfilter/xt_state.mod.o
  CC [M]  net/netfilter/xt_statistic.mod.o
  CC [M]  net/netfilter/xt_string.mod.o
  CC [M]  net/netfilter/xt_tcpmss.mod.o
  CC [M]  net/netfilter/xt_time.mod.o
  CC [M]  net/netfilter/xt_u32.mod.o
  CC [M]  net/netfilter/ipset/ip_set.mod.o
  CC [M]  net/netfilter/ipset/ip_set_bitmap_ip.mod.o
  CC [M]  net/netfilter/ipset/ip_set_bitmap_ipmac.mod.o
  CC [M]  net/netfilter/ipset/ip_set_bitmap_port.mod.o
  CC [M]  net/netfilter/ipset/ip_set_hash_ip.mod.o
  CC [M]  net/netfilter/ipset/ip_set_hash_ipmac.mod.o
  CC [M]  net/netfilter/ipset/ip_set_hash_ipmark.mod.o
  CC [M]  net/netfilter/ipset/ip_set_hash_ipport.mod.o
  CC [M]  net/netfilter/ipset/ip_set_hash_ipportip.mod.o
  CC [M]  net/netfilter/ipset/ip_set_hash_ipportnet.mod.o
  CC [M]  net/netfilter/ipset/ip_set_hash_mac.mod.o
  CC [M]  net/netfilter/ipset/ip_set_hash_net.mod.o
  CC [M]  net/netfilter/ipset/ip_set_hash_netport.mod.o
  CC [M]  net/netfilter/ipset/ip_set_hash_netiface.mod.o
  CC [M]  net/netfilter/ipset/ip_set_hash_netnet.mod.o
  CC [M]  net/netfilter/ipset/ip_set_hash_netportnet.mod.o
  CC [M]  net/netfilter/ipset/ip_set_list_set.mod.o
  CC [M]  net/netfilter/ipvs/ip_vs.mod.o
  CC [M]  net/netfilter/ipvs/ip_vs_rr.mod.o
  CC [M]  net/netfilter/ipvs/ip_vs_wrr.mod.o
  CC [M]  net/netfilter/ipvs/ip_vs_lc.mod.o
  CC [M]  net/netfilter/ipvs/ip_vs_wlc.mod.o
  CC [M]  net/netfilter/ipvs/ip_vs_lblc.mod.o
  CC [M]  net/netfilter/ipvs/ip_vs_lblcr.mod.o
  CC [M]  net/netfilter/ipvs/ip_vs_dh.mod.o
  CC [M]  net/netfilter/ipvs/ip_vs_sh.mod.o
  CC [M]  net/netfilter/ipvs/ip_vs_mh.mod.o
  CC [M]  net/netfilter/ipvs/ip_vs_sed.mod.o
  CC [M]  net/netfilter/ipvs/ip_vs_nq.mod.o
  CC [M]  net/netfilter/ipvs/ip_vs_ftp.mod.o
  CC [M]  net/netfilter/ipvs/ip_vs_pe_sip.mod.o
  CC [M]  net/ipv4/netfilter/nf_socket_ipv4.mod.o
  CC [M]  net/ipv4/netfilter/nf_tproxy_ipv4.mod.o
  CC [M]  net/ipv4/netfilter/nf_reject_ipv4.mod.o
  CC [M]  net/ipv4/netfilter/nf_nat_h323.mod.o
  CC [M]  net/ipv4/netfilter/nf_nat_pptp.mod.o
  CC [M]  net/ipv4/netfilter/nf_nat_snmp_basic.mod.o
  CC [M]  net/ipv4/netfilter/nft_reject_ipv4.mod.o
  CC [M]  net/ipv4/netfilter/nft_fib_ipv4.mod.o
  CC [M]  net/ipv4/netfilter/nft_dup_ipv4.mod.o
  CC [M]  net/ipv4/netfilter/ip_tables.mod.o
  CC [M]  net/ipv4/netfilter/iptable_filter.mod.o
  CC [M]  net/ipv4/netfilter/iptable_mangle.mod.o
  CC [M]  net/ipv4/netfilter/iptable_nat.mod.o
  CC [M]  net/ipv4/netfilter/iptable_raw.mod.o
  CC [M]  net/ipv4/netfilter/iptable_security.mod.o
  CC [M]  net/ipv4/netfilter/ipt_ah.mod.o
  CC [M]  net/ipv4/netfilter/ipt_rpfilter.mod.o
  CC [M]  net/ipv4/netfilter/ipt_ECN.mod.o
  CC [M]  net/ipv4/netfilter/ipt_REJECT.mod.o
  CC [M]  net/ipv4/netfilter/ipt_SYNPROXY.mod.o
  CC [M]  net/ipv4/netfilter/arp_tables.mod.o
  CC [M]  net/ipv4/netfilter/arpt_mangle.mod.o
  CC [M]  net/ipv4/netfilter/arptable_filter.mod.o
  CC [M]  net/ipv4/netfilter/nf_dup_ipv4.mod.o
  CC [M]  net/ipv4/ipip.mod.o
  CC [M]  net/ipv4/fou.mod.o
  CC [M]  net/ipv4/gre.mod.o
  CC [M]  net/ipv4/ip_gre.mod.o
  CC [M]  net/ipv4/ip_vti.mod.o
  CC [M]  net/ipv4/ah4.mod.o
  CC [M]  net/ipv4/esp4.mod.o
  CC [M]  net/ipv4/esp4_offload.mod.o
  CC [M]  net/ipv4/ipcomp.mod.o
  CC [M]  net/ipv4/xfrm4_tunnel.mod.o
  CC [M]  net/ipv4/tunnel4.mod.o
  CC [M]  net/ipv4/tcp_bbr.mod.o
  CC [M]  net/ipv4/tcp_bic.mod.o
  CC [M]  net/ipv4/tcp_cdg.mod.o
  CC [M]  net/ipv4/tcp_dctcp.mod.o
  CC [M]  net/ipv4/tcp_westwood.mod.o
  CC [M]  net/ipv4/tcp_highspeed.mod.o
  CC [M]  net/ipv4/tcp_hybla.mod.o
  CC [M]  net/ipv4/tcp_htcp.mod.o
  CC [M]  net/ipv4/tcp_vegas.mod.o
  CC [M]  net/ipv4/tcp_nv.mod.o
  CC [M]  net/ipv4/tcp_veno.mod.o
  CC [M]  net/ipv4/tcp_scalable.mod.o
  CC [M]  net/ipv4/tcp_lp.mod.o
  CC [M]  net/ipv4/tcp_yeah.mod.o
  CC [M]  net/ipv4/tcp_illinois.mod.o
  CC [M]  net/xfrm/xfrm_algo.mod.o
  CC [M]  net/xfrm/xfrm_user.mod.o
  CC [M]  net/xfrm/xfrm_ipcomp.mod.o
  CC [M]  net/unix/unix_diag.mod.o
  CC [M]  net/ipv6/netfilter/ip6_tables.mod.o
  CC [M]  net/ipv6/netfilter/ip6table_filter.mod.o
  CC [M]  net/ipv6/netfilter/ip6table_mangle.mod.o
  CC [M]  net/ipv6/netfilter/ip6table_raw.mod.o
  CC [M]  net/ipv6/netfilter/ip6table_security.mod.o
  CC [M]  net/ipv6/netfilter/ip6table_nat.mod.o
  CC [M]  net/ipv6/netfilter/nf_socket_ipv6.mod.o
  CC [M]  net/ipv6/netfilter/nf_tproxy_ipv6.mod.o
  CC [M]  net/ipv6/netfilter/nf_reject_ipv6.mod.o
  CC [M]  net/ipv6/netfilter/nf_dup_ipv6.mod.o
  CC [M]  net/ipv6/netfilter/nft_reject_ipv6.mod.o
  CC [M]  net/ipv6/netfilter/nft_dup_ipv6.mod.o
  CC [M]  net/ipv6/netfilter/nft_fib_ipv6.mod.o
  CC [M]  net/ipv6/netfilter/ip6t_ah.mod.o
  CC [M]  net/ipv6/netfilter/ip6t_eui64.mod.o
  CC [M]  net/ipv6/netfilter/ip6t_frag.mod.o
  CC [M]  net/ipv6/netfilter/ip6t_ipv6header.mod.o
  CC [M]  net/ipv6/netfilter/ip6t_mh.mod.o
  CC [M]  net/ipv6/netfilter/ip6t_hbh.mod.o
  CC [M]  net/ipv6/netfilter/ip6t_rpfilter.mod.o
  CC [M]  net/ipv6/netfilter/ip6t_rt.mod.o
  CC [M]  net/ipv6/netfilter/ip6t_NPT.mod.o
  CC [M]  net/ipv6/netfilter/ip6t_REJECT.mod.o
  CC [M]  net/ipv6/netfilter/ip6t_SYNPROXY.mod.o
  CC [M]  net/ipv6/ah6.mod.o
  CC [M]  net/ipv6/esp6.mod.o
  CC [M]  net/ipv6/esp6_offload.mod.o
  CC [M]  net/ipv6/ipcomp6.mod.o
  CC [M]  net/ipv6/xfrm6_tunnel.mod.o
  CC [M]  net/ipv6/tunnel6.mod.o
  CC [M]  net/ipv6/mip6.mod.o
  CC [M]  net/ipv6/ip6_vti.mod.o
  CC [M]  net/ipv6/sit.mod.o
  CC [M]  net/ipv6/ip6_tunnel.mod.o
  CC [M]  net/ipv6/ip6_gre.mod.o
  CC [M]  net/ipv6/fou6.mod.o
  CC [M]  net/packet/af_packet_diag.mod.o
  CC [M]  net/8021q/8021q.mod.o
  CC [M]  net/wireless/cfg80211.mod.o
  CC [M]  net/vmw_vsock/vsock_diag.mod.o
  CC [M]  net/vmw_vsock/vmw_vsock_vmci_transport.mod.o
  CC [M]  net/vmw_vsock/vmw_vsock_virtio_transport.mod.o
  CC [M]  net/vmw_vsock/vmw_vsock_virtio_transport_common.mod.o
  CC [M]  net/vmw_vsock/vsock_loopback.mod.o
  CC [M]  net/mpls/mpls_gso.mod.o
  CC [M]  net/xdp/xsk_diag.mod.o
  CC [M]  net/llc/llc.mod.o
  CC [M]  net/tls/tls.mod.o
  CC [M]  net/key/af_key.mod.o
  CC [M]  net/bridge/netfilter/ebt_802_3.mod.o
  CC [M]  net/bridge/netfilter/ebt_among.mod.o
  CC [M]  net/bridge/netfilter/ebt_arp.mod.o
  CC [M]  net/bridge/netfilter/ebt_ip.mod.o
  CC [M]  net/bridge/netfilter/ebt_ip6.mod.o
  CC [M]  net/bridge/netfilter/ebt_limit.mod.o
  CC [M]  net/bridge/netfilter/ebt_mark_m.mod.o
  CC [M]  net/bridge/netfilter/ebt_pkttype.mod.o
  CC [M]  net/bridge/netfilter/ebt_stp.mod.o
  CC [M]  net/bridge/netfilter/ebt_vlan.mod.o
  CC [M]  net/bridge/netfilter/ebt_arpreply.mod.o
  CC [M]  net/bridge/netfilter/ebt_mark.mod.o
  CC [M]  net/bridge/netfilter/ebt_dnat.mod.o
  CC [M]  net/bridge/netfilter/ebt_redirect.mod.o
  CC [M]  net/bridge/netfilter/ebt_snat.mod.o
  CC [M]  net/bridge/netfilter/ebt_log.mod.o
  CC [M]  net/bridge/netfilter/ebt_nflog.mod.o
  CC [M]  net/bridge/bridge.mod.o
  CC [M]  net/bridge/br_netfilter.mod.o
  CC [M]  net/can/can.mod.o
  CC [M]  net/can/can-raw.mod.o
  CC [M]  net/can/can-bcm.mod.o
  CC [M]  net/can/can-gw.mod.o
  CC [M]  net/can/j1939/can-j1939.mod.o
  CC [M]  net/can/can-isotp.mod.o
  CC [M]  net/bluetooth/bluetooth.mod.o
  CC [M]  net/bluetooth/rfcomm/rfcomm.mod.o
  CC [M]  net/bluetooth/bnep/bnep.mod.o
  CC [M]  net/bluetooth/hidp/hidp.mod.o
  CC [M]  net/sunrpc/sunrpc.mod.o
  CC [M]  net/sunrpc/auth_gss/auth_rpcgss.mod.o
  CC [M]  net/sunrpc/auth_gss/rpcsec_gss_krb5.mod.o
  CC [M]  net/sunrpc/xprtrdma/rpcrdma.mod.o
  CC [M]  net/sctp/sctp.mod.o
  CC [M]  net/sctp/sctp_diag.mod.o
  CC [M]  net/mac80211/mac80211.mod.o
  CC [M]  net/dns_resolver/dns_resolver.mod.o
  CC [M]  net/ceph/libceph.mod.o
  CC [M]  net/openvswitch/openvswitch.mod.o
  CC [M]  net/openvswitch/vport-vxlan.mod.o
  CC [M]  net/openvswitch/vport-geneve.mod.o
  CC [M]  net/openvswitch/vport-gre.mod.o
  CC [M]  net/nsh/nsh.mod.o
  CC [M]  virt/lib/irqbypass.mod.o
  LD [M]  arch/x86/kernel/msr.ko
  BTF [M] arch/x86/kernel/msr.ko
  LD [M]  arch/x86/kvm/kvm.ko
  BTF [M] arch/x86/kvm/kvm.ko
  LD [M]  arch/x86/kvm/kvm-intel.ko
  LD [M]  arch/x86/kvm/kvm-amd.ko
  LD [M]  kernel/kheaders.ko
  BTF [M] arch/x86/kvm/kvm-intel.ko
  BTF [M] arch/x86/kvm/kvm-amd.ko
  BTF [M] kernel/kheaders.ko
  LD [M]  fs/nfs_common/nfs_acl.ko
  BTF [M] fs/nfs_common/nfs_acl.ko
  LD [M]  fs/nfs_common/grace.ko
  BTF [M] fs/nfs_common/grace.ko
  LD [M]  fs/quota/quota_v2.ko
  LD [M]  fs/quota/quota_tree.ko
  LD [M]  fs/fat/msdos.ko
  BTF [M] fs/quota/quota_v2.ko
  BTF [M] fs/quota/quota_tree.ko
  LD [M]  fs/nls/nls_ucs2_utils.ko
  BTF [M] fs/fat/msdos.ko
  BTF [M] fs/nls/nls_ucs2_utils.ko
  LD [M]  fs/fuse/cuse.ko
  BTF [M] fs/fuse/cuse.ko
  LD [M]  fs/dlm/dlm.ko
  LD [M]  fs/cramfs/cramfs.ko
  BTF [M] fs/cramfs/cramfs.ko
  BTF [M] fs/dlm/dlm.ko
  LD [M]  fs/exfat/exfat.ko
  LD [M]  fs/isofs/isofs.ko
  BTF [M] fs/exfat/exfat.ko
  BTF [M] fs/isofs/isofs.ko
  LD [M]  fs/nfs/nfs.ko
  LD [M]  fs/nfs/nfsv2.ko
  LD [M]  fs/nfs/nfsv3.ko
  LD [M]  fs/nfs/nfsv4.ko
  LD [M]  fs/nfs/filelayout/nfs_layout_nfsv41_files.ko
  BTF [M] fs/nfs/nfsv2.ko
  BTF [M] fs/nfs/nfsv3.ko
  BTF [M] fs/nfs/filelayout/nfs_layout_nfsv41_files.ko
  LD [M]  fs/nfs/blocklayout/blocklayoutdriver.ko
  BTF [M] fs/nfs/blocklayout/blocklayoutdriver.ko
  BTF [M] fs/nfs/nfs.ko
  LD [M]  fs/nfs/flexfilelayout/nfs_layout_flexfiles.ko
  BTF [M] fs/nfs/nfsv4.ko
  BTF [M] fs/nfs/flexfilelayout/nfs_layout_flexfiles.ko
  LD [M]  fs/nfsd/nfsd.ko
  LD [M]  fs/lockd/lockd.ko
  BTF [M] fs/lockd/lockd.ko
  LD [M]  fs/smb/common/cifs_md4.ko
  LD [M]  fs/smb/common/smb_compress.ko
  BTF [M] fs/smb/common/smb_compress.ko
  BTF [M] fs/smb/common/cifs_md4.ko
  LD [M]  fs/smb/client/cifs.ko
  BTF [M] fs/nfsd/nfsd.ko
  LD [M]  fs/autofs/autofs4.ko
  LD [M]  fs/btrfs/btrfs.ko
  BTF [M] fs/autofs/autofs4.ko
  LD [M]  fs/f2fs/f2fs.ko
  LD [M]  fs/ceph/ceph.ko
  BTF [M] fs/smb/client/cifs.ko
  BTF [M] fs/ceph/ceph.ko
  LD [M]  fs/erofs/erofs.ko
  BTF [M] fs/f2fs/f2fs.ko
  BTF [M] fs/erofs/erofs.ko
  LD [M]  security/keys/trusted-keys/trusted.ko
  BTF [M] security/keys/trusted-keys/trusted.ko
  LD [M]  security/keys/encrypted-keys/encrypted-keys.ko
  BTF [M] fs/btrfs/btrfs.ko
  BTF [M] security/keys/encrypted-keys/encrypted-keys.ko
  LD [M]  crypto/crypto_engine.ko
  BTF [M] crypto/crypto_engine.ko
  LD [M]  crypto/echainiv.ko
  LD [M]  crypto/kpp.ko
  BTF [M] crypto/echainiv.ko
  BTF [M] crypto/kpp.ko
  LD [M]  crypto/dh_generic.ko
  BTF [M] crypto/dh_generic.ko
  LD [M]  crypto/crypto_user.ko
  LD [M]  crypto/cmac.ko
  BTF [M] crypto/crypto_user.ko
  BTF [M] crypto/cmac.ko
  LD [M]  crypto/md4.ko
  BTF [M] crypto/md4.ko
  LD [M]  crypto/blake2b.ko
  BTF [M] crypto/blake2b.ko
  LD [M]  crypto/lrw.ko
  BTF [M] crypto/lrw.ko
  LD [M]  crypto/ccm.ko
  BTF [M] crypto/ccm.ko
  LD [M]  crypto/des_generic.ko
  BTF [M] crypto/des_generic.ko
  LD [M]  crypto/camellia_generic.ko
  LD [M]  crypto/arc4.ko
  BTF [M] crypto/arc4.ko
  BTF [M] crypto/camellia_generic.ko
  LD [M]  crypto/authenc.ko
  LD [M]  crypto/authencesn.ko
  BTF [M] crypto/authenc.ko
  BTF [M] crypto/authencesn.ko
  LD [M]  crypto/krb5enc.ko
  LD [M]  crypto/xxhash_generic.ko
  BTF [M] crypto/krb5enc.ko
  BTF [M] crypto/xxhash_generic.ko
  LD [M]  crypto/af_alg.ko
  BTF [M] crypto/af_alg.ko
  LD [M]  crypto/algif_hash.ko
  BTF [M] crypto/algif_hash.ko
  LD [M]  crypto/algif_skcipher.ko
  BTF [M] crypto/algif_skcipher.ko
  LD [M]  crypto/algif_rng.ko
  BTF [M] crypto/algif_rng.ko
  LD [M]  crypto/algif_aead.ko
  LD [M]  crypto/ecc.ko
  BTF [M] crypto/algif_aead.ko
  BTF [M] crypto/ecc.ko
  LD [M]  crypto/essiv.ko
  LD [M]  crypto/ecdh_generic.ko
  BTF [M] crypto/essiv.ko
  BTF [M] crypto/ecdh_generic.ko
  LD [M]  crypto/async_tx/async_tx.ko
  BTF [M] crypto/async_tx/async_tx.ko
  LD [M]  crypto/async_tx/async_memcpy.ko
  BTF [M] crypto/async_tx/async_memcpy.ko
  LD [M]  crypto/async_tx/async_xor.ko
  LD [M]  crypto/async_tx/async_pq.ko
  BTF [M] crypto/async_tx/async_xor.ko
  BTF [M] crypto/async_tx/async_pq.ko
  LD [M]  crypto/async_tx/async_raid6_recov.ko
  BTF [M] crypto/async_tx/async_raid6_recov.ko
  LD [M]  crypto/krb5/krb5.ko
  LD [M]  block/bfq.ko
  BTF [M] crypto/krb5/krb5.ko
  BTF [M] block/bfq.ko
  LD [M]  lib/crc/crc8.ko
  BTF [M] lib/crc/crc8.ko
  LD [M]  lib/crypto/libarc4.ko
  BTF [M] lib/crypto/libarc4.ko
  LD [M]  lib/crypto/libblake2b.ko
  BTF [M] lib/crypto/libblake2b.ko
  LD [M]  lib/crypto/libchacha.ko
  LD [M]  lib/crypto/libchacha20poly1305.ko
  BTF [M] lib/crypto/libchacha.ko
  BTF [M] lib/crypto/libchacha20poly1305.ko
  LD [M]  lib/crypto/libcurve25519.ko
  BTF [M] lib/crypto/libcurve25519.ko
  LD [M]  lib/crypto/libdes.ko
  BTF [M] lib/crypto/libdes.ko
  LD [M]  lib/crypto/libpoly1305.ko
  LD [M]  lib/raid/xor/xor.ko
  BTF [M] lib/crypto/libpoly1305.ko
  BTF [M] lib/raid/xor/xor.ko
  LD [M]  lib/raid/raid6/raid6_pq.ko
  LD [M]  lib/ts_kmp.ko
  BTF [M] lib/raid/raid6/raid6_pq.ko
  BTF [M] lib/ts_kmp.ko
  LD [M]  lib/ts_bm.ko
  LD [M]  lib/ts_fsm.ko
  BTF [M] lib/ts_fsm.ko
  BTF [M] lib/ts_bm.ko
  LD [M]  lib/asn1_encoder.ko
  LD [M]  lib/parman.ko
  BTF [M] lib/asn1_encoder.ko
  BTF [M] lib/parman.ko
  LD [M]  lib/objagg.ko
  BTF [M] lib/objagg.ko
  LD [M]  drivers/gpio/gpio-generic.ko
  LD [M]  drivers/gpio/gpio-ich.ko
  BTF [M] drivers/gpio/gpio-generic.ko
  BTF [M] drivers/gpio/gpio-ich.ko
  LD [M]  drivers/gpio/gpio-sch.ko
  LD [M]  drivers/pwm/pwm-lpss.ko
  BTF [M] drivers/pwm/pwm-lpss.ko
  BTF [M] drivers/gpio/gpio-sch.ko
  LD [M]  drivers/pwm/pwm-lpss-pci.ko
  BTF [M] drivers/pwm/pwm-lpss-pci.ko
  LD [M]  drivers/pwm/pwm-lpss-platform.ko
  BTF [M] drivers/pwm/pwm-lpss-platform.ko
  LD [M]  drivers/leds/led-class.ko
  BTF [M] drivers/leds/led-class.ko
  LD [M]  drivers/leds/led-class-multicolor.ko
  LD [M]  drivers/pci/hotplug/acpiphp_ibm.ko
  LD [M]  drivers/video/fbdev/core/fb_ddc.ko
  BTF [M] drivers/leds/led-class-multicolor.ko
  BTF [M] drivers/pci/hotplug/acpiphp_ibm.ko
  BTF [M] drivers/video/fbdev/core/fb_ddc.ko
  LD [M]  drivers/video/fbdev/i740fb.ko
  BTF [M] drivers/video/fbdev/i740fb.ko
  LD [M]  drivers/video/fbdev/nvidia/nvidiafb.ko
  LD [M]  drivers/video/fbdev/aty/radeonfb.ko
  LD [M]  drivers/video/fbdev/cirrusfb.ko
  LD [M]  drivers/video/vgastate.ko
  BTF [M] drivers/video/fbdev/nvidia/nvidiafb.ko
  BTF [M] drivers/video/fbdev/cirrusfb.ko
  BTF [M] drivers/video/fbdev/aty/radeonfb.ko
  BTF [M] drivers/video/vgastate.ko
  LD [M]  drivers/char/ipmi/ipmi_msghandler.ko
  LD [M]  drivers/char/ipmi/ipmi_devintf.ko
  BTF [M] drivers/char/ipmi/ipmi_devintf.ko
  BTF [M] drivers/char/ipmi/ipmi_msghandler.ko
  LD [M]  drivers/char/ipmi/ipmi_si.ko
  BTF [M] drivers/char/ipmi/ipmi_si.ko
  LD [M]  drivers/char/ipmi/ipmi_watchdog.ko
  BTF [M] drivers/char/ipmi/ipmi_watchdog.ko
  LD [M]  drivers/char/ipmi/ipmi_poweroff.ko
  BTF [M] drivers/char/ipmi/ipmi_poweroff.ko
  LD [M]  drivers/acpi/apei/erst-dbg.ko
  LD [M]  drivers/acpi/acpi_ipmi.ko
  BTF [M] drivers/acpi/apei/erst-dbg.ko
  BTF [M] drivers/acpi/acpi_ipmi.ko
  LD [M]  drivers/acpi/ac.ko
  BTF [M] drivers/acpi/ac.ko
  LD [M]  drivers/acpi/button.ko
  BTF [M] drivers/acpi/button.ko
  LD [M]  drivers/acpi/fan.ko
  BTF [M] drivers/acpi/fan.ko
  LD [M]  drivers/acpi/video.ko
  BTF [M] drivers/acpi/video.ko
  LD [M]  drivers/acpi/thermal.ko
  LD [M]  drivers/acpi/battery.ko
  BTF [M] drivers/acpi/thermal.ko
  LD [M]  drivers/dma/virt-dma.ko
  BTF [M] drivers/acpi/battery.ko
  BTF [M] drivers/dma/virt-dma.ko
  LD [M]  drivers/dma/hsu/hsu_dma.ko
  BTF [M] drivers/dma/hsu/hsu_dma.ko
  LD [M]  drivers/dma/hsu/hsu_dma_pci.ko
  BTF [M] drivers/dma/hsu/hsu_dma_pci.ko
  LD [M]  drivers/dma/idma64.ko
  BTF [M] drivers/dma/idma64.ko
  LD [M]  drivers/virtio/virtio_mem.ko
  BTF [M] drivers/virtio/virtio_mem.ko
  LD [M]  drivers/xen/xen-pciback/xen-pciback.ko
  LD [M]  drivers/xen/xen-gntdev.ko
  BTF [M] drivers/xen/xen-gntdev.ko
  BTF [M] drivers/xen/xen-pciback/xen-pciback.ko
  LD [M]  drivers/xen/xen-gntalloc.ko
  BTF [M] drivers/xen/xen-gntalloc.ko
  LD [M]  drivers/xen/xen-acpi-processor.ko
  BTF [M] drivers/xen/xen-acpi-processor.ko
  LD [M]  drivers/tty/serial/8250/8250_dw.ko
  LD [M]  drivers/tty/serial/8250/8250_lpss.ko
  BTF [M] drivers/tty/serial/8250/8250_lpss.ko
  BTF [M] drivers/tty/serial/8250/8250_dw.ko
  LD [M]  drivers/tty/serial/8250/8250_mid.ko
  LD [M]  drivers/char/hw_random/timeriomem-rng.ko
  BTF [M] drivers/tty/serial/8250/8250_mid.ko
  BTF [M] drivers/char/hw_random/timeriomem-rng.ko
  LD [M]  drivers/char/hw_random/intel-rng.ko
  BTF [M] drivers/char/hw_random/intel-rng.ko
  LD [M]  drivers/char/hw_random/amd-rng.ko
  BTF [M] drivers/char/hw_random/amd-rng.ko
  LD [M]  drivers/char/hw_random/via-rng.ko
  LD [M]  drivers/char/hw_random/virtio-rng.ko
  LD [M]  drivers/char/agp/intel-agp.ko
  BTF [M] drivers/char/hw_random/via-rng.ko
  BTF [M] drivers/char/hw_random/virtio-rng.ko
  BTF [M] drivers/char/agp/intel-agp.ko
  LD [M]  drivers/char/agp/intel-gtt.ko
  BTF [M] drivers/char/agp/intel-gtt.ko
  LD [M]  drivers/char/tpm/tpm_i2c_atmel.ko
  LD [M]  drivers/char/tpm/tpm_i2c_infineon.ko
  BTF [M] drivers/char/tpm/tpm_i2c_atmel.ko
  BTF [M] drivers/char/tpm/tpm_i2c_infineon.ko
  LD [M]  drivers/char/tpm/tpm_i2c_nuvoton.ko
  BTF [M] drivers/char/tpm/tpm_i2c_nuvoton.ko
  LD [M]  drivers/char/tpm/tpm_nsc.ko
  BTF [M] drivers/char/tpm/tpm_nsc.ko
  LD [M]  drivers/char/tpm/tpm_atmel.ko
  BTF [M] drivers/char/tpm/tpm_atmel.ko
  LD [M]  drivers/char/tpm/tpm_infineon.ko
  BTF [M] drivers/char/tpm/tpm_infineon.ko
  LD [M]  drivers/char/nvram.ko
  BTF [M] drivers/char/nvram.ko
  LD [M]  drivers/char/hangcheck-timer.ko
  BTF [M] drivers/char/hangcheck-timer.ko
  LD [M]  drivers/gpu/drm/display/drm_display_helper.ko
  LD [M]  drivers/gpu/drm/tiny/cirrus-qemu.ko
  BTF [M] drivers/gpu/drm/tiny/cirrus-qemu.ko
  BTF [M] drivers/gpu/drm/display/drm_display_helper.ko
  LD [M]  drivers/gpu/drm/drm_panel_backlight_quirks.ko
  LD [M]  drivers/gpu/drm/drm_exec.ko
  BTF [M] drivers/gpu/drm/drm_panel_backlight_quirks.ko
  BTF [M] drivers/gpu/drm/drm_exec.ko
  LD [M]  drivers/gpu/drm/drm_gpuvm.ko
  BTF [M] drivers/gpu/drm/drm_gpuvm.ko
  LD [M]  drivers/gpu/drm/drm_buddy.ko
  LD [M]  drivers/gpu/drm/drm_shmem_helper.ko
  LD [M]  drivers/gpu/drm/drm_suballoc_helper.ko
  LD [M]  drivers/gpu/drm/scheduler/gpu-sched.ko
  BTF [M] drivers/gpu/drm/drm_buddy.ko
  BTF [M] drivers/gpu/drm/drm_suballoc_helper.ko
  BTF [M] drivers/gpu/drm/drm_shmem_helper.ko
  BTF [M] drivers/gpu/drm/scheduler/gpu-sched.ko
  LD [M]  drivers/gpu/drm/radeon/radeon.ko
  LD [M]  drivers/gpu/drm/amd/amdgpu/amdgpu.ko
  LD [M]  drivers/gpu/drm/amd/amdxcp/amdxcp.ko
  BTF [M] drivers/gpu/drm/amd/amdxcp/amdxcp.ko
  LD [M]  drivers/gpu/drm/i915/i915.ko
  LD [M]  drivers/gpu/drm/vgem/vgem.ko
  BTF [M] drivers/gpu/drm/vgem/vgem.ko
  LD [M]  drivers/gpu/drm/nouveau/ch7006.ko
  LD [M]  drivers/gpu/drm/nouveau/sil164.ko
  BTF [M] drivers/gpu/drm/nouveau/ch7006.ko
  BTF [M] drivers/gpu/drm/nouveau/sil164.ko
  LD [M]  drivers/gpu/drm/nouveau/nouveau.ko
  LD [M]  drivers/base/regmap/regmap-i2c.ko
  BTF [M] drivers/base/regmap/regmap-i2c.ko
  LD [M]  drivers/block/nbd.ko
  BTF [M] drivers/block/nbd.ko
  LD [M]  drivers/block/virtio_blk.ko
  BTF [M] drivers/block/virtio_blk.ko
  LD [M]  drivers/block/rbd.ko
  BTF [M] drivers/block/rbd.ko
  LD [M]  drivers/block/zram/zram.ko
  BTF [M] drivers/block/zram/zram.ko
  BTF [M] drivers/gpu/drm/radeon/radeon.ko
  LD [M]  drivers/misc/eeprom/eeprom_93cx6.ko
  BTF [M] drivers/misc/eeprom/eeprom_93cx6.ko
  LD [M]  drivers/misc/vmw_balloon.ko
  LD [M]  drivers/misc/mei/mei.ko
  BTF [M] drivers/misc/vmw_balloon.ko
  BTF [M] drivers/misc/mei/mei.ko
  LD [M]  drivers/misc/mei/mei-me.ko
  BTF [M] drivers/misc/mei/mei-me.ko
  LD [M]  drivers/misc/vmw_vmci/vmw_vmci.ko
  LD [M]  drivers/mfd/mfd-core.ko
  BTF [M] drivers/misc/vmw_vmci/vmw_vmci.ko
  BTF [M] drivers/mfd/mfd-core.ko
  LD [M]  drivers/mfd/lpc_sch.ko
  LD [M]  drivers/mfd/lpc_ich.ko
  BTF [M] drivers/mfd/lpc_sch.ko
  BTF [M] drivers/mfd/lpc_ich.ko
  LD [M]  drivers/mfd/intel-lpss.ko
  BTF [M] drivers/mfd/intel-lpss.ko
  LD [M]  drivers/mfd/intel-lpss-pci.ko
  BTF [M] drivers/mfd/intel-lpss-pci.ko
  LD [M]  drivers/mfd/intel-lpss-acpi.ko
  BTF [M] drivers/mfd/intel-lpss-acpi.ko
  LD [M]  drivers/dax/device_dax.ko
  BTF [M] drivers/dax/device_dax.ko
  LD [M]  drivers/dax/kmem.ko
  BTF [M] drivers/dax/kmem.ko
  LD [M]  drivers/dax/dax_pmem.ko
  BTF [M] drivers/dax/dax_pmem.ko
  LD [M]  drivers/dax/fsdev_dax.ko
  LD [M]  drivers/scsi/device_handler/scsi_dh_hp_sw.ko
  BTF [M] drivers/dax/fsdev_dax.ko
  BTF [M] drivers/scsi/device_handler/scsi_dh_hp_sw.ko
  LD [M]  drivers/scsi/device_handler/scsi_dh_emc.ko
  LD [M]  drivers/scsi/device_handler/scsi_dh_alua.ko
  BTF [M] drivers/scsi/device_handler/scsi_dh_emc.ko
  BTF [M] drivers/scsi/device_handler/scsi_dh_alua.ko
  LD [M]  drivers/scsi/megaraid/megaraid_mm.ko
  BTF [M] drivers/scsi/megaraid/megaraid_mm.ko
  LD [M]  drivers/scsi/megaraid/megaraid_mbox.ko
  BTF [M] drivers/scsi/megaraid/megaraid_mbox.ko
  BTF [M] drivers/gpu/drm/i915/i915.ko
  LD [M]  drivers/scsi/megaraid/megaraid_sas.ko
  BTF [M] drivers/scsi/megaraid/megaraid_sas.ko
  LD [M]  drivers/scsi/libsas/libsas.ko
  BTF [M] drivers/scsi/libsas/libsas.ko
  LD [M]  drivers/scsi/scsi_transport_srp.ko
  BTF [M] drivers/scsi/scsi_transport_srp.ko
  LD [M]  drivers/scsi/libfc/libfc.ko
  LD [M]  drivers/scsi/fcoe/fcoe.ko
  BTF [M] drivers/scsi/fcoe/fcoe.ko
  BTF [M] drivers/scsi/libfc/libfc.ko
  LD [M]  drivers/scsi/fcoe/libfcoe.ko
  BTF [M] drivers/scsi/fcoe/libfcoe.ko
  LD [M]  drivers/scsi/fnic/fnic.ko
  BTF [M] drivers/gpu/drm/nouveau/nouveau.ko
  BTF [M] drivers/scsi/fnic/fnic.ko
  LD [M]  drivers/scsi/libiscsi.ko
  BTF [M] drivers/scsi/libiscsi.ko
  LD [M]  drivers/scsi/libiscsi_tcp.ko
  BTF [M] drivers/scsi/libiscsi_tcp.ko
  LD [M]  drivers/scsi/iscsi_tcp.ko
  BTF [M] drivers/scsi/iscsi_tcp.ko
  LD [M]  drivers/scsi/iscsi_boot_sysfs.ko
  BTF [M] drivers/scsi/iscsi_boot_sysfs.ko
  LD [M]  drivers/scsi/advansys.ko
  LD [M]  drivers/scsi/BusLogic.ko
  BTF [M] drivers/scsi/advansys.ko
  BTF [M] drivers/scsi/BusLogic.ko
  LD [M]  drivers/scsi/arcmsr/arcmsr.ko
  BTF [M] drivers/scsi/arcmsr/arcmsr.ko
  LD [M]  drivers/scsi/aic7xxx/aic7xxx.ko
  BTF [M] drivers/scsi/aic7xxx/aic7xxx.ko
  LD [M]  drivers/scsi/aic7xxx/aic79xx.ko
  LD [M]  drivers/scsi/aacraid/aacraid.ko
  LD [M]  drivers/scsi/aic94xx/aic94xx.ko
  BTF [M] drivers/scsi/aic7xxx/aic79xx.ko
  BTF [M] drivers/scsi/aacraid/aacraid.ko
  BTF [M] drivers/scsi/aic94xx/aic94xx.ko
  LD [M]  drivers/scsi/pm8001/pm80xx.ko
  BTF [M] drivers/scsi/pm8001/pm80xx.ko
  LD [M]  drivers/scsi/isci/isci.ko
  LD [M]  drivers/scsi/ips.ko
  BTF [M] drivers/scsi/isci/isci.ko
  LD [M]  drivers/scsi/qla1280.ko
  BTF [M] drivers/scsi/ips.ko
  BTF [M] drivers/scsi/qla1280.ko
  LD [M]  drivers/scsi/qla2xxx/qla2xxx.ko
  LD [M]  drivers/scsi/qla2xxx/tcm_qla2xxx.ko
  BTF [M] drivers/scsi/qla2xxx/tcm_qla2xxx.ko
  BTF [M] drivers/scsi/qla2xxx/qla2xxx.ko
  LD [M]  drivers/scsi/qla4xxx/qla4xxx.ko
  LD [M]  drivers/scsi/lpfc/lpfc.ko
  LD [M]  drivers/scsi/bfa/bfa.ko
  BTF [M] drivers/scsi/qla4xxx/qla4xxx.ko
  LD [M]  drivers/scsi/csiostor/csiostor.ko
  LD [M]  drivers/scsi/dmx3191d.ko
  BTF [M] drivers/scsi/dmx3191d.ko
  BTF [M] drivers/scsi/csiostor/csiostor.ko
  LD [M]  drivers/scsi/hpsa.ko
  BTF [M] drivers/scsi/bfa/bfa.ko
  BTF [M] drivers/scsi/hpsa.ko
  LD [M]  drivers/scsi/dc395x.ko
  BTF [M] drivers/scsi/lpfc/lpfc.ko
  BTF [M] drivers/scsi/dc395x.ko
  LD [M]  drivers/scsi/esp_scsi.ko
  BTF [M] drivers/scsi/esp_scsi.ko
  LD [M]  drivers/scsi/am53c974.ko
  BTF [M] drivers/scsi/am53c974.ko
  LD [M]  drivers/scsi/megaraid.ko
  BTF [M] drivers/scsi/megaraid.ko
  LD [M]  drivers/scsi/mpt3sas/mpt3sas.ko
  LD [M]  drivers/scsi/mpi3mr/mpi3mr.ko
  LD [M]  drivers/scsi/atp870u.ko
  LD [M]  drivers/scsi/initio.ko
  LD [M]  drivers/scsi/a100u2w.ko
  BTF [M] drivers/scsi/atp870u.ko
  BTF [M] drivers/scsi/initio.ko
  BTF [M] drivers/scsi/a100u2w.ko
  BTF [M] drivers/scsi/mpt3sas/mpt3sas.ko
  BTF [M] drivers/scsi/mpi3mr/mpi3mr.ko
  LD [M]  drivers/scsi/3w-xxxx.ko
  BTF [M] drivers/scsi/3w-xxxx.ko
  LD [M]  drivers/scsi/3w-9xxx.ko
  BTF [M] drivers/scsi/3w-9xxx.ko
  LD [M]  drivers/scsi/3w-sas.ko
  BTF [M] drivers/scsi/3w-sas.ko
  LD [M]  drivers/scsi/ipr.ko
  BTF [M] drivers/scsi/ipr.ko
  LD [M]  drivers/scsi/hptiop.ko
  LD [M]  drivers/scsi/stex.ko
  BTF [M] drivers/scsi/hptiop.ko
  BTF [M] drivers/scsi/stex.ko
  LD [M]  drivers/scsi/mvsas/mvsas.ko
  LD [M]  drivers/scsi/mvumi.ko
  BTF [M] drivers/scsi/mvsas/mvsas.ko
  BTF [M] drivers/scsi/mvumi.ko
  LD [M]  drivers/scsi/cxgbi/libcxgbi.ko
  LD [M]  drivers/scsi/cxgbi/cxgb3i/cxgb3i.ko
  BTF [M] drivers/scsi/cxgbi/libcxgbi.ko
  BTF [M] drivers/scsi/cxgbi/cxgb3i/cxgb3i.ko
  LD [M]  drivers/scsi/cxgbi/cxgb4i/cxgb4i.ko
  BTF [M] drivers/scsi/cxgbi/cxgb4i/cxgb4i.ko
  LD [M]  drivers/scsi/bnx2i/bnx2i.ko
  LD [M]  drivers/scsi/be2iscsi/be2iscsi.ko
  LD [M]  drivers/scsi/esas2r/esas2r.ko
  LD [M]  drivers/scsi/pmcraid.ko
  BTF [M] drivers/scsi/bnx2i/bnx2i.ko
  BTF [M] drivers/scsi/pmcraid.ko
  BTF [M] drivers/scsi/esas2r/esas2r.ko
  BTF [M] drivers/scsi/be2iscsi/be2iscsi.ko
  LD [M]  drivers/scsi/wd719x.ko
  LD [M]  drivers/scsi/scsi_debug.ko
  BTF [M] drivers/scsi/wd719x.ko
  BTF [M] drivers/scsi/scsi_debug.ko
  LD [M]  drivers/nvme/host/nvme-fabrics.ko
  LD [M]  drivers/nvme/host/nvme-rdma.ko
  BTF [M] drivers/nvme/host/nvme-fabrics.ko
  BTF [M] drivers/nvme/host/nvme-rdma.ko
  LD [M]  drivers/nvme/host/nvme-fc.ko
  BTF [M] drivers/nvme/host/nvme-fc.ko
  LD [M]  drivers/nvme/host/nvme-tcp.ko
  BTF [M] drivers/nvme/host/nvme-tcp.ko
  LD [M]  drivers/nvme/target/nvmet.ko
  LD [M]  drivers/nvme/target/nvme-loop.ko
  LD [M]  drivers/nvme/target/nvmet-tcp.ko
  LD [M]  drivers/ata/pata_legacy.ko
  BTF [M] drivers/nvme/target/nvme-loop.ko
  LD [M]  drivers/net/phy/phylink.ko
  BTF [M] drivers/nvme/target/nvmet.ko
  BTF [M] drivers/ata/pata_legacy.ko
  BTF [M] drivers/nvme/target/nvmet-tcp.ko
  LD [M]  drivers/net/phy/phy_package.ko
  BTF [M] drivers/net/phy/phylink.ko
  BTF [M] drivers/net/phy/phy_package.ko
  LD [M]  drivers/net/phy/amd.ko
  BTF [M] drivers/net/phy/amd.ko
  LD [M]  drivers/net/phy/ax88796b.ko
  BTF [M] drivers/net/phy/ax88796b.ko
  BTF [M] drivers/gpu/drm/amd/amdgpu/amdgpu.ko
  LD [M]  drivers/net/phy/bcm7xxx.ko
  BTF [M] drivers/net/phy/bcm7xxx.ko
  LD [M]  drivers/net/phy/bcm87xx.ko
  BTF [M] drivers/net/phy/bcm87xx.ko
  LD [M]  drivers/net/phy/bcm-phy-lib.ko
  BTF [M] drivers/net/phy/bcm-phy-lib.ko
  LD [M]  drivers/net/phy/bcm-phy-ptp.ko
  LD [M]  drivers/net/phy/broadcom.ko
  BTF [M] drivers/net/phy/bcm-phy-ptp.ko
  LD [M]  drivers/net/phy/et1011c.ko
  BTF [M] drivers/net/phy/broadcom.ko
  BTF [M] drivers/net/phy/et1011c.ko
  LD [M]  drivers/net/phy/lxt.ko
  BTF [M] drivers/net/phy/lxt.ko
  LD [M]  drivers/net/phy/marvell.ko
  BTF [M] drivers/net/phy/marvell.ko
  LD [M]  drivers/net/phy/micrel.ko
  BTF [M] drivers/net/phy/micrel.ko
  LD [M]  drivers/net/phy/microchip.ko
  LD [M]  drivers/net/phy/national.ko
  BTF [M] drivers/net/phy/microchip.ko
  BTF [M] drivers/net/phy/national.ko
  LD [M]  drivers/net/phy/realtek/realtek.ko
  LD [M]  drivers/net/phy/ste10Xp.ko
  LD [M]  drivers/net/ethernet/amd/amd8111e.ko
  BTF [M] drivers/net/phy/ste10Xp.ko
  BTF [M] drivers/net/ethernet/amd/amd8111e.ko
  BTF [M] drivers/net/phy/realtek/realtek.ko
  LD [M]  drivers/net/ethernet/amd/pcnet32.ko
  LD [M]  drivers/net/ethernet/atheros/atlx/atl1.ko
  BTF [M] drivers/net/ethernet/amd/pcnet32.ko
  LD [M]  drivers/net/ethernet/atheros/atlx/atl2.ko
  BTF [M] drivers/net/ethernet/atheros/atlx/atl1.ko
  BTF [M] drivers/net/ethernet/atheros/atlx/atl2.ko
  LD [M]  drivers/net/ethernet/atheros/atl1e/atl1e.ko
  BTF [M] drivers/net/ethernet/atheros/atl1e/atl1e.ko
  LD [M]  drivers/net/ethernet/atheros/atl1c/atl1c.ko
  LD [M]  drivers/net/ethernet/atheros/alx/alx.ko
  BTF [M] drivers/net/ethernet/atheros/atl1c/atl1c.ko
  LD [M]  drivers/net/ethernet/broadcom/b44.ko
  BTF [M] drivers/net/ethernet/broadcom/b44.ko
  BTF [M] drivers/net/ethernet/atheros/alx/alx.ko
  LD [M]  drivers/net/ethernet/broadcom/bnx2.ko
  LD [M]  drivers/net/ethernet/broadcom/cnic.ko
  BTF [M] drivers/net/ethernet/broadcom/bnx2.ko
  LD [M]  drivers/net/ethernet/broadcom/bnx2x/bnx2x.ko
  BTF [M] drivers/net/ethernet/broadcom/cnic.ko
  LD [M]  drivers/net/ethernet/broadcom/tg3.ko
  LD [M]  drivers/net/ethernet/broadcom/bnxt/bnxt_en.ko
  BTF [M] drivers/net/ethernet/broadcom/tg3.ko
  BTF [M] drivers/net/ethernet/broadcom/bnx2x/bnx2x.ko
  BTF [M] drivers/net/ethernet/broadcom/bnxt/bnxt_en.ko
  LD [M]  drivers/net/ethernet/brocade/bna/bna.ko
  BTF [M] drivers/net/ethernet/brocade/bna/bna.ko
  LD [M]  drivers/net/ethernet/cavium/common/cavium_ptp.ko
  BTF [M] drivers/net/ethernet/cavium/common/cavium_ptp.ko
  LD [M]  drivers/net/ethernet/chelsio/cxgb/cxgb.ko
  LD [M]  drivers/net/ethernet/chelsio/cxgb3/cxgb3.ko
  BTF [M] drivers/net/ethernet/chelsio/cxgb/cxgb.ko
  LD [M]  drivers/net/ethernet/chelsio/cxgb4/cxgb4.ko
  BTF [M] drivers/net/ethernet/chelsio/cxgb3/cxgb3.ko
  LD [M]  drivers/net/ethernet/chelsio/cxgb4vf/cxgb4vf.ko
  BTF [M] drivers/net/ethernet/chelsio/cxgb4vf/cxgb4vf.ko
  LD [M]  drivers/net/ethernet/chelsio/libcxgb/libcxgb.ko
  BTF [M] drivers/net/ethernet/chelsio/libcxgb/libcxgb.ko
  BTF [M] drivers/net/ethernet/chelsio/cxgb4/cxgb4.ko
  LD [M]  drivers/net/ethernet/cisco/enic/enic.ko
  BTF [M] drivers/net/ethernet/cisco/enic/enic.ko
  LD [M]  drivers/net/ethernet/dec/tulip/tulip.ko
  BTF [M] drivers/net/ethernet/dec/tulip/tulip.ko
  LD [M]  drivers/net/ethernet/dlink/dl2k.ko
  BTF [M] drivers/net/ethernet/dlink/dl2k.ko
  LD [M]  drivers/net/ethernet/dlink/sundance.ko
  LD [M]  drivers/net/ethernet/emulex/benet/be2net.ko
  LD [M]  drivers/net/ethernet/intel/libie/libie.ko
  BTF [M] drivers/net/ethernet/dlink/sundance.ko
  BTF [M] drivers/net/ethernet/intel/libie/libie.ko
  BTF [M] drivers/net/ethernet/emulex/benet/be2net.ko
  LD [M]  drivers/net/ethernet/intel/libie/libie_adminq.ko
  BTF [M] drivers/net/ethernet/intel/libie/libie_adminq.ko
  LD [M]  drivers/net/ethernet/intel/libie/libie_fwlog.ko
  BTF [M] drivers/net/ethernet/intel/libie/libie_fwlog.ko
  LD [M]  drivers/net/ethernet/intel/libeth/libeth.ko
  BTF [M] drivers/net/ethernet/intel/libeth/libeth.ko
  LD [M]  drivers/net/ethernet/intel/e100.ko
  LD [M]  drivers/net/ethernet/intel/e1000/e1000.ko
  BTF [M] drivers/net/ethernet/intel/e100.ko
  LD [M]  drivers/net/ethernet/intel/e1000e/e1000e.ko
  LD [M]  drivers/net/ethernet/intel/igb/igb.ko
  BTF [M] drivers/net/ethernet/intel/e1000/e1000.ko
  LD [M]  drivers/net/ethernet/intel/igc/igc.ko
  BTF [M] drivers/net/ethernet/intel/e1000e/e1000e.ko
  BTF [M] drivers/net/ethernet/intel/igb/igb.ko
  LD [M]  drivers/net/ethernet/intel/igbvf/igbvf.ko
  BTF [M] drivers/net/ethernet/intel/igc/igc.ko
  BTF [M] drivers/net/ethernet/intel/igbvf/igbvf.ko
  LD [M]  drivers/net/ethernet/intel/ixgbe/ixgbe.ko
  LD [M]  drivers/net/ethernet/intel/ixgbevf/ixgbevf.ko
  LD [M]  drivers/net/ethernet/intel/i40e/i40e.ko
  LD [M]  drivers/net/ethernet/intel/iavf/iavf.ko
  BTF [M] drivers/net/ethernet/intel/ixgbevf/ixgbevf.ko
  BTF [M] drivers/net/ethernet/intel/ixgbe/ixgbe.ko
  BTF [M] drivers/net/ethernet/intel/iavf/iavf.ko
  BTF [M] drivers/net/ethernet/intel/i40e/i40e.ko
  LD [M]  drivers/net/ethernet/intel/fm10k/fm10k.ko
  BTF [M] drivers/net/ethernet/intel/fm10k/fm10k.ko
  LD [M]  drivers/net/ethernet/microsoft/mana/mana.ko
  BTF [M] drivers/net/ethernet/microsoft/mana/mana.ko
  LD [M]  drivers/net/ethernet/marvell/skge.ko
  LD [M]  drivers/net/ethernet/marvell/sky2.ko
  BTF [M] drivers/net/ethernet/marvell/skge.ko
  BTF [M] drivers/net/ethernet/marvell/sky2.ko
  LD [M]  drivers/net/ethernet/mellanox/mlx4/mlx4_core.ko
  LD [M]  drivers/net/ethernet/mellanox/mlx4/mlx4_en.ko
  LD [M]  drivers/net/ethernet/mellanox/mlx5/core/mlx5_core.ko
  BTF [M] drivers/net/ethernet/mellanox/mlx4/mlx4_core.ko
  BTF [M] drivers/net/ethernet/mellanox/mlx4/mlx4_en.ko
  LD [M]  drivers/net/ethernet/mellanox/mlxsw/mlxsw_core.ko
  LD [M]  drivers/net/ethernet/mellanox/mlxsw/mlxsw_pci.ko
  BTF [M] drivers/net/ethernet/mellanox/mlxsw/mlxsw_core.ko
  BTF [M] drivers/net/ethernet/mellanox/mlxsw/mlxsw_pci.ko
  LD [M]  drivers/net/ethernet/mellanox/mlxsw/mlxsw_i2c.ko
  LD [M]  drivers/net/ethernet/mellanox/mlxsw/mlxsw_spectrum.ko
  BTF [M] drivers/net/ethernet/mellanox/mlxsw/mlxsw_i2c.ko
  LD [M]  drivers/net/ethernet/mellanox/mlxsw/mlxsw_minimal.ko
  LD [M]  drivers/net/ethernet/mellanox/mlxfw/mlxfw.ko
  BTF [M] drivers/net/ethernet/mellanox/mlxsw/mlxsw_minimal.ko
  BTF [M] drivers/net/ethernet/mellanox/mlxfw/mlxfw.ko
  LD [M]  drivers/net/ethernet/myricom/myri10ge/myri10ge.ko
  BTF [M] drivers/net/ethernet/myricom/myri10ge/myri10ge.ko
  LD [M]  drivers/net/ethernet/nvidia/forcedeth.ko
  BTF [M] drivers/net/ethernet/mellanox/mlxsw/mlxsw_spectrum.ko
  BTF [M] drivers/net/ethernet/nvidia/forcedeth.ko
  LD [M]  drivers/net/ethernet/qlogic/netxen/netxen_nic.ko
  BTF [M] drivers/net/ethernet/qlogic/netxen/netxen_nic.ko
  LD [M]  drivers/net/ethernet/qlogic/qed/qed.ko
  LD [M]  drivers/net/ethernet/qlogic/qede/qede.ko
  LD [M]  drivers/net/ethernet/realtek/8139cp.ko
  BTF [M] drivers/net/ethernet/realtek/8139cp.ko
  LD [M]  drivers/net/ethernet/realtek/8139too.ko
  BTF [M] drivers/net/ethernet/qlogic/qede/qede.ko
  LD [M]  drivers/net/ethernet/realtek/r8169.ko
  BTF [M] drivers/net/ethernet/realtek/8139too.ko
  LD [M]  drivers/net/ethernet/rocker/rocker.ko
  BTF [M] drivers/net/ethernet/realtek/r8169.ko
  BTF [M] drivers/net/ethernet/qlogic/qed/qed.ko
  BTF [M] drivers/net/ethernet/rocker/rocker.ko
  LD [M]  drivers/net/ethernet/jme.ko
  BTF [M] drivers/net/ethernet/jme.ko
  BTF [M] drivers/net/ethernet/mellanox/mlx5/core/mlx5_core.ko
  LD [M]  drivers/net/ppp/ppp_async.ko
  BTF [M] drivers/net/ppp/ppp_async.ko
  LD [M]  drivers/net/ppp/bsd_comp.ko
  LD [M]  drivers/net/ppp/ppp_deflate.ko
  LD [M]  drivers/net/ppp/ppp_mppe.ko
  BTF [M] drivers/net/ppp/bsd_comp.ko
  BTF [M] drivers/net/ppp/ppp_mppe.ko
  BTF [M] drivers/net/ppp/ppp_deflate.ko
  LD [M]  drivers/net/ppp/ppp_synctty.ko
  BTF [M] drivers/net/ppp/ppp_synctty.ko
  LD [M]  drivers/net/ppp/pppox.ko
  BTF [M] drivers/net/ppp/pppox.ko
  LD [M]  drivers/net/ppp/pppoe.ko
  BTF [M] drivers/net/ppp/pppoe.ko
  LD [M]  drivers/net/ppp/pptp.ko
  BTF [M] drivers/net/ppp/pptp.ko
  LD [M]  drivers/net/wireless/intel/iwlwifi/iwlwifi.ko
  LD [M]  drivers/net/wireless/intel/iwlwifi/mvm/iwlmvm.ko
  LD [M]  drivers/net/wireless/rsi/rsi_91x.ko
  LD [M]  drivers/net/wireless/rsi/rsi_sdio.ko
  BTF [M] drivers/net/wireless/intel/iwlwifi/iwlwifi.ko
  BTF [M] drivers/net/wireless/rsi/rsi_sdio.ko
  LD [M]  drivers/net/wireless/rsi/rsi_usb.ko
  LD [M]  drivers/net/bonding/bonding.ko
  BTF [M] drivers/net/wireless/rsi/rsi_91x.ko
  BTF [M] drivers/net/wireless/rsi/rsi_usb.ko
  LD [M]  drivers/net/ipvlan/ipvlan.ko
  LD [M]  drivers/net/dummy.ko
  BTF [M] drivers/net/wireless/intel/iwlwifi/mvm/iwlmvm.ko
  BTF [M] drivers/net/dummy.ko
  BTF [M] drivers/net/bonding/bonding.ko
  LD [M]  drivers/net/wireguard/wireguard.ko
  BTF [M] drivers/net/ipvlan/ipvlan.ko
  LD [M]  drivers/net/ifb.ko
  BTF [M] drivers/net/wireguard/wireguard.ko
  BTF [M] drivers/net/ifb.ko
  LD [M]  drivers/net/macvlan.ko
  BTF [M] drivers/net/macvlan.ko
  LD [M]  drivers/net/macvtap.ko
  LD [M]  drivers/net/mii.ko
  BTF [M] drivers/net/macvtap.ko
  BTF [M] drivers/net/mii.ko
  LD [M]  drivers/net/mdio.ko
  BTF [M] drivers/net/mdio.ko
  LD [M]  drivers/net/netconsole.ko
  BTF [M] drivers/net/netconsole.ko
  LD [M]  drivers/net/tun.ko
  BTF [M] drivers/net/tun.ko
  LD [M]  drivers/net/tap.ko
  BTF [M] drivers/net/tap.ko
  LD [M]  drivers/net/geneve.ko
  BTF [M] drivers/net/geneve.ko
  LD [M]  drivers/net/vrf.ko
  LD [M]  drivers/net/vsockmon.ko
  LD [M]  drivers/net/can/dev/can-dev.ko
  BTF [M] drivers/net/vrf.ko
  BTF [M] drivers/net/vsockmon.ko
  LD [M]  drivers/net/can/usb/usb_8dev.ko
  BTF [M] drivers/net/can/usb/usb_8dev.ko
  BTF [M] drivers/net/can/dev/can-dev.ko
  LD [M]  drivers/net/can/usb/ems_usb.ko
  BTF [M] drivers/net/can/usb/ems_usb.ko
  LD [M]  drivers/net/can/usb/esd_usb.ko
  BTF [M] drivers/net/can/usb/esd_usb.ko
  LD [M]  drivers/net/can/usb/etas_es58x/etas_es58x.ko
  LD [M]  drivers/net/can/usb/f81604.ko
  LD [M]  drivers/net/can/usb/gs_usb.ko
  BTF [M] drivers/net/can/usb/etas_es58x/etas_es58x.ko
  BTF [M] drivers/net/can/usb/f81604.ko
  BTF [M] drivers/net/can/usb/gs_usb.ko
  LD [M]  drivers/net/can/usb/kvaser_usb/kvaser_usb.ko
  BTF [M] drivers/net/can/usb/kvaser_usb/kvaser_usb.ko
  LD [M]  drivers/net/can/usb/mcba_usb.ko
  BTF [M] drivers/net/can/usb/mcba_usb.ko
  LD [M]  drivers/net/can/usb/peak_usb/peak_usb.ko
  BTF [M] drivers/net/can/usb/peak_usb/peak_usb.ko
  LD [M]  drivers/net/can/usb/ucan.ko
  BTF [M] drivers/net/can/usb/ucan.ko
  LD [M]  drivers/net/can/vcan.ko
  BTF [M] drivers/net/can/vcan.ko
  LD [M]  drivers/net/can/slcan/slcan.ko
  BTF [M] drivers/net/can/slcan/slcan.ko
  LD [M]  drivers/net/usb/lan78xx.ko
  BTF [M] drivers/net/usb/lan78xx.ko
  LD [M]  drivers/net/usb/asix.ko
  BTF [M] drivers/net/usb/asix.ko
  LD [M]  drivers/net/usb/ax88179_178a.ko
  LD [M]  drivers/net/usb/cdc_ether.ko
  BTF [M] drivers/net/usb/cdc_ether.ko
  BTF [M] drivers/net/usb/ax88179_178a.ko
  LD [M]  drivers/net/usb/net1080.ko
  BTF [M] drivers/net/usb/net1080.ko
  LD [M]  drivers/net/usb/cdc_subset.ko
  BTF [M] drivers/net/usb/cdc_subset.ko
  LD [M]  drivers/net/usb/zaurus.ko
  BTF [M] drivers/net/usb/zaurus.ko
  LD [M]  drivers/net/usb/usbnet.ko
  LD [M]  drivers/net/usb/cdc_ncm.ko
  BTF [M] drivers/net/usb/usbnet.ko
  BTF [M] drivers/net/usb/cdc_ncm.ko
  LD [M]  drivers/net/usb/huawei_cdc_ncm.ko
  LD [M]  drivers/net/usb/qmi_wwan.ko
  BTF [M] drivers/net/usb/huawei_cdc_ncm.ko
  BTF [M] drivers/net/usb/qmi_wwan.ko
  LD [M]  drivers/net/usb/cdc_mbim.ko
  BTF [M] drivers/net/usb/cdc_mbim.ko
  LD [M]  drivers/net/usb/r8153_ecm.ko
  BTF [M] drivers/net/usb/r8153_ecm.ko
  LD [M]  drivers/usb/host/ehci-hcd.ko
  LD [M]  drivers/usb/host/ehci-pci.ko
  LD [M]  drivers/usb/host/ehci-platform.ko
  BTF [M] drivers/usb/host/ehci-hcd.ko
  BTF [M] drivers/usb/host/ehci-platform.ko
  BTF [M] drivers/usb/host/ehci-pci.ko
  LD [M]  drivers/usb/host/ohci-hcd.ko
  BTF [M] drivers/usb/host/ohci-hcd.ko
  LD [M]  drivers/usb/host/ohci-pci.ko
  BTF [M] drivers/usb/host/ohci-pci.ko
  LD [M]  drivers/usb/host/ohci-platform.ko
  BTF [M] drivers/usb/host/ohci-platform.ko
  LD [M]  drivers/usb/host/uhci-hcd.ko
  LD [M]  drivers/usb/host/xhci-hcd.ko
  BTF [M] drivers/usb/host/uhci-hcd.ko
  LD [M]  drivers/usb/host/xhci-pci.ko
  BTF [M] drivers/usb/host/xhci-pci.ko
  BTF [M] drivers/usb/host/xhci-hcd.ko
  LD [M]  drivers/usb/host/ssb-hcd.ko
  LD [M]  drivers/usb/common/usb-common.ko
  BTF [M] drivers/usb/host/ssb-hcd.ko
  BTF [M] drivers/usb/common/usb-common.ko
  LD [M]  drivers/usb/core/usbcore.ko
  LD [M]  drivers/usb/mon/usbmon.ko
  BTF [M] drivers/usb/mon/usbmon.ko
  LD [M]  drivers/usb/class/cdc-acm.ko
  LD [M]  drivers/usb/class/cdc-wdm.ko
  BTF [M] drivers/usb/core/usbcore.ko
  BTF [M] drivers/usb/class/cdc-wdm.ko
  BTF [M] drivers/usb/class/cdc-acm.ko
  LD [M]  drivers/usb/storage/uas.ko
  BTF [M] drivers/usb/storage/uas.ko
  LD [M]  drivers/usb/storage/usb-storage.ko
  BTF [M] drivers/usb/storage/usb-storage.ko
  LD [M]  drivers/usb/serial/usbserial.ko
  BTF [M] drivers/usb/serial/usbserial.ko
  LD [M]  drivers/usb/serial/ch341.ko
  LD [M]  drivers/usb/serial/cp210x.ko
  BTF [M] drivers/usb/serial/ch341.ko
  BTF [M] drivers/usb/serial/cp210x.ko
  LD [M]  drivers/usb/serial/ftdi_sio.ko
  BTF [M] drivers/usb/serial/ftdi_sio.ko
  LD [M]  drivers/usb/serial/option.ko
  BTF [M] drivers/usb/serial/option.ko
  LD [M]  drivers/usb/serial/pl2303.ko
  LD [M]  drivers/usb/serial/qcserial.ko
  BTF [M] drivers/usb/serial/pl2303.ko
  BTF [M] drivers/usb/serial/qcserial.ko
  LD [M]  drivers/usb/serial/usb_wwan.ko
  BTF [M] drivers/usb/serial/usb_wwan.ko
  LD [M]  drivers/usb/usbip/usbip-core.ko
  BTF [M] drivers/usb/usbip/usbip-core.ko
  LD [M]  drivers/usb/usbip/vhci-hcd.ko
  LD [M]  drivers/usb/usbip/usbip-host.ko
  LD [M]  drivers/input/mouse/psmouse.ko
  LD [M]  drivers/input/misc/uinput.ko
  BTF [M] drivers/usb/usbip/vhci-hcd.ko
  BTF [M] drivers/usb/usbip/usbip-host.ko
  BTF [M] drivers/input/misc/uinput.ko
  BTF [M] drivers/input/mouse/psmouse.ko
  LD [M]  drivers/input/ff-memless.ko
  BTF [M] drivers/input/ff-memless.ko
  LD [M]  drivers/input/sparse-keymap.ko
  LD [M]  drivers/input/input-leds.ko
  BTF [M] drivers/input/sparse-keymap.ko
  BTF [M] drivers/input/input-leds.ko
  LD [M]  drivers/input/mousedev.ko
  BTF [M] drivers/input/mousedev.ko
  LD [M]  drivers/input/joydev.ko
  BTF [M] drivers/input/joydev.ko
  LD [M]  drivers/input/evdev.ko
  BTF [M] drivers/input/evdev.ko
  LD [M]  drivers/i2c/algos/i2c-algo-bit.ko
  LD [M]  drivers/i2c/busses/i2c-amd756.ko
  LD [M]  drivers/i2c/busses/i2c-amd8111.ko
  BTF [M] drivers/i2c/algos/i2c-algo-bit.ko
  BTF [M] drivers/i2c/busses/i2c-amd756.ko
  LD [M]  drivers/i2c/busses/i2c-i801.ko
  BTF [M] drivers/i2c/busses/i2c-amd8111.ko
  BTF [M] drivers/i2c/busses/i2c-i801.ko
  LD [M]  drivers/i2c/busses/i2c-piix4.ko
  LD [M]  drivers/i2c/busses/i2c-designware-core.ko
  BTF [M] drivers/i2c/busses/i2c-piix4.ko
  BTF [M] drivers/i2c/busses/i2c-designware-core.ko
  LD [M]  drivers/i2c/busses/i2c-designware-platform.ko
  BTF [M] drivers/i2c/busses/i2c-designware-platform.ko
  LD [M]  drivers/i2c/i2c-smbus.ko
  LD [M]  drivers/i2c/i2c-dev.ko
  BTF [M] drivers/i2c/i2c-smbus.ko
  BTF [M] drivers/i2c/i2c-dev.ko
  LD [M]  drivers/media/common/videobuf2/videobuf2-common.ko
  BTF [M] drivers/media/common/videobuf2/videobuf2-common.ko
  LD [M]  drivers/media/common/videobuf2/videobuf2-memops.ko
  BTF [M] drivers/media/common/videobuf2/videobuf2-memops.ko
  LD [M]  drivers/media/common/videobuf2/videobuf2-v4l2.ko
  LD [M]  drivers/media/common/videobuf2/videobuf2-vmalloc.ko
  LD [M]  drivers/media/common/uvc.ko
  LD [M]  drivers/media/usb/gspca/gspca_main.ko
  LD [M]  drivers/media/usb/uvc/uvcvideo.ko
  BTF [M] drivers/media/common/uvc.ko
  BTF [M] drivers/media/common/videobuf2/videobuf2-vmalloc.ko
  BTF [M] drivers/media/common/videobuf2/videobuf2-v4l2.ko
  BTF [M] drivers/media/usb/gspca/gspca_main.ko
  LD [M]  drivers/media/mc/mc.ko
  LD [M]  drivers/media/v4l2-core/v4l2-async.ko
  BTF [M] drivers/media/usb/uvc/uvcvideo.ko
  BTF [M] drivers/media/v4l2-core/v4l2-async.ko
  BTF [M] drivers/media/mc/mc.ko
  LD [M]  drivers/media/v4l2-core/v4l2-fwnode.ko
  LD [M]  drivers/media/v4l2-core/v4l2-dv-timings.ko
  BTF [M] drivers/media/v4l2-core/v4l2-fwnode.ko
  BTF [M] drivers/media/v4l2-core/v4l2-dv-timings.ko
  LD [M]  drivers/media/v4l2-core/videodev.ko
  LD [M]  drivers/media/dvb-core/dvb-core.ko
  BTF [M] drivers/media/v4l2-core/videodev.ko
  BTF [M] drivers/media/dvb-core/dvb-core.ko
  LD [M]  drivers/media/cec/core/cec.ko
  LD [M]  drivers/ptp/ptp_kvm.ko
  BTF [M] drivers/ptp/ptp_kvm.ko
  BTF [M] drivers/media/cec/core/cec.ko
  LD [M]  drivers/ptp/ptp_vmclock.ko
  LD [M]  drivers/hwmon/coretemp.ko
  LD [M]  drivers/hwmon/dell-smm-hwmon.ko
  BTF [M] drivers/ptp/ptp_vmclock.ko
  BTF [M] drivers/hwmon/dell-smm-hwmon.ko
  BTF [M] drivers/hwmon/coretemp.ko
  LD [M]  drivers/hwmon/fam15h_power.ko
  BTF [M] drivers/hwmon/fam15h_power.ko
  LD [M]  drivers/hwmon/k8temp.ko
  BTF [M] drivers/hwmon/k8temp.ko
  LD [M]  drivers/hwmon/k10temp.ko
  LD [M]  drivers/thermal/intel/x86_pkg_temp_thermal.ko
  BTF [M] drivers/hwmon/k10temp.ko
  BTF [M] drivers/thermal/intel/x86_pkg_temp_thermal.ko
  LD [M]  drivers/watchdog/iTCO_wdt.ko
  BTF [M] drivers/watchdog/iTCO_wdt.ko
  LD [M]  drivers/watchdog/softdog.ko
  LD [M]  drivers/md/linear.ko
  BTF [M] drivers/watchdog/softdog.ko
  BTF [M] drivers/md/linear.ko
  LD [M]  drivers/md/raid0.ko
  LD [M]  drivers/md/raid1.ko
  LD [M]  drivers/md/raid10.ko
  BTF [M] drivers/md/raid0.ko
  BTF [M] drivers/md/raid1.ko
  BTF [M] drivers/md/raid10.ko
  LD [M]  drivers/md/raid456.ko
  LD [M]  drivers/md/md-mod.ko
  LD [M]  drivers/md/dm-bio-prison.ko
  BTF [M] drivers/md/dm-bio-prison.ko
  BTF [M] drivers/md/raid456.ko
  LD [M]  drivers/md/dm-crypt.ko
  LD [M]  drivers/md/dm-delay.ko
  BTF [M] drivers/md/md-mod.ko
  BTF [M] drivers/md/dm-delay.ko
  BTF [M] drivers/md/dm-crypt.ko
  LD [M]  drivers/md/dm-flakey.ko
  LD [M]  drivers/md/dm-multipath.ko
  BTF [M] drivers/md/dm-flakey.ko
  BTF [M] drivers/md/dm-multipath.ko
  LD [M]  drivers/md/dm-round-robin.ko
  BTF [M] drivers/md/dm-round-robin.ko
  LD [M]  drivers/md/dm-queue-length.ko
  LD [M]  drivers/md/dm-service-time.ko
  BTF [M] drivers/md/dm-queue-length.ko
  BTF [M] drivers/md/dm-service-time.ko
  LD [M]  drivers/md/dm-historical-service-time.ko
  BTF [M] drivers/md/dm-historical-service-time.ko
  LD [M]  drivers/md/dm-io-affinity.ko
  LD [M]  drivers/md/dm-snapshot.ko
  BTF [M] drivers/md/dm-io-affinity.ko
  LD [M]  drivers/md/persistent-data/dm-persistent-data.ko
  LD [M]  drivers/md/dm-mirror.ko
  BTF [M] drivers/md/dm-snapshot.ko
  BTF [M] drivers/md/dm-mirror.ko
  BTF [M] drivers/md/persistent-data/dm-persistent-data.ko
  LD [M]  drivers/md/dm-log.ko
  BTF [M] drivers/md/dm-log.ko
  LD [M]  drivers/md/dm-region-hash.ko
  BTF [M] drivers/md/dm-region-hash.ko
  LD [M]  drivers/md/dm-zero.ko
  BTF [M] drivers/md/dm-zero.ko
  LD [M]  drivers/md/dm-raid.ko
  BTF [M] drivers/md/dm-raid.ko
  LD [M]  drivers/md/dm-thin-pool.ko
  LD [M]  drivers/accessibility/speakup/speakup_soft.ko
  LD [M]  drivers/accessibility/speakup/speakup.ko
  BTF [M] drivers/accessibility/speakup/speakup_soft.ko
  BTF [M] drivers/md/dm-thin-pool.ko
  LD [M]  drivers/edac/edac_mce_amd.ko
  BTF [M] drivers/accessibility/speakup/speakup.ko
  BTF [M] drivers/edac/edac_mce_amd.ko
  LD [M]  drivers/edac/i5100_edac.ko
  LD [M]  drivers/edac/i5400_edac.ko
  BTF [M] drivers/edac/i5100_edac.ko
  BTF [M] drivers/edac/i5400_edac.ko
  LD [M]  drivers/edac/i7300_edac.ko
  BTF [M] drivers/edac/i7300_edac.ko
  LD [M]  drivers/edac/i7core_edac.ko
  BTF [M] drivers/edac/i7core_edac.ko
  LD [M]  drivers/edac/sb_edac.ko
  BTF [M] drivers/edac/sb_edac.ko
  LD [M]  drivers/edac/e752x_edac.ko
  LD [M]  drivers/edac/i82975x_edac.ko
  LD [M]  drivers/edac/i3000_edac.ko
  BTF [M] drivers/edac/e752x_edac.ko
  BTF [M] drivers/edac/i82975x_edac.ko
  BTF [M] drivers/edac/i3000_edac.ko
  LD [M]  drivers/edac/i3200_edac.ko
  BTF [M] drivers/edac/i3200_edac.ko
  LD [M]  drivers/edac/x38_edac.ko
  LD [M]  drivers/edac/amd64_edac.ko
  BTF [M] drivers/edac/x38_edac.ko
  LD [M]  drivers/edac/skx_edac.ko
  LD [M]  drivers/edac/skx_edac_common.ko
  BTF [M] drivers/edac/amd64_edac.ko
  LD [M]  drivers/cpufreq/cpufreq_powersave.ko
  BTF [M] drivers/edac/skx_edac.ko
  BTF [M] drivers/edac/skx_edac_common.ko
  BTF [M] drivers/cpufreq/cpufreq_powersave.ko
  LD [M]  drivers/cpufreq/cpufreq_userspace.ko
  BTF [M] drivers/cpufreq/cpufreq_userspace.ko
  LD [M]  drivers/cpufreq/cpufreq_ondemand.ko
  LD [M]  drivers/cpufreq/cpufreq_conservative.ko
  BTF [M] drivers/cpufreq/cpufreq_ondemand.ko
  BTF [M] drivers/cpufreq/cpufreq_conservative.ko
  LD [M]  drivers/cpufreq/acpi-cpufreq.ko
  BTF [M] drivers/cpufreq/acpi-cpufreq.ko
  LD [M]  drivers/cpufreq/pcc-cpufreq.ko
  LD [M]  drivers/cpufreq/amd_freq_sensitivity.ko
  BTF [M] drivers/cpufreq/pcc-cpufreq.ko
  BTF [M] drivers/cpufreq/amd_freq_sensitivity.ko
  LD [M]  drivers/mmc/host/sdhci.ko
  LD [M]  drivers/mmc/host/sdhci-uhs2.ko
  LD [M]  drivers/mmc/host/sdhci-pci.ko
  LD [M]  drivers/mmc/host/sdhci-acpi.ko
  LD [M]  drivers/mmc/host/cqhci.ko
  BTF [M] drivers/mmc/host/sdhci.ko
  BTF [M] drivers/mmc/host/sdhci-uhs2.ko
  BTF [M] drivers/mmc/host/sdhci-acpi.ko
  BTF [M] drivers/mmc/host/cqhci.ko
  BTF [M] drivers/mmc/host/sdhci-pci.ko
  LD [M]  drivers/mmc/core/mmc_core.ko
  BTF [M] drivers/mmc/core/mmc_core.ko
  LD [M]  drivers/mmc/core/mmc_block.ko
  LD [M]  drivers/ufs/core/ufshcd-core.ko
  BTF [M] drivers/mmc/core/mmc_block.ko
  LD [M]  drivers/ufs/host/ufshcd-pci.ko
  LD [M]  drivers/ufs/host/ufshcd-pltfrm.ko
  BTF [M] drivers/ufs/core/ufshcd-core.ko
  LD [M]  drivers/crypto/virtio/virtio_crypto.ko
  BTF [M] drivers/ufs/host/ufshcd-pci.ko
  BTF [M] drivers/ufs/host/ufshcd-pltfrm.ko
  BTF [M] drivers/crypto/virtio/virtio_crypto.ko
  LD [M]  drivers/hid/hid.ko
  LD [M]  drivers/hid/hid-generic.ko
  LD [M]  drivers/hid/hid-a4tech.ko
  LD [M]  drivers/hid/hid-apple.ko
  BTF [M] drivers/hid/hid-generic.ko
  BTF [M] drivers/hid/hid-a4tech.ko
  BTF [M] drivers/hid/hid-apple.ko
  BTF [M] drivers/hid/hid.ko
  LD [M]  drivers/hid/hid-belkin.ko
  BTF [M] drivers/hid/hid-belkin.ko
  LD [M]  drivers/hid/hid-cherry.ko
  BTF [M] drivers/hid/hid-cherry.ko
  LD [M]  drivers/hid/hid-ezkey.ko
  BTF [M] drivers/hid/hid-ezkey.ko
  LD [M]  drivers/hid/hid-hyperv.ko
  LD [M]  drivers/hid/hid-logitech.ko
  BTF [M] drivers/hid/hid-hyperv.ko
  BTF [M] drivers/hid/hid-logitech.ko
  LD [M]  drivers/hid/hid-lg-g15.ko
  LD [M]  drivers/hid/hid-logitech-dj.ko
  BTF [M] drivers/hid/hid-lg-g15.ko
  BTF [M] drivers/hid/hid-logitech-dj.ko
  LD [M]  drivers/hid/hid-logitech-hidpp.ko
  LD [M]  drivers/hid/hid-microsoft.ko
  LD [M]  drivers/hid/hid-monterey.ko
  LD [M]  drivers/hid/usbhid/usbhid.ko
  LD [M]  drivers/platform/x86/dell/dcdbas.ko
  BTF [M] drivers/hid/hid-microsoft.ko
  BTF [M] drivers/hid/hid-logitech-hidpp.ko
  BTF [M] drivers/hid/hid-monterey.ko
  BTF [M] drivers/platform/x86/dell/dcdbas.ko
  BTF [M] drivers/hid/usbhid/usbhid.ko
  LD [M]  drivers/platform/x86/dell/dell_rbu.ko
  BTF [M] drivers/platform/x86/dell/dell_rbu.ko
  LD [M]  drivers/platform/x86/dell/dell-pc.ko
  LD [M]  drivers/platform/x86/dell/dell-smbios.ko
  BTF [M] drivers/platform/x86/dell/dell-pc.ko
  LD [M]  drivers/platform/x86/dell/dell-smo8800.ko
  BTF [M] drivers/platform/x86/dell/dell-smbios.ko
  BTF [M] drivers/platform/x86/dell/dell-smo8800.ko
  LD [M]  drivers/platform/x86/dell/dell-lis3lv02d.ko
  LD [M]  drivers/platform/x86/dell/dell-wmi.ko
  BTF [M] drivers/platform/x86/dell/dell-lis3lv02d.ko
  LD [M]  drivers/platform/x86/dell/dell-wmi-aio.ko
  BTF [M] drivers/platform/x86/dell/dell-wmi.ko
  LD [M]  drivers/platform/x86/dell/dell-wmi-descriptor.ko
  BTF [M] drivers/platform/x86/dell/dell-wmi-aio.ko
  BTF [M] drivers/platform/x86/dell/dell-wmi-descriptor.ko
  LD [M]  drivers/platform/x86/dell/dell-wmi-ddv.ko
  LD [M]  drivers/platform/x86/dell/dell-wmi-led.ko
  BTF [M] drivers/platform/x86/dell/dell-wmi-led.ko
  BTF [M] drivers/platform/x86/dell/dell-wmi-ddv.ko
  LD [M]  drivers/platform/x86/dell/dell-wmi-sysman/dell-wmi-sysman.ko
  BTF [M] drivers/platform/x86/dell/dell-wmi-sysman/dell-wmi-sysman.ko
  LD [M]  drivers/platform/x86/intel/intel-punit_ipc.ko
  BTF [M] drivers/platform/x86/intel/intel-punit_ipc.ko
  LD [M]  drivers/platform/x86/wmi-bmof.ko
  LD [M]  drivers/platform/x86/mxm-wmi.ko
  BTF [M] drivers/platform/x86/wmi-bmof.ko
  BTF [M] drivers/platform/x86/mxm-wmi.ko
  LD [M]  drivers/platform/x86/firmware_attributes_class.ko
  LD [M]  drivers/platform/wmi/wmi.ko
  BTF [M] drivers/platform/x86/firmware_attributes_class.ko
  BTF [M] drivers/platform/wmi/wmi.ko
  LD [M]  drivers/devfreq/governor_simpleondemand.ko
  BTF [M] drivers/devfreq/governor_simpleondemand.ko
  LD [M]  drivers/powercap/intel_rapl_common.ko
  LD [M]  drivers/powercap/intel_rapl_msr.ko
  BTF [M] drivers/powercap/intel_rapl_common.ko
  BTF [M] drivers/powercap/intel_rapl_msr.ko
  LD [M]  drivers/ras/amd/atl/amd_atl.ko
  LD [M]  drivers/ras/amd/fmpm.ko
  BTF [M] drivers/ras/amd/fmpm.ko
  BTF [M] drivers/ras/amd/atl/amd_atl.ko
  LD [M]  drivers/target/target_core_mod.ko
  BTF [M] drivers/target/target_core_mod.ko
  LD [M]  drivers/target/target_core_iblock.ko
  BTF [M] drivers/target/target_core_iblock.ko
  LD [M]  drivers/target/target_core_file.ko
  LD [M]  drivers/target/target_core_pscsi.ko
  LD [M]  drivers/target/target_core_user.ko
  BTF [M] drivers/target/target_core_file.ko
  BTF [M] drivers/target/target_core_pscsi.ko
  LD [M]  drivers/target/loopback/tcm_loop.ko
  BTF [M] drivers/target/target_core_user.ko
  LD [M]  drivers/target/tcm_fc/tcm_fc.ko
  BTF [M] drivers/target/loopback/tcm_loop.ko
  BTF [M] drivers/target/tcm_fc/tcm_fc.ko
  LD [M]  drivers/target/iscsi/iscsi_target_mod.ko
  LD [M]  drivers/uio/uio.ko
  LD [M]  drivers/uio/uio_pci_generic.ko
  LD [M]  drivers/uio/uio_hv_generic.ko
  BTF [M] drivers/uio/uio_pci_generic.ko
  BTF [M] drivers/uio/uio.ko
  BTF [M] drivers/uio/uio_hv_generic.ko
  BTF [M] drivers/target/iscsi/iscsi_target_mod.ko
  LD [M]  drivers/vfio/vfio.ko
  BTF [M] drivers/vfio/vfio.ko
  LD [M]  drivers/vfio/vfio_iommu_type1.ko
  BTF [M] drivers/vfio/vfio_iommu_type1.ko
  LD [M]  drivers/vfio/pci/vfio-pci-core.ko
  LD [M]  drivers/vfio/pci/vfio-pci.ko
  BTF [M] drivers/vfio/pci/vfio-pci-core.ko
  BTF [M] drivers/vfio/pci/vfio-pci.ko
  LD [M]  drivers/bluetooth/bcm203x.ko
  BTF [M] drivers/bluetooth/bcm203x.ko
  LD [M]  drivers/bluetooth/btusb.ko
  LD [M]  drivers/bluetooth/btsdio.ko
  LD [M]  drivers/bluetooth/btintel.ko
  LD [M]  drivers/bluetooth/btbcm.ko
  BTF [M] drivers/bluetooth/btsdio.ko
  BTF [M] drivers/bluetooth/btusb.ko
  BTF [M] drivers/bluetooth/btbcm.ko
  BTF [M] drivers/bluetooth/btintel.ko
  LD [M]  drivers/bluetooth/btrtl.ko
  BTF [M] drivers/bluetooth/btrtl.ko
  LD [M]  drivers/bluetooth/btrsi.ko
  BTF [M] drivers/bluetooth/btrsi.ko
  LD [M]  drivers/infiniband/core/ib_core.ko
  LD [M]  drivers/infiniband/core/ib_cm.ko
  LD [M]  drivers/infiniband/core/iw_cm.ko
  BTF [M] drivers/infiniband/core/iw_cm.ko
  BTF [M] drivers/infiniband/core/ib_cm.ko
  LD [M]  drivers/infiniband/core/rdma_cm.ko
  LD [M]  drivers/infiniband/core/ib_umad.ko
  BTF [M] drivers/infiniband/core/ib_umad.ko
  BTF [M] drivers/infiniband/core/ib_core.ko
  BTF [M] drivers/infiniband/core/rdma_cm.ko
  LD [M]  drivers/infiniband/core/ib_uverbs.ko
  LD [M]  drivers/infiniband/core/rdma_ucm.ko
  LD [M]  drivers/infiniband/core/ib_uverbs_support.ko
  LD [M]  drivers/infiniband/hw/mlx4/mlx4_ib.ko
  BTF [M] drivers/infiniband/core/rdma_ucm.ko
  LD [M]  drivers/infiniband/hw/mlx5/mlx5_ib.ko
  BTF [M] drivers/infiniband/core/ib_uverbs_support.ko
  BTF [M] drivers/infiniband/core/ib_uverbs.ko
  BTF [M] drivers/infiniband/hw/mlx4/mlx4_ib.ko
  LD [M]  drivers/infiniband/hw/bnxt_re/bnxt_re.ko
  BTF [M] drivers/infiniband/hw/mlx5/mlx5_ib.ko
  BTF [M] drivers/infiniband/hw/bnxt_re/bnxt_re.ko
  LD [M]  drivers/infiniband/ulp/ipoib/ib_ipoib.ko
  BTF [M] drivers/infiniband/ulp/ipoib/ib_ipoib.ko
  LD [M]  drivers/ssb/ssb.ko
  LD [M]  drivers/vhost/vhost_net.ko
  LD [M]  drivers/vhost/vhost_vsock.ko
  BTF [M] drivers/vhost/vhost_net.ko
  BTF [M] drivers/ssb/ssb.ko
  BTF [M] drivers/vhost/vhost_vsock.ko
  LD [M]  drivers/vhost/vhost.ko
  LD [M]  drivers/vhost/vhost_iotlb.ko
  BTF [M] drivers/vhost/vhost.ko
  BTF [M] drivers/vhost/vhost_iotlb.ko
  LD [M]  drivers/iio/accel/st_accel.ko
  BTF [M] drivers/iio/accel/st_accel.ko
  LD [M]  drivers/iio/accel/st_accel_i2c.ko
  BTF [M] drivers/iio/accel/st_accel_i2c.ko
  LD [M]  drivers/iio/buffer/industrialio-buffer-cb.ko
  BTF [M] drivers/iio/buffer/industrialio-buffer-cb.ko
  LD [M]  drivers/iio/buffer/industrialio-triggered-buffer.ko
  LD [M]  drivers/iio/buffer/kfifo_buf.ko
  BTF [M] drivers/iio/buffer/industrialio-triggered-buffer.ko
  BTF [M] drivers/iio/buffer/kfifo_buf.ko
  LD [M]  drivers/iio/common/st_sensors/st_sensors_i2c.ko
  LD [M]  drivers/iio/common/st_sensors/st_sensors.ko
  BTF [M] drivers/iio/common/st_sensors/st_sensors_i2c.ko
  LD [M]  drivers/iio/humidity/hts221.ko
  BTF [M] drivers/iio/common/st_sensors/st_sensors.ko
  BTF [M] drivers/iio/humidity/hts221.ko
  LD [M]  drivers/iio/humidity/hts221_i2c.ko
  BTF [M] drivers/iio/humidity/hts221_i2c.ko
  LD [M]  drivers/iio/pressure/st_pressure.ko
  BTF [M] drivers/iio/pressure/st_pressure.ko
  LD [M]  drivers/iio/pressure/st_pressure_i2c.ko
  BTF [M] drivers/iio/pressure/st_pressure_i2c.ko
  LD [M]  drivers/iio/industrialio.ko
  LD [M]  sound/soundcore.ko
  BTF [M] sound/soundcore.ko
  LD [M]  sound/core/snd.ko
  BTF [M] drivers/iio/industrialio.ko
  LD [M]  sound/core/snd-ctl-led.ko
  LD [M]  sound/core/snd-hwdep.ko
  BTF [M] sound/core/snd-hwdep.ko
  BTF [M] sound/core/snd-ctl-led.ko
  BTF [M] sound/core/snd.ko
  LD [M]  sound/core/snd-timer.ko
  BTF [M] sound/core/snd-timer.ko
  LD [M]  sound/core/snd-pcm.ko
  LD [M]  sound/core/snd-rawmidi.ko
  BTF [M] sound/core/snd-pcm.ko
  LD [M]  sound/pci/snd-ens1371.ko
  LD [M]  sound/pci/ac97/snd-ac97-codec.ko
  BTF [M] sound/core/snd-rawmidi.ko
  BTF [M] sound/pci/snd-ens1371.ko
  BTF [M] sound/pci/ac97/snd-ac97-codec.ko
  LD [M]  sound/usb/snd-usb-audio.ko
  LD [M]  sound/usb/snd-usbmidi-lib.ko
  BTF [M] sound/usb/snd-usbmidi-lib.ko
  BTF [M] sound/usb/snd-usb-audio.ko
  LD [M]  sound/soc/snd-soc-core.ko
  LD [M]  sound/hda/core/snd-hda-core.ko
  LD [M]  sound/hda/core/snd-intel-dspcfg.ko
  LD [M]  sound/hda/core/snd-intel-sdw-acpi.ko
  BTF [M] sound/hda/core/snd-intel-dspcfg.ko
  BTF [M] sound/hda/core/snd-intel-sdw-acpi.ko
  BTF [M] sound/hda/core/snd-hda-core.ko
  BTF [M] sound/soc/snd-soc-core.ko
  LD [M]  sound/hda/common/snd-hda-codec.ko
  BTF [M] sound/hda/common/snd-hda-codec.ko
  LD [M]  sound/hda/codecs/hdmi/snd-hda-codec-hdmi.ko
  LD [M]  sound/hda/codecs/hdmi/snd-hda-codec-simplehdmi.ko
  LD [M]  sound/hda/codecs/hdmi/snd-hda-codec-intelhdmi.ko
  BTF [M] sound/hda/codecs/hdmi/snd-hda-codec-simplehdmi.ko
  BTF [M] sound/hda/codecs/hdmi/snd-hda-codec-hdmi.ko
  BTF [M] sound/hda/codecs/hdmi/snd-hda-codec-intelhdmi.ko
  LD [M]  sound/hda/codecs/hdmi/snd-hda-codec-atihdmi.ko
  BTF [M] sound/hda/codecs/hdmi/snd-hda-codec-atihdmi.ko
  LD [M]  sound/hda/codecs/hdmi/snd-hda-codec-nvhdmi.ko
  BTF [M] sound/hda/codecs/hdmi/snd-hda-codec-nvhdmi.ko
  LD [M]  sound/hda/codecs/hdmi/snd-hda-codec-nvhdmi-mcp.ko
  BTF [M] sound/hda/codecs/hdmi/snd-hda-codec-nvhdmi-mcp.ko
  LD [M]  sound/hda/codecs/hdmi/snd-hda-codec-tegrahdmi.ko
  BTF [M] sound/hda/codecs/hdmi/snd-hda-codec-tegrahdmi.ko
  LD [M]  sound/hda/codecs/realtek/snd-hda-codec-realtek-lib.ko
  LD [M]  sound/hda/codecs/realtek/snd-hda-codec-alc260.ko
  LD [M]  sound/hda/codecs/realtek/snd-hda-codec-alc262.ko
  BTF [M] sound/hda/codecs/realtek/snd-hda-codec-realtek-lib.ko
  BTF [M] sound/hda/codecs/realtek/snd-hda-codec-alc260.ko
  LD [M]  sound/hda/codecs/realtek/snd-hda-codec-alc268.ko
  BTF [M] sound/hda/codecs/realtek/snd-hda-codec-alc262.ko
  LD [M]  sound/hda/codecs/realtek/snd-hda-codec-alc269.ko
  LD [M]  sound/hda/codecs/realtek/snd-hda-codec-alc662.ko
  BTF [M] sound/hda/codecs/realtek/snd-hda-codec-alc268.ko
  BTF [M] sound/hda/codecs/realtek/snd-hda-codec-alc662.ko
  LD [M]  sound/hda/codecs/realtek/snd-hda-codec-alc680.ko
  BTF [M] sound/hda/codecs/realtek/snd-hda-codec-alc269.ko
  BTF [M] sound/hda/codecs/realtek/snd-hda-codec-alc680.ko
  LD [M]  sound/hda/codecs/realtek/snd-hda-codec-alc861.ko
  BTF [M] sound/hda/codecs/realtek/snd-hda-codec-alc861.ko
  LD [M]  sound/hda/codecs/realtek/snd-hda-codec-alc861vd.ko
  BTF [M] sound/hda/codecs/realtek/snd-hda-codec-alc861vd.ko
  LD [M]  sound/hda/codecs/realtek/snd-hda-codec-alc880.ko
  BTF [M] sound/hda/codecs/realtek/snd-hda-codec-alc880.ko
  LD [M]  sound/hda/codecs/realtek/snd-hda-codec-alc882.ko
  LD [M]  sound/hda/codecs/side-codecs/snd-hda-scodec-component.ko
  BTF [M] sound/hda/codecs/realtek/snd-hda-codec-alc882.ko
  BTF [M] sound/hda/codecs/side-codecs/snd-hda-scodec-component.ko
  LD [M]  sound/hda/codecs/snd-hda-codec-generic.ko
  LD [M]  sound/hda/controllers/snd-hda-intel.ko
  LD [M]  sound/ac97_bus.ko
  BTF [M] sound/hda/codecs/snd-hda-codec-generic.ko
  BTF [M] sound/ac97_bus.ko
  LD [M]  net/802/psnap.ko
  LD [M]  net/802/stp.ko
  BTF [M] sound/hda/controllers/snd-hda-intel.ko
  BTF [M] net/802/stp.ko
  BTF [M] net/802/psnap.ko
  LD [M]  net/802/garp.ko
  LD [M]  net/802/mrp.ko
  BTF [M] net/802/garp.ko
  BTF [M] net/802/mrp.ko
  LD [M]  net/sched/act_police.ko
  BTF [M] net/sched/act_police.ko
  LD [M]  net/sched/act_gact.ko
  LD [M]  net/sched/act_mirred.ko
  BTF [M] net/sched/act_gact.ko
  BTF [M] net/sched/act_mirred.ko
  LD [M]  net/sched/act_nat.ko
  BTF [M] net/sched/act_nat.ko
  LD [M]  net/sched/act_pedit.ko
  BTF [M] net/sched/act_pedit.ko
  LD [M]  net/sched/act_skbedit.ko
  BTF [M] net/sched/act_skbedit.ko
  LD [M]  net/sched/act_csum.ko
  BTF [M] net/sched/act_csum.ko
  LD [M]  net/sched/act_bpf.ko
  LD [M]  net/sched/act_tunnel_key.ko
  LD [M]  net/sched/sch_htb.ko
  BTF [M] net/sched/act_bpf.ko
  LD [M]  net/sched/sch_hfsc.ko
  BTF [M] net/sched/act_tunnel_key.ko
  BTF [M] net/sched/sch_htb.ko
  BTF [M] net/sched/sch_hfsc.ko
  LD [M]  net/sched/sch_red.ko
  BTF [M] net/sched/sch_red.ko
  LD [M]  net/sched/sch_gred.ko
  BTF [M] net/sched/sch_gred.ko
  LD [M]  net/sched/sch_ingress.ko
  LD [M]  net/sched/sch_sfb.ko
  BTF [M] net/sched/sch_ingress.ko
  BTF [M] net/sched/sch_sfb.ko
  LD [M]  net/sched/sch_sfq.ko
  LD [M]  net/sched/sch_tbf.ko
  LD [M]  net/sched/sch_teql.ko
  LD [M]  net/sched/sch_prio.ko
  BTF [M] net/sched/sch_sfq.ko
  BTF [M] net/sched/sch_tbf.ko
  BTF [M] net/sched/sch_teql.ko
  BTF [M] net/sched/sch_prio.ko
  LD [M]  net/sched/sch_multiq.ko
  LD [M]  net/sched/sch_netem.ko
  BTF [M] net/sched/sch_multiq.ko
  BTF [M] net/sched/sch_netem.ko
  LD [M]  net/sched/sch_drr.ko
  LD [M]  net/sched/sch_plug.ko
  BTF [M] net/sched/sch_plug.ko
  BTF [M] net/sched/sch_drr.ko
  LD [M]  net/sched/sch_mqprio.ko
  BTF [M] net/sched/sch_mqprio.ko
  LD [M]  net/sched/sch_mqprio_lib.ko
  LD [M]  net/sched/sch_choke.ko
  BTF [M] net/sched/sch_choke.ko
  BTF [M] net/sched/sch_mqprio_lib.ko
  LD [M]  net/sched/sch_qfq.ko
  LD [M]  net/sched/sch_codel.ko
  BTF [M] net/sched/sch_qfq.ko
  BTF [M] net/sched/sch_codel.ko
  LD [M]  net/sched/sch_fq_codel.ko
  LD [M]  net/sched/sch_fq.ko
  BTF [M] net/sched/sch_fq_codel.ko
  LD [M]  net/sched/sch_etf.ko
  BTF [M] net/sched/sch_fq.ko
  BTF [M] net/sched/sch_etf.ko
  LD [M]  net/sched/cls_u32.ko
  LD [M]  net/sched/cls_route.ko
  LD [M]  net/sched/cls_fw.ko
  BTF [M] net/sched/cls_u32.ko
  BTF [M] net/sched/cls_route.ko
  BTF [M] net/sched/cls_fw.ko
  LD [M]  net/sched/cls_basic.ko
  LD [M]  net/sched/cls_flow.ko
  LD [M]  net/sched/cls_cgroup.ko
  BTF [M] net/sched/cls_basic.ko
  LD [M]  net/sched/cls_bpf.ko
  BTF [M] net/sched/cls_flow.ko
  LD [M]  net/sched/cls_flower.ko
  BTF [M] net/sched/cls_cgroup.ko
  BTF [M] net/sched/cls_bpf.ko
  BTF [M] net/sched/cls_flower.ko
  LD [M]  net/sched/cls_matchall.ko
  BTF [M] net/sched/cls_matchall.ko
  LD [M]  net/sched/em_cmp.ko
  BTF [M] net/sched/em_cmp.ko
  LD [M]  net/sched/em_nbyte.ko
  BTF [M] net/sched/em_nbyte.ko
  LD [M]  net/sched/em_u32.ko
  BTF [M] net/sched/em_u32.ko
  LD [M]  net/sched/em_meta.ko
  LD [M]  net/sched/em_text.ko
  BTF [M] net/sched/em_text.ko
  BTF [M] net/sched/em_meta.ko
  LD [M]  net/sched/em_ipset.ko
  LD [M]  net/netfilter/nfnetlink_acct.ko
  LD [M]  net/netfilter/nfnetlink_queue.ko
  LD [M]  net/netfilter/nfnetlink_osf.ko
  BTF [M] net/sched/em_ipset.ko
  BTF [M] net/netfilter/nfnetlink_acct.ko
  BTF [M] net/netfilter/nfnetlink_osf.ko
  BTF [M] net/netfilter/nfnetlink_queue.ko
  LD [M]  net/netfilter/nf_conntrack_netlink.ko
  BTF [M] net/netfilter/nf_conntrack_netlink.ko
  LD [M]  net/netfilter/nfnetlink_cttimeout.ko
  BTF [M] net/netfilter/nfnetlink_cttimeout.ko
  LD [M]  net/netfilter/nf_conntrack_amanda.ko
  BTF [M] net/netfilter/nf_conntrack_amanda.ko
  LD [M]  net/netfilter/nf_conntrack_ftp.ko
  LD [M]  net/netfilter/nf_conntrack_h323.ko
  BTF [M] net/netfilter/nf_conntrack_ftp.ko
  BTF [M] net/netfilter/nf_conntrack_h323.ko
  LD [M]  net/netfilter/nf_conntrack_irc.ko
  LD [M]  net/netfilter/nf_conntrack_broadcast.ko
  BTF [M] net/netfilter/nf_conntrack_irc.ko
  BTF [M] net/netfilter/nf_conntrack_broadcast.ko
  LD [M]  net/netfilter/nf_conntrack_netbios_ns.ko
  LD [M]  net/netfilter/nf_conntrack_snmp.ko
  BTF [M] net/netfilter/nf_conntrack_netbios_ns.ko
  LD [M]  net/netfilter/nf_conntrack_pptp.ko
  LD [M]  net/netfilter/nf_conntrack_sane.ko
  BTF [M] net/netfilter/nf_conntrack_snmp.ko
  BTF [M] net/netfilter/nf_conntrack_pptp.ko
  BTF [M] net/netfilter/nf_conntrack_sane.ko
  LD [M]  net/netfilter/nf_conntrack_sip.ko
  LD [M]  net/netfilter/nf_conntrack_tftp.ko
  BTF [M] net/netfilter/nf_conntrack_tftp.ko
  BTF [M] net/netfilter/nf_conntrack_sip.ko
  LD [M]  net/netfilter/nf_log_syslog.ko
  BTF [M] net/netfilter/nf_log_syslog.ko
  LD [M]  net/netfilter/nf_nat_amanda.ko
  LD [M]  net/netfilter/nf_nat_ftp.ko
  BTF [M] net/netfilter/nf_nat_amanda.ko
  LD [M]  net/netfilter/nf_nat_irc.ko
  BTF [M] net/netfilter/nf_nat_ftp.ko
  BTF [M] net/netfilter/nf_nat_irc.ko
  LD [M]  net/netfilter/nf_nat_sip.ko
  BTF [M] net/netfilter/nf_nat_sip.ko
  LD [M]  net/netfilter/nf_nat_tftp.ko
  LD [M]  net/netfilter/nf_synproxy_core.ko
  BTF [M] net/netfilter/nf_nat_tftp.ko
  LD [M]  net/netfilter/nf_conncount.ko
  LD [M]  net/netfilter/nft_compat.ko
  BTF [M] net/netfilter/nf_synproxy_core.ko
  BTF [M] net/netfilter/nf_conncount.ko
  BTF [M] net/netfilter/nft_compat.ko
  LD [M]  net/netfilter/nft_connlimit.ko
  LD [M]  net/netfilter/nft_numgen.ko
  BTF [M] net/netfilter/nft_connlimit.ko
  BTF [M] net/netfilter/nft_numgen.ko
  LD [M]  net/netfilter/nft_ct.ko
  BTF [M] net/netfilter/nft_ct.ko
  LD [M]  net/netfilter/nft_limit.ko
  LD [M]  net/netfilter/nft_queue.ko
  BTF [M] net/netfilter/nft_limit.ko
  BTF [M] net/netfilter/nft_queue.ko
  LD [M]  net/netfilter/nft_quota.ko
  BTF [M] net/netfilter/nft_quota.ko
  LD [M]  net/netfilter/nft_reject.ko
  BTF [M] net/netfilter/nft_reject.ko
  LD [M]  net/netfilter/nft_reject_inet.ko
  LD [M]  net/netfilter/nft_tunnel.ko
  BTF [M] net/netfilter/nft_reject_inet.ko
  LD [M]  net/netfilter/nft_log.ko
  LD [M]  net/netfilter/nft_redir.ko
  BTF [M] net/netfilter/nft_tunnel.ko
  LD [M]  net/netfilter/nft_hash.ko
  LD [M]  net/netfilter/nft_fib.ko
  BTF [M] net/netfilter/nft_redir.ko
  BTF [M] net/netfilter/nft_log.ko
  BTF [M] net/netfilter/nft_hash.ko
  BTF [M] net/netfilter/nft_fib.ko
  LD [M]  net/netfilter/nft_fib_inet.ko
  LD [M]  net/netfilter/nft_fib_netdev.ko
  BTF [M] net/netfilter/nft_fib_inet.ko
  BTF [M] net/netfilter/nft_fib_netdev.ko
  LD [M]  net/netfilter/nft_tproxy.ko
  BTF [M] net/netfilter/nft_tproxy.ko
  LD [M]  net/netfilter/xt_mark.ko
  BTF [M] net/netfilter/xt_mark.ko
  LD [M]  net/netfilter/xt_connmark.ko
  BTF [M] net/netfilter/xt_connmark.ko
  LD [M]  net/netfilter/xt_set.ko
  BTF [M] net/netfilter/xt_set.ko
  LD [M]  net/netfilter/xt_nat.ko
  LD [M]  net/netfilter/xt_AUDIT.ko
  BTF [M] net/netfilter/xt_nat.ko
  BTF [M] net/netfilter/xt_AUDIT.ko
  LD [M]  net/netfilter/xt_CHECKSUM.ko
  LD [M]  net/netfilter/xt_CLASSIFY.ko
  LD [M]  net/netfilter/xt_CONNSECMARK.ko
  BTF [M] net/netfilter/xt_CHECKSUM.ko
  BTF [M] net/netfilter/xt_CLASSIFY.ko
  BTF [M] net/netfilter/xt_CONNSECMARK.ko
  LD [M]  net/netfilter/xt_CT.ko
  LD [M]  net/netfilter/xt_DSCP.ko
  BTF [M] net/netfilter/xt_CT.ko
  BTF [M] net/netfilter/xt_DSCP.ko
  LD [M]  net/netfilter/xt_HL.ko
  LD [M]  net/netfilter/xt_HMARK.ko
  BTF [M] net/netfilter/xt_HL.ko
  BTF [M] net/netfilter/xt_HMARK.ko
  LD [M]  net/netfilter/xt_LOG.ko
  BTF [M] net/netfilter/xt_LOG.ko
  LD [M]  net/netfilter/xt_NETMAP.ko
  BTF [M] net/netfilter/xt_NETMAP.ko
  LD [M]  net/netfilter/xt_NFLOG.ko
  LD [M]  net/netfilter/xt_NFQUEUE.ko
  LD [M]  net/netfilter/xt_REDIRECT.ko
  BTF [M] net/netfilter/xt_NFLOG.ko
  BTF [M] net/netfilter/xt_NFQUEUE.ko
  BTF [M] net/netfilter/xt_REDIRECT.ko
  LD [M]  net/netfilter/xt_MASQUERADE.ko
  LD [M]  net/netfilter/xt_SECMARK.ko
  BTF [M] net/netfilter/xt_MASQUERADE.ko
  BTF [M] net/netfilter/xt_SECMARK.ko
  LD [M]  net/netfilter/xt_TPROXY.ko
  BTF [M] net/netfilter/xt_TPROXY.ko
  LD [M]  net/netfilter/xt_TCPOPTSTRIP.ko
  BTF [M] net/netfilter/xt_TCPOPTSTRIP.ko
  LD [M]  net/netfilter/xt_TEE.ko
  LD [M]  net/netfilter/xt_TRACE.ko
  BTF [M] net/netfilter/xt_TEE.ko
  BTF [M] net/netfilter/xt_TRACE.ko
  LD [M]  net/netfilter/xt_IDLETIMER.ko
  BTF [M] net/netfilter/xt_IDLETIMER.ko
  LD [M]  net/netfilter/xt_addrtype.ko
  LD [M]  net/netfilter/xt_bpf.ko
  BTF [M] net/netfilter/xt_addrtype.ko
  BTF [M] net/netfilter/xt_bpf.ko
  LD [M]  net/netfilter/xt_cluster.ko
  LD [M]  net/netfilter/xt_comment.ko
  LD [M]  net/netfilter/xt_connbytes.ko
  BTF [M] net/netfilter/xt_cluster.ko
  BTF [M] net/netfilter/xt_comment.ko
  LD [M]  net/netfilter/xt_connlabel.ko
  BTF [M] net/netfilter/xt_connbytes.ko
  BTF [M] net/netfilter/xt_connlabel.ko
  LD [M]  net/netfilter/xt_connlimit.ko
  BTF [M] net/netfilter/xt_connlimit.ko
  LD [M]  net/netfilter/xt_conntrack.ko
  LD [M]  net/netfilter/xt_cpu.ko
  BTF [M] net/netfilter/xt_conntrack.ko
  BTF [M] net/netfilter/xt_cpu.ko
  LD [M]  net/netfilter/xt_dccp.ko
  BTF [M] net/netfilter/xt_dccp.ko
  LD [M]  net/netfilter/xt_devgroup.ko
  BTF [M] net/netfilter/xt_devgroup.ko
  LD [M]  net/netfilter/xt_ecn.ko
  BTF [M] net/netfilter/xt_ecn.ko
  LD [M]  net/netfilter/xt_esp.ko
  BTF [M] net/netfilter/xt_esp.ko
  LD [M]  net/netfilter/xt_hashlimit.ko
  BTF [M] net/netfilter/xt_hashlimit.ko
  LD [M]  net/netfilter/xt_helper.ko
  LD [M]  net/netfilter/xt_ipcomp.ko
  LD [M]  net/netfilter/xt_iprange.ko
  BTF [M] net/netfilter/xt_helper.ko
  BTF [M] net/netfilter/xt_ipcomp.ko
  BTF [M] net/netfilter/xt_iprange.ko
  LD [M]  net/netfilter/xt_ipvs.ko
  BTF [M] net/netfilter/xt_ipvs.ko
  LD [M]  net/netfilter/xt_length.ko
  BTF [M] net/netfilter/xt_length.ko
  LD [M]  net/netfilter/xt_limit.ko
  BTF [M] net/netfilter/xt_limit.ko
  LD [M]  net/netfilter/xt_mac.ko
  LD [M]  net/netfilter/xt_multiport.ko
  BTF [M] net/netfilter/xt_mac.ko
  BTF [M] net/netfilter/xt_multiport.ko
  LD [M]  net/netfilter/xt_nfacct.ko
  BTF [M] net/netfilter/xt_nfacct.ko
  LD [M]  net/netfilter/xt_osf.ko
  LD [M]  net/netfilter/xt_owner.ko
  BTF [M] net/netfilter/xt_osf.ko
  LD [M]  net/netfilter/xt_cgroup.ko
  BTF [M] net/netfilter/xt_owner.ko
  BTF [M] net/netfilter/xt_cgroup.ko
  LD [M]  net/netfilter/xt_physdev.ko
  LD [M]  net/netfilter/xt_pkttype.ko
  BTF [M] net/netfilter/xt_physdev.ko
  BTF [M] net/netfilter/xt_pkttype.ko
  LD [M]  net/netfilter/xt_policy.ko
  BTF [M] net/netfilter/xt_policy.ko
  LD [M]  net/netfilter/xt_quota.ko
  LD [M]  net/netfilter/xt_realm.ko
  BTF [M] net/netfilter/xt_quota.ko
  BTF [M] net/netfilter/xt_realm.ko
  LD [M]  net/netfilter/xt_recent.ko
  LD [M]  net/netfilter/xt_sctp.ko
  BTF [M] net/netfilter/xt_recent.ko
  BTF [M] net/netfilter/xt_sctp.ko
  LD [M]  net/netfilter/xt_socket.ko
  LD [M]  net/netfilter/xt_state.ko
  BTF [M] net/netfilter/xt_socket.ko
  BTF [M] net/netfilter/xt_state.ko
  LD [M]  net/netfilter/xt_statistic.ko
  LD [M]  net/netfilter/xt_string.ko
  BTF [M] net/netfilter/xt_statistic.ko
  BTF [M] net/netfilter/xt_string.ko
  LD [M]  net/netfilter/xt_tcpmss.ko
  BTF [M] net/netfilter/xt_tcpmss.ko
  LD [M]  net/netfilter/xt_time.ko
  BTF [M] net/netfilter/xt_time.ko
  LD [M]  net/netfilter/xt_u32.ko
  LD [M]  net/netfilter/ipset/ip_set.ko
  BTF [M] net/netfilter/xt_u32.ko
  BTF [M] net/netfilter/ipset/ip_set.ko
  LD [M]  net/netfilter/ipset/ip_set_bitmap_ip.ko
  BTF [M] net/netfilter/ipset/ip_set_bitmap_ip.ko
  LD [M]  net/netfilter/ipset/ip_set_bitmap_ipmac.ko
  BTF [M] net/netfilter/ipset/ip_set_bitmap_ipmac.ko
  LD [M]  net/netfilter/ipset/ip_set_bitmap_port.ko
  BTF [M] net/netfilter/ipset/ip_set_bitmap_port.ko
  LD [M]  net/netfilter/ipset/ip_set_hash_ip.ko
  LD [M]  net/netfilter/ipset/ip_set_hash_ipmac.ko
  BTF [M] net/netfilter/ipset/ip_set_hash_ip.ko
  LD [M]  net/netfilter/ipset/ip_set_hash_ipmark.ko
  LD [M]  net/netfilter/ipset/ip_set_hash_ipport.ko
  BTF [M] net/netfilter/ipset/ip_set_hash_ipmac.ko
  BTF [M] net/netfilter/ipset/ip_set_hash_ipmark.ko
  BTF [M] net/netfilter/ipset/ip_set_hash_ipport.ko
  LD [M]  net/netfilter/ipset/ip_set_hash_ipportip.ko
  BTF [M] net/netfilter/ipset/ip_set_hash_ipportip.ko
  LD [M]  net/netfilter/ipset/ip_set_hash_ipportnet.ko
  BTF [M] net/netfilter/ipset/ip_set_hash_ipportnet.ko
  LD [M]  net/netfilter/ipset/ip_set_hash_mac.ko
  LD [M]  net/netfilter/ipset/ip_set_hash_net.ko
  BTF [M] net/netfilter/ipset/ip_set_hash_mac.ko
  BTF [M] net/netfilter/ipset/ip_set_hash_net.ko
  LD [M]  net/netfilter/ipset/ip_set_hash_netport.ko
  BTF [M] net/netfilter/ipset/ip_set_hash_netport.ko
  LD [M]  net/netfilter/ipset/ip_set_hash_netiface.ko
  BTF [M] net/netfilter/ipset/ip_set_hash_netiface.ko
  LD [M]  net/netfilter/ipset/ip_set_hash_netnet.ko
  BTF [M] net/netfilter/ipset/ip_set_hash_netnet.ko
  LD [M]  net/netfilter/ipset/ip_set_hash_netportnet.ko
  BTF [M] net/netfilter/ipset/ip_set_hash_netportnet.ko
  LD [M]  net/netfilter/ipset/ip_set_list_set.ko
  LD [M]  net/netfilter/ipvs/ip_vs.ko
  BTF [M] net/netfilter/ipset/ip_set_list_set.ko
  LD [M]  net/netfilter/ipvs/ip_vs_rr.ko
  BTF [M] net/netfilter/ipvs/ip_vs_rr.ko
  LD [M]  net/netfilter/ipvs/ip_vs_wrr.ko
  BTF [M] net/netfilter/ipvs/ip_vs.ko
  BTF [M] net/netfilter/ipvs/ip_vs_wrr.ko
  LD [M]  net/netfilter/ipvs/ip_vs_lc.ko
  BTF [M] net/netfilter/ipvs/ip_vs_lc.ko
  LD [M]  net/netfilter/ipvs/ip_vs_lblc.ko
  LD [M]  net/netfilter/ipvs/ip_vs_wlc.ko
  BTF [M] net/netfilter/ipvs/ip_vs_lblc.ko
  BTF [M] net/netfilter/ipvs/ip_vs_wlc.ko
  LD [M]  net/netfilter/ipvs/ip_vs_lblcr.ko
  LD [M]  net/netfilter/ipvs/ip_vs_dh.ko
  LD [M]  net/netfilter/ipvs/ip_vs_sh.ko
  BTF [M] net/netfilter/ipvs/ip_vs_lblcr.ko
  BTF [M] net/netfilter/ipvs/ip_vs_dh.ko
  BTF [M] net/netfilter/ipvs/ip_vs_sh.ko
  LD [M]  net/netfilter/ipvs/ip_vs_mh.ko
  BTF [M] net/netfilter/ipvs/ip_vs_mh.ko
  LD [M]  net/netfilter/ipvs/ip_vs_sed.ko
  BTF [M] net/netfilter/ipvs/ip_vs_sed.ko
  LD [M]  net/netfilter/ipvs/ip_vs_nq.ko
  LD [M]  net/netfilter/ipvs/ip_vs_ftp.ko
  BTF [M] net/netfilter/ipvs/ip_vs_nq.ko
  BTF [M] net/netfilter/ipvs/ip_vs_ftp.ko
  LD [M]  net/netfilter/ipvs/ip_vs_pe_sip.ko
  BTF [M] net/netfilter/ipvs/ip_vs_pe_sip.ko
  LD [M]  net/ipv4/netfilter/nf_socket_ipv4.ko
  LD [M]  net/ipv4/netfilter/nf_tproxy_ipv4.ko
  BTF [M] net/ipv4/netfilter/nf_socket_ipv4.ko
  BTF [M] net/ipv4/netfilter/nf_tproxy_ipv4.ko
  LD [M]  net/ipv4/netfilter/nf_reject_ipv4.ko
  BTF [M] net/ipv4/netfilter/nf_reject_ipv4.ko
  LD [M]  net/ipv4/netfilter/nf_nat_h323.ko
  BTF [M] net/ipv4/netfilter/nf_nat_h323.ko
  LD [M]  net/ipv4/netfilter/nf_nat_pptp.ko
  LD [M]  net/ipv4/netfilter/nf_nat_snmp_basic.ko
  LD [M]  net/ipv4/netfilter/nft_reject_ipv4.ko
  BTF [M] net/ipv4/netfilter/nf_nat_pptp.ko
  BTF [M] net/ipv4/netfilter/nf_nat_snmp_basic.ko
  BTF [M] net/ipv4/netfilter/nft_reject_ipv4.ko
  LD [M]  net/ipv4/netfilter/nft_fib_ipv4.ko
  BTF [M] net/ipv4/netfilter/nft_fib_ipv4.ko
  LD [M]  net/ipv4/netfilter/nft_dup_ipv4.ko
  BTF [M] net/ipv4/netfilter/nft_dup_ipv4.ko
  LD [M]  net/ipv4/netfilter/ip_tables.ko
  LD [M]  net/ipv4/netfilter/iptable_filter.ko
  LD [M]  net/ipv4/netfilter/iptable_mangle.ko
  BTF [M] net/ipv4/netfilter/ip_tables.ko
  BTF [M] net/ipv4/netfilter/iptable_filter.ko
  BTF [M] net/ipv4/netfilter/iptable_mangle.ko
  LD [M]  net/ipv4/netfilter/iptable_nat.ko
  BTF [M] net/ipv4/netfilter/iptable_nat.ko
  LD [M]  net/ipv4/netfilter/iptable_raw.ko
  LD [M]  net/ipv4/netfilter/iptable_security.ko
  BTF [M] net/ipv4/netfilter/iptable_raw.ko
  BTF [M] net/ipv4/netfilter/iptable_security.ko
  LD [M]  net/ipv4/netfilter/ipt_ah.ko
  BTF [M] net/ipv4/netfilter/ipt_ah.ko
  LD [M]  net/ipv4/netfilter/ipt_rpfilter.ko
  BTF [M] net/ipv4/netfilter/ipt_rpfilter.ko
  LD [M]  net/ipv4/netfilter/ipt_ECN.ko
  LD [M]  net/ipv4/netfilter/ipt_REJECT.ko
  BTF [M] net/ipv4/netfilter/ipt_ECN.ko
  BTF [M] net/ipv4/netfilter/ipt_REJECT.ko
  LD [M]  net/ipv4/netfilter/ipt_SYNPROXY.ko
  BTF [M] net/ipv4/netfilter/ipt_SYNPROXY.ko
  LD [M]  net/ipv4/netfilter/arp_tables.ko
  BTF [M] net/ipv4/netfilter/arp_tables.ko
  LD [M]  net/ipv4/netfilter/arpt_mangle.ko
  LD [M]  net/ipv4/netfilter/arptable_filter.ko
  BTF [M] net/ipv4/netfilter/arpt_mangle.ko
  BTF [M] net/ipv4/netfilter/arptable_filter.ko
  LD [M]  net/ipv4/netfilter/nf_dup_ipv4.ko
  BTF [M] net/ipv4/netfilter/nf_dup_ipv4.ko
  LD [M]  net/ipv4/ipip.ko
  BTF [M] net/ipv4/ipip.ko
  LD [M]  net/ipv4/fou.ko
  LD [M]  net/ipv4/gre.ko
  BTF [M] net/ipv4/fou.ko
  BTF [M] net/ipv4/gre.ko
  LD [M]  net/ipv4/ip_gre.ko
  BTF [M] net/ipv4/ip_gre.ko
  LD [M]  net/ipv4/ip_vti.ko
  LD [M]  net/ipv4/ah4.ko
  BTF [M] net/ipv4/ip_vti.ko
  LD [M]  net/ipv4/esp4.ko
  BTF [M] net/ipv4/ah4.ko
  BTF [M] net/ipv4/esp4.ko
  LD [M]  net/ipv4/esp4_offload.ko
  LD [M]  net/ipv4/ipcomp.ko
  BTF [M] net/ipv4/esp4_offload.ko
  LD [M]  net/ipv4/xfrm4_tunnel.ko
  BTF [M] net/ipv4/ipcomp.ko
  LD [M]  net/ipv4/tunnel4.ko
  BTF [M] net/ipv4/xfrm4_tunnel.ko
  BTF [M] net/ipv4/tunnel4.ko
  LD [M]  net/ipv4/tcp_bbr.ko
  BTF [M] net/ipv4/tcp_bbr.ko
  LD [M]  net/ipv4/tcp_bic.ko
  BTF [M] net/ipv4/tcp_bic.ko
  LD [M]  net/ipv4/tcp_cdg.ko
  LD [M]  net/ipv4/tcp_dctcp.ko
  BTF [M] net/ipv4/tcp_cdg.ko
  BTF [M] net/ipv4/tcp_dctcp.ko
  LD [M]  net/ipv4/tcp_westwood.ko
  BTF [M] net/ipv4/tcp_westwood.ko
  LD [M]  net/ipv4/tcp_highspeed.ko
  LD [M]  net/ipv4/tcp_hybla.ko
  LD [M]  net/ipv4/tcp_htcp.ko
  BTF [M] net/ipv4/tcp_highspeed.ko
  BTF [M] net/ipv4/tcp_hybla.ko
  BTF [M] net/ipv4/tcp_htcp.ko
  LD [M]  net/ipv4/tcp_vegas.ko
  LD [M]  net/ipv4/tcp_nv.ko
  BTF [M] net/ipv4/tcp_nv.ko
  BTF [M] net/ipv4/tcp_vegas.ko
  LD [M]  net/ipv4/tcp_veno.ko
  BTF [M] net/ipv4/tcp_veno.ko
  LD [M]  net/ipv4/tcp_scalable.ko
  LD [M]  net/ipv4/tcp_lp.ko
  BTF [M] net/ipv4/tcp_scalable.ko
  LD [M]  net/ipv4/tcp_yeah.ko
  BTF [M] net/ipv4/tcp_lp.ko
  BTF [M] net/ipv4/tcp_yeah.ko
  LD [M]  net/ipv4/tcp_illinois.ko
  BTF [M] net/ipv4/tcp_illinois.ko
  LD [M]  net/xfrm/xfrm_algo.ko
  BTF [M] net/xfrm/xfrm_algo.ko
  LD [M]  net/xfrm/xfrm_user.ko
  LD [M]  net/xfrm/xfrm_ipcomp.ko
  BTF [M] net/xfrm/xfrm_ipcomp.ko
  BTF [M] net/xfrm/xfrm_user.ko
  LD [M]  net/unix/unix_diag.ko
  LD [M]  net/ipv6/netfilter/ip6_tables.ko
  BTF [M] net/unix/unix_diag.ko
  LD [M]  net/ipv6/netfilter/ip6table_filter.ko
  BTF [M] net/ipv6/netfilter/ip6_tables.ko
  BTF [M] net/ipv6/netfilter/ip6table_filter.ko
  LD [M]  net/ipv6/netfilter/ip6table_mangle.ko
  BTF [M] net/ipv6/netfilter/ip6table_mangle.ko
  LD [M]  net/ipv6/netfilter/ip6table_raw.ko
  BTF [M] net/ipv6/netfilter/ip6table_raw.ko
  LD [M]  net/ipv6/netfilter/ip6table_security.ko
  LD [M]  net/ipv6/netfilter/ip6table_nat.ko
  BTF [M] net/ipv6/netfilter/ip6table_security.ko
  BTF [M] net/ipv6/netfilter/ip6table_nat.ko
  LD [M]  net/ipv6/netfilter/nf_socket_ipv6.ko
  BTF [M] net/ipv6/netfilter/nf_socket_ipv6.ko
  LD [M]  net/ipv6/netfilter/nf_tproxy_ipv6.ko
  BTF [M] net/ipv6/netfilter/nf_tproxy_ipv6.ko
  LD [M]  net/ipv6/netfilter/nf_reject_ipv6.ko
  BTF [M] net/ipv6/netfilter/nf_reject_ipv6.ko
  LD [M]  net/ipv6/netfilter/nf_dup_ipv6.ko
  LD [M]  net/ipv6/netfilter/nft_reject_ipv6.ko
  LD [M]  net/ipv6/netfilter/nft_dup_ipv6.ko
  LD [M]  net/ipv6/netfilter/nft_fib_ipv6.ko
  BTF [M] net/ipv6/netfilter/nf_dup_ipv6.ko
  BTF [M] net/ipv6/netfilter/nft_reject_ipv6.ko
  BTF [M] net/ipv6/netfilter/nft_dup_ipv6.ko
  BTF [M] net/ipv6/netfilter/nft_fib_ipv6.ko
  LD [M]  net/ipv6/netfilter/ip6t_ah.ko
  BTF [M] net/ipv6/netfilter/ip6t_ah.ko
  LD [M]  net/ipv6/netfilter/ip6t_eui64.ko
  BTF [M] net/ipv6/netfilter/ip6t_eui64.ko
  LD [M]  net/ipv6/netfilter/ip6t_frag.ko
  BTF [M] net/ipv6/netfilter/ip6t_frag.ko
  LD [M]  net/ipv6/netfilter/ip6t_ipv6header.ko
  BTF [M] net/ipv6/netfilter/ip6t_ipv6header.ko
  LD [M]  net/ipv6/netfilter/ip6t_mh.ko
  BTF [M] net/ipv6/netfilter/ip6t_mh.ko
  LD [M]  net/ipv6/netfilter/ip6t_hbh.ko
  BTF [M] net/ipv6/netfilter/ip6t_hbh.ko
  LD [M]  net/ipv6/netfilter/ip6t_rpfilter.ko
  BTF [M] net/ipv6/netfilter/ip6t_rpfilter.ko
  LD [M]  net/ipv6/netfilter/ip6t_rt.ko
  BTF [M] net/ipv6/netfilter/ip6t_rt.ko
  LD [M]  net/ipv6/netfilter/ip6t_NPT.ko
  LD [M]  net/ipv6/netfilter/ip6t_REJECT.ko
  BTF [M] net/ipv6/netfilter/ip6t_REJECT.ko
  BTF [M] net/ipv6/netfilter/ip6t_NPT.ko
  LD [M]  net/ipv6/netfilter/ip6t_SYNPROXY.ko
  BTF [M] net/ipv6/netfilter/ip6t_SYNPROXY.ko
  LD [M]  net/ipv6/ah6.ko
  BTF [M] net/ipv6/ah6.ko
  LD [M]  net/ipv6/esp6.ko
  BTF [M] net/ipv6/esp6.ko
  LD [M]  net/ipv6/esp6_offload.ko
  BTF [M] net/ipv6/esp6_offload.ko
  LD [M]  net/ipv6/ipcomp6.ko
  BTF [M] net/ipv6/ipcomp6.ko
  LD [M]  net/ipv6/xfrm6_tunnel.ko
  LD [M]  net/ipv6/tunnel6.ko
  BTF [M] net/ipv6/xfrm6_tunnel.ko
  BTF [M] net/ipv6/tunnel6.ko
  LD [M]  net/ipv6/mip6.ko
  BTF [M] net/ipv6/mip6.ko
  LD [M]  net/ipv6/ip6_vti.ko
  LD [M]  net/ipv6/sit.ko
  BTF [M] net/ipv6/ip6_vti.ko
  BTF [M] net/ipv6/sit.ko
  LD [M]  net/ipv6/ip6_tunnel.ko
  LD [M]  net/ipv6/ip6_gre.ko
  BTF [M] net/ipv6/ip6_tunnel.ko
  LD [M]  net/ipv6/fou6.ko
  BTF [M] net/ipv6/ip6_gre.ko
  BTF [M] net/ipv6/fou6.ko
  LD [M]  net/packet/af_packet_diag.ko
  LD [M]  net/8021q/8021q.ko
  BTF [M] net/packet/af_packet_diag.ko
  BTF [M] net/8021q/8021q.ko
  LD [M]  net/wireless/cfg80211.ko
  LD [M]  net/vmw_vsock/vsock_diag.ko
  LD [M]  net/vmw_vsock/vmw_vsock_vmci_transport.ko
  BTF [M] net/vmw_vsock/vsock_diag.ko
  LD [M]  net/vmw_vsock/vmw_vsock_virtio_transport.ko
  BTF [M] net/vmw_vsock/vmw_vsock_vmci_transport.ko
  BTF [M] net/vmw_vsock/vmw_vsock_virtio_transport.ko
  LD [M]  net/vmw_vsock/vmw_vsock_virtio_transport_common.ko
  BTF [M] net/vmw_vsock/vmw_vsock_virtio_transport_common.ko
  BTF [M] net/wireless/cfg80211.ko
  LD [M]  net/vmw_vsock/vsock_loopback.ko
  LD [M]  net/mpls/mpls_gso.ko
  BTF [M] net/vmw_vsock/vsock_loopback.ko
  LD [M]  net/xdp/xsk_diag.ko
  BTF [M] net/mpls/mpls_gso.ko
  BTF [M] net/xdp/xsk_diag.ko
  LD [M]  net/llc/llc.ko
  BTF [M] net/llc/llc.ko
  LD [M]  net/tls/tls.ko
  LD [M]  net/key/af_key.ko
  BTF [M] net/tls/tls.ko
  BTF [M] net/key/af_key.ko
  LD [M]  net/bridge/netfilter/ebt_802_3.ko
  LD [M]  net/bridge/netfilter/ebt_among.ko
  LD [M]  net/bridge/netfilter/ebt_arp.ko
  BTF [M] net/bridge/netfilter/ebt_802_3.ko
  BTF [M] net/bridge/netfilter/ebt_among.ko
  BTF [M] net/bridge/netfilter/ebt_arp.ko
  LD [M]  net/bridge/netfilter/ebt_ip.ko
  BTF [M] net/bridge/netfilter/ebt_ip.ko
  LD [M]  net/bridge/netfilter/ebt_ip6.ko
  BTF [M] net/bridge/netfilter/ebt_ip6.ko
  LD [M]  net/bridge/netfilter/ebt_limit.ko
  BTF [M] net/bridge/netfilter/ebt_limit.ko
  LD [M]  net/bridge/netfilter/ebt_mark_m.ko
  LD [M]  net/bridge/netfilter/ebt_pkttype.ko
  BTF [M] net/bridge/netfilter/ebt_mark_m.ko
  BTF [M] net/bridge/netfilter/ebt_pkttype.ko
  LD [M]  net/bridge/netfilter/ebt_stp.ko
  BTF [M] net/bridge/netfilter/ebt_stp.ko
  LD [M]  net/bridge/netfilter/ebt_vlan.ko
  LD [M]  net/bridge/netfilter/ebt_arpreply.ko
  BTF [M] net/bridge/netfilter/ebt_vlan.ko
  BTF [M] net/bridge/netfilter/ebt_arpreply.ko
  LD [M]  net/bridge/netfilter/ebt_mark.ko
  LD [M]  net/bridge/netfilter/ebt_dnat.ko
  BTF [M] net/bridge/netfilter/ebt_mark.ko
  LD [M]  net/bridge/netfilter/ebt_redirect.ko
  BTF [M] net/bridge/netfilter/ebt_dnat.ko
  BTF [M] net/bridge/netfilter/ebt_redirect.ko
  LD [M]  net/bridge/netfilter/ebt_snat.ko
  BTF [M] net/bridge/netfilter/ebt_snat.ko
  LD [M]  net/bridge/netfilter/ebt_log.ko
  BTF [M] net/bridge/netfilter/ebt_log.ko
  LD [M]  net/bridge/netfilter/ebt_nflog.ko
  LD [M]  net/bridge/bridge.ko
  BTF [M] net/bridge/netfilter/ebt_nflog.ko
  LD [M]  net/bridge/br_netfilter.ko
  LD [M]  net/can/can.ko
  BTF [M] net/bridge/br_netfilter.ko
  BTF [M] net/can/can.ko
  LD [M]  net/can/can-raw.ko
  LD [M]  net/can/can-bcm.ko
  BTF [M] net/bridge/bridge.ko
  BTF [M] net/can/can-raw.ko
  BTF [M] net/can/can-bcm.ko
  LD [M]  net/can/can-gw.ko
  LD [M]  net/can/j1939/can-j1939.ko
  BTF [M] net/can/can-gw.ko
  LD [M]  net/can/can-isotp.ko
  LD [M]  net/bluetooth/bluetooth.ko
  BTF [M] net/can/j1939/can-j1939.ko
  BTF [M] net/can/can-isotp.ko
  LD [M]  net/bluetooth/rfcomm/rfcomm.ko
  LD [M]  net/bluetooth/bnep/bnep.ko
  BTF [M] net/bluetooth/rfcomm/rfcomm.ko
  BTF [M] net/bluetooth/bnep/bnep.ko
  LD [M]  net/bluetooth/hidp/hidp.ko
  BTF [M] net/bluetooth/hidp/hidp.ko
  LD [M]  net/sunrpc/sunrpc.ko
  BTF [M] net/bluetooth/bluetooth.ko
  LD [M]  net/sunrpc/auth_gss/auth_rpcgss.ko
  BTF [M] net/sunrpc/auth_gss/auth_rpcgss.ko
  LD [M]  net/sunrpc/auth_gss/rpcsec_gss_krb5.ko
  LD [M]  net/sunrpc/xprtrdma/rpcrdma.ko
  BTF [M] net/sunrpc/auth_gss/rpcsec_gss_krb5.ko
  BTF [M] net/sunrpc/sunrpc.ko
  LD [M]  net/sctp/sctp.ko
  LD [M]  net/sctp/sctp_diag.ko
  BTF [M] net/sctp/sctp_diag.ko
  LD [M]  net/mac80211/mac80211.ko
  BTF [M] net/sunrpc/xprtrdma/rpcrdma.ko
  LD [M]  net/dns_resolver/dns_resolver.ko
  BTF [M] net/dns_resolver/dns_resolver.ko
  BTF [M] net/sctp/sctp.ko
  LD [M]  net/ceph/libceph.ko
  LD [M]  net/openvswitch/openvswitch.ko
  LD [M]  net/openvswitch/vport-vxlan.ko
  BTF [M] net/openvswitch/vport-vxlan.ko
  BTF [M] net/ceph/libceph.ko
  BTF [M] net/openvswitch/openvswitch.ko
  LD [M]  net/openvswitch/vport-geneve.ko
  BTF [M] net/openvswitch/vport-geneve.ko
  LD [M]  net/openvswitch/vport-gre.ko
  LD [M]  net/nsh/nsh.ko
  BTF [M] net/openvswitch/vport-gre.ko
  BTF [M] net/nsh/nsh.ko
  BTF [M] net/mac80211/mac80211.ko
  LD [M]  virt/lib/irqbypass.ko
  BTF [M] virt/lib/irqbypass.ko
